prefix,heat,base,slot,policy,win,missions
C1ctl,-1,0,0,greedy,1,6
C1ctl,-1,0,0,sloppy,1,6
C1ctl,-1,0,1,greedy,1,6
C1ctl,-1,0,1,sloppy,1,6
C1ctl,-1,0,2,greedy,0,2
C1ctl,-1,0,2,sloppy,1,6
C1ctl,-1,0,3,greedy,1,6
C1ctl,-1,0,3,sloppy,1,6
C1ctl,-1,0,4,greedy,0,2
C1ctl,-1,0,4,sloppy,1,6
C1ctl,-1,0,5,greedy,1,6
C1ctl,-1,0,5,sloppy,1,6
C1ctl,-1,0,6,greedy,1,6
C1ctl,-1,0,6,sloppy,1,6
C1ctl,-1,0,7,greedy,1,6
C1ctl,-1,0,7,sloppy,1,6
C1ctl,-1,0,8,greedy,0,3
C1ctl,-1,0,8,sloppy,1,6
C1ctl,-1,0,9,greedy,1,6
C1ctl,-1,0,9,sloppy,1,6
C1ctl,-1,0,10,greedy,0,5
C1ctl,-1,0,10,sloppy,0,1
C1ctl,-1,0,11,greedy,1,6
C1ctl,-1,0,11,sloppy,1,6
C1ctl,-1,0,12,greedy,0,4
C1ctl,-1,0,12,sloppy,1,6
C1ctl,-1,0,13,greedy,1,6
C1ctl,-1,0,13,sloppy,1,6
C1ctl,-1,0,14,greedy,1,6
C1ctl,-1,0,14,sloppy,1,6
C1ctl,-1,0,15,greedy,1,6
C1ctl,-1,0,15,sloppy,1,6
C1ctl,-1,0,16,greedy,0,5
C1ctl,-1,0,16,sloppy,1,6
C1ctl,-1,0,17,greedy,1,6
C1ctl,-1,0,17,sloppy,1,6
C1ctl,-1,0,18,greedy,1,6
C1ctl,-1,0,18,sloppy,1,6
C1ctl,-1,0,19,greedy,0,4
C1ctl,-1,0,19,sloppy,0,4
C1ctl,-1,100,100,greedy,0,5
C1ctl,-1,100,100,sloppy,1,6
C1ctl,-1,100,101,greedy,1,6
C1ctl,-1,100,101,sloppy,1,6
C1ctl,-1,100,102,greedy,0,5
C1ctl,-1,100,102,sloppy,1,6
C1ctl,-1,100,103,greedy,1,6
C1ctl,-1,100,103,sloppy,1,6
C1ctl,-1,100,104,greedy,1,6
C1ctl,-1,100,104,sloppy,0,3
C1ctl,-1,100,105,greedy,1,6
C1ctl,-1,100,105,sloppy,0,4
C1ctl,-1,100,106,greedy,1,6
C1ctl,-1,100,106,sloppy,1,6
C1ctl,-1,100,107,greedy,1,6
C1ctl,-1,100,107,sloppy,1,6
C1ctl,-1,100,108,greedy,1,6
C1ctl,-1,100,108,sloppy,0,3
C1ctl,-1,100,109,greedy,1,6
C1ctl,-1,100,109,sloppy,1,6
C1ctl,-1,100,110,greedy,1,6
C1ctl,-1,100,110,sloppy,1,6
C1ctl,-1,100,111,greedy,0,2
C1ctl,-1,100,111,sloppy,0,5
C1ctl,-1,100,112,greedy,0,5
C1ctl,-1,100,112,sloppy,0,5
C1ctl,-1,100,113,greedy,1,6
C1ctl,-1,100,113,sloppy,1,6
C1ctl,-1,100,114,greedy,1,6
C1ctl,-1,100,114,sloppy,1,6
C1ctl,-1,100,115,greedy,0,2
C1ctl,-1,100,115,sloppy,0,2
C1ctl,-1,100,116,greedy,1,6
C1ctl,-1,100,116,sloppy,1,6
C1ctl,-1,100,117,greedy,0,2
C1ctl,-1,100,117,sloppy,0,2
C1ctl,-1,100,118,greedy,1,6
C1ctl,-1,100,118,sloppy,1,6
C1ctl,-1,100,119,greedy,1,6
C1ctl,-1,100,119,sloppy,1,6
C1ctl,-1,120,120,greedy,1,6
C1ctl,-1,120,120,sloppy,1,6
C1ctl,-1,120,121,greedy,0,1
C1ctl,-1,120,121,sloppy,1,6
C1ctl,-1,120,122,greedy,1,6
C1ctl,-1,120,122,sloppy,0,5
C1ctl,-1,120,123,greedy,1,6
C1ctl,-1,120,123,sloppy,1,6
C1ctl,-1,120,124,greedy,0,5
C1ctl,-1,120,124,sloppy,0,2
C1ctl,-1,120,125,greedy,1,6
C1ctl,-1,120,125,sloppy,1,6
C1ctl,-1,120,126,greedy,1,6
C1ctl,-1,120,126,sloppy,1,6
C1ctl,-1,120,127,greedy,1,6
C1ctl,-1,120,127,sloppy,1,6
C1ctl,-1,120,128,greedy,1,6
C1ctl,-1,120,128,sloppy,0,3
C1ctl,-1,120,129,greedy,1,6
C1ctl,-1,120,129,sloppy,1,6
C1ctl,-1,120,130,greedy,1,6
C1ctl,-1,120,130,sloppy,1,6
C1ctl,-1,120,131,greedy,1,6
C1ctl,-1,120,131,sloppy,1,6
C1ctl,-1,120,132,greedy,1,6
C1ctl,-1,120,132,sloppy,1,6
C1ctl,-1,120,133,greedy,1,6
C1ctl,-1,120,133,sloppy,1,6
C1ctl,-1,120,134,greedy,1,6
C1ctl,-1,120,134,sloppy,1,6
C1ctl,-1,120,135,greedy,1,6
C1ctl,-1,120,135,sloppy,0,5
C1ctl,-1,120,136,greedy,1,6
C1ctl,-1,120,136,sloppy,1,6
C1ctl,-1,120,137,greedy,1,6
C1ctl,-1,120,137,sloppy,1,6
C1ctl,-1,120,138,greedy,0,5
C1ctl,-1,120,138,sloppy,0,5
C1ctl,-1,120,139,greedy,0,2
C1ctl,-1,120,139,sloppy,0,2
C1ctl,-1,140,140,greedy,0,2
C1ctl,-1,140,140,sloppy,1,6
C1ctl,-1,140,141,greedy,0,2
C1ctl,-1,140,141,sloppy,0,2
C1ctl,-1,140,142,greedy,0,3
C1ctl,-1,140,142,sloppy,0,4
C1ctl,-1,140,143,greedy,1,6
C1ctl,-1,140,143,sloppy,1,6
C1ctl,-1,140,144,greedy,1,6
C1ctl,-1,140,144,sloppy,0,3
C1ctl,-1,140,145,greedy,1,6
C1ctl,-1,140,145,sloppy,0,5
C1ctl,-1,140,146,greedy,0,4
C1ctl,-1,140,146,sloppy,1,6
C1ctl,-1,140,147,greedy,1,6
C1ctl,-1,140,147,sloppy,1,6
C1ctl,-1,140,148,greedy,1,6
C1ctl,-1,140,148,sloppy,1,6
C1ctl,-1,140,149,greedy,1,6
C1ctl,-1,140,149,sloppy,1,6
C1ctl,-1,140,150,greedy,1,6
C1ctl,-1,140,150,sloppy,1,6
C1ctl,-1,140,151,greedy,1,6
C1ctl,-1,140,151,sloppy,1,6
C1ctl,-1,140,152,greedy,1,6
C1ctl,-1,140,152,sloppy,1,6
C1ctl,-1,140,153,greedy,1,6
C1ctl,-1,140,153,sloppy,0,5
C1ctl,-1,140,154,greedy,0,4
C1ctl,-1,140,154,sloppy,0,4
C1ctl,-1,140,155,greedy,0,1
C1ctl,-1,140,155,sloppy,1,6
C1ctl,-1,140,156,greedy,1,6
C1ctl,-1,140,156,sloppy,1,6
C1ctl,-1,140,157,greedy,1,6
C1ctl,-1,140,157,sloppy,1,6
C1ctl,-1,140,158,greedy,0,2
C1ctl,-1,140,158,sloppy,0,2
C1ctl,-1,140,159,greedy,0,2
C1ctl,-1,140,159,sloppy,0,2
C1ctl,-1,20,20,greedy,1,6
C1ctl,-1,20,20,sloppy,1,6
C1ctl,-1,20,21,greedy,1,6
C1ctl,-1,20,21,sloppy,0,4
C1ctl,-1,20,22,greedy,1,6
C1ctl,-1,20,22,sloppy,1,6
C1ctl,-1,20,23,greedy,1,6
C1ctl,-1,20,23,sloppy,1,6
C1ctl,-1,20,24,greedy,1,6
C1ctl,-1,20,24,sloppy,1,6
C1ctl,-1,20,25,greedy,1,6
C1ctl,-1,20,25,sloppy,1,6
C1ctl,-1,20,26,greedy,1,6
C1ctl,-1,20,26,sloppy,1,6
C1ctl,-1,20,27,greedy,0,5
C1ctl,-1,20,27,sloppy,1,6
C1ctl,-1,20,28,greedy,1,6
C1ctl,-1,20,28,sloppy,1,6
C1ctl,-1,20,29,greedy,0,3
C1ctl,-1,20,29,sloppy,0,1
C1ctl,-1,20,30,greedy,1,6
C1ctl,-1,20,30,sloppy,1,6
C1ctl,-1,20,31,greedy,1,6
C1ctl,-1,20,31,sloppy,1,6
C1ctl,-1,20,32,greedy,0,4
C1ctl,-1,20,32,sloppy,0,5
C1ctl,-1,20,33,greedy,0,4
C1ctl,-1,20,33,sloppy,1,6
C1ctl,-1,20,34,greedy,0,4
C1ctl,-1,20,34,sloppy,1,6
C1ctl,-1,20,35,greedy,0,2
C1ctl,-1,20,35,sloppy,0,2
C1ctl,-1,20,36,greedy,0,2
C1ctl,-1,20,36,sloppy,0,2
C1ctl,-1,20,37,greedy,1,6
C1ctl,-1,20,37,sloppy,1,6
C1ctl,-1,20,38,greedy,1,6
C1ctl,-1,20,38,sloppy,1,6
C1ctl,-1,20,39,greedy,1,6
C1ctl,-1,20,39,sloppy,0,2
C1ctl,-1,40,40,greedy,1,6
C1ctl,-1,40,40,sloppy,0,5
C1ctl,-1,40,41,greedy,1,6
C1ctl,-1,40,41,sloppy,1,6
C1ctl,-1,40,42,greedy,1,6
C1ctl,-1,40,42,sloppy,0,4
C1ctl,-1,40,43,greedy,1,6
C1ctl,-1,40,43,sloppy,0,4
C1ctl,-1,40,44,greedy,1,6
C1ctl,-1,40,44,sloppy,0,5
C1ctl,-1,40,45,greedy,1,6
C1ctl,-1,40,45,sloppy,1,6
C1ctl,-1,40,46,greedy,1,6
C1ctl,-1,40,46,sloppy,1,6
C1ctl,-1,40,47,greedy,1,6
C1ctl,-1,40,47,sloppy,1,6
C1ctl,-1,40,48,greedy,1,6
C1ctl,-1,40,48,sloppy,1,6
C1ctl,-1,40,49,greedy,1,6
C1ctl,-1,40,49,sloppy,0,3
C1ctl,-1,40,50,greedy,1,6
C1ctl,-1,40,50,sloppy,0,4
C1ctl,-1,40,51,greedy,1,6
C1ctl,-1,40,51,sloppy,1,6
C1ctl,-1,40,52,greedy,0,5
C1ctl,-1,40,52,sloppy,1,6
C1ctl,-1,40,53,greedy,1,6
C1ctl,-1,40,53,sloppy,0,3
C1ctl,-1,40,54,greedy,1,6
C1ctl,-1,40,54,sloppy,0,5
C1ctl,-1,40,55,greedy,1,6
C1ctl,-1,40,55,sloppy,1,6
C1ctl,-1,40,56,greedy,0,5
C1ctl,-1,40,56,sloppy,1,6
C1ctl,-1,40,57,greedy,1,6
C1ctl,-1,40,57,sloppy,1,6
C1ctl,-1,40,58,greedy,1,6
C1ctl,-1,40,58,sloppy,1,6
C1ctl,-1,40,59,greedy,1,6
C1ctl,-1,40,59,sloppy,1,6
C1ctl,-1,60,60,greedy,1,6
C1ctl,-1,60,60,sloppy,1,6
C1ctl,-1,60,61,greedy,1,6
C1ctl,-1,60,61,sloppy,0,5
C1ctl,-1,60,62,greedy,1,6
C1ctl,-1,60,62,sloppy,1,6
C1ctl,-1,60,63,greedy,1,6
C1ctl,-1,60,63,sloppy,1,6
C1ctl,-1,60,64,greedy,1,6
C1ctl,-1,60,64,sloppy,0,2
C1ctl,-1,60,65,greedy,0,1
C1ctl,-1,60,65,sloppy,1,6
C1ctl,-1,60,66,greedy,0,3
C1ctl,-1,60,66,sloppy,1,6
C1ctl,-1,60,67,greedy,1,6
C1ctl,-1,60,67,sloppy,0,4
C1ctl,-1,60,68,greedy,1,6
C1ctl,-1,60,68,sloppy,1,6
C1ctl,-1,60,69,greedy,1,6
C1ctl,-1,60,69,sloppy,1,6
C1ctl,-1,60,70,greedy,0,4
C1ctl,-1,60,70,sloppy,0,4
C1ctl,-1,60,71,greedy,1,6
C1ctl,-1,60,71,sloppy,0,5
C1ctl,-1,60,72,greedy,1,6
C1ctl,-1,60,72,sloppy,0,4
C1ctl,-1,60,73,greedy,1,6
C1ctl,-1,60,73,sloppy,0,5
C1ctl,-1,60,74,greedy,1,6
C1ctl,-1,60,74,sloppy,0,2
C1ctl,-1,60,75,greedy,1,6
C1ctl,-1,60,75,sloppy,1,6
C1ctl,-1,60,76,greedy,1,6
C1ctl,-1,60,76,sloppy,0,2
C1ctl,-1,60,77,greedy,1,6
C1ctl,-1,60,77,sloppy,1,6
C1ctl,-1,60,78,greedy,1,6
C1ctl,-1,60,78,sloppy,1,6
C1ctl,-1,60,79,greedy,0,3
C1ctl,-1,60,79,sloppy,0,3
C1ctl,-1,80,80,greedy,1,6
C1ctl,-1,80,80,sloppy,1,6
C1ctl,-1,80,81,greedy,0,3
C1ctl,-1,80,81,sloppy,1,6
C1ctl,-1,80,82,greedy,1,6
C1ctl,-1,80,82,sloppy,0,3
C1ctl,-1,80,83,greedy,1,6
C1ctl,-1,80,83,sloppy,1,6
C1ctl,-1,80,84,greedy,0,5
C1ctl,-1,80,84,sloppy,1,6
C1ctl,-1,80,85,greedy,0,5
C1ctl,-1,80,85,sloppy,1,6
C1ctl,-1,80,86,greedy,1,6
C1ctl,-1,80,86,sloppy,1,6
C1ctl,-1,80,87,greedy,0,1
C1ctl,-1,80,87,sloppy,0,1
C1ctl,-1,80,88,greedy,0,2
C1ctl,-1,80,88,sloppy,0,2
C1ctl,-1,80,89,greedy,0,4
C1ctl,-1,80,89,sloppy,1,6
C1ctl,-1,80,90,greedy,1,6
C1ctl,-1,80,90,sloppy,0,1
C1ctl,-1,80,91,greedy,1,6
C1ctl,-1,80,91,sloppy,1,6
C1ctl,-1,80,92,greedy,1,6
C1ctl,-1,80,92,sloppy,1,6
C1ctl,-1,80,93,greedy,1,6
C1ctl,-1,80,93,sloppy,1,6
C1ctl,-1,80,94,greedy,1,6
C1ctl,-1,80,94,sloppy,1,6
C1ctl,-1,80,95,greedy,1,6
C1ctl,-1,80,95,sloppy,1,6
C1ctl,-1,80,96,greedy,1,6
C1ctl,-1,80,96,sloppy,0,5
C1ctl,-1,80,97,greedy,1,6
C1ctl,-1,80,97,sloppy,1,6
C1ctl,-1,80,98,greedy,1,6
C1ctl,-1,80,98,sloppy,1,6
C1ctl,-1,80,99,greedy,1,6
C1ctl,-1,80,99,sloppy,1,6
C1ctl,0,0,0,greedy,1,6
C1ctl,0,0,0,sloppy,0,4
C1ctl,0,0,1,greedy,1,6
C1ctl,0,0,1,sloppy,1,6
C1ctl,0,0,2,greedy,0,2
C1ctl,0,0,2,sloppy,0,3
C1ctl,0,0,3,greedy,0,5
C1ctl,0,0,3,sloppy,1,6
C1ctl,0,0,4,greedy,0,5
C1ctl,0,0,4,sloppy,0,3
C1ctl,0,0,5,greedy,1,6
C1ctl,0,0,5,sloppy,1,6
C1ctl,0,0,6,greedy,1,6
C1ctl,0,0,6,sloppy,1,6
C1ctl,0,0,7,greedy,0,5
C1ctl,0,0,7,sloppy,1,6
C1ctl,0,0,8,greedy,0,2
C1ctl,0,0,8,sloppy,0,3
C1ctl,0,0,9,greedy,1,6
C1ctl,0,0,9,sloppy,1,6
C1ctl,0,0,10,greedy,0,1
C1ctl,0,0,10,sloppy,0,4
C1ctl,0,0,11,greedy,0,5
C1ctl,0,0,11,sloppy,0,3
C1ctl,0,0,12,greedy,0,5
C1ctl,0,0,12,sloppy,0,0
C1ctl,0,0,13,greedy,1,6
C1ctl,0,0,13,sloppy,1,6
C1ctl,0,0,14,greedy,0,3
C1ctl,0,0,14,sloppy,0,0
C1ctl,0,0,15,greedy,0,1
C1ctl,0,0,15,sloppy,1,6
C1ctl,0,0,16,greedy,0,1
C1ctl,0,0,16,sloppy,1,6
C1ctl,0,0,17,greedy,1,6
C1ctl,0,0,17,sloppy,1,6
C1ctl,0,0,18,greedy,1,6
C1ctl,0,0,18,sloppy,1,6
C1ctl,0,0,19,greedy,0,4
C1ctl,0,0,19,sloppy,1,6
C1ctl,0,100,100,greedy,0,4
C1ctl,0,100,100,sloppy,0,4
C1ctl,0,100,101,greedy,1,6
C1ctl,0,100,101,sloppy,1,6
C1ctl,0,100,102,greedy,0,4
C1ctl,0,100,102,sloppy,0,4
C1ctl,0,100,103,greedy,1,6
C1ctl,0,100,103,sloppy,0,3
C1ctl,0,100,104,greedy,0,3
C1ctl,0,100,104,sloppy,0,3
C1ctl,0,100,105,greedy,1,6
C1ctl,0,100,105,sloppy,0,0
C1ctl,0,100,106,greedy,0,1
C1ctl,0,100,106,sloppy,1,6
C1ctl,0,100,107,greedy,1,6
C1ctl,0,100,107,sloppy,0,3
C1ctl,0,100,108,greedy,1,6
C1ctl,0,100,108,sloppy,0,3
C1ctl,0,100,109,greedy,1,6
C1ctl,0,100,109,sloppy,1,6
C1ctl,0,100,110,greedy,0,0
C1ctl,0,100,110,sloppy,0,1
C1ctl,0,100,111,greedy,0,2
C1ctl,0,100,111,sloppy,1,6
C1ctl,0,100,112,greedy,0,0
C1ctl,0,100,112,sloppy,0,0
C1ctl,0,100,113,greedy,1,6
C1ctl,0,100,113,sloppy,0,4
C1ctl,0,100,114,greedy,1,6
C1ctl,0,100,114,sloppy,1,6
C1ctl,0,100,115,greedy,0,2
C1ctl,0,100,115,sloppy,0,2
C1ctl,0,100,116,greedy,0,1
C1ctl,0,100,116,sloppy,0,1
C1ctl,0,100,117,greedy,1,6
C1ctl,0,100,117,sloppy,0,2
C1ctl,0,100,118,greedy,1,6
C1ctl,0,100,118,sloppy,1,6
C1ctl,0,100,119,greedy,1,6
C1ctl,0,100,119,sloppy,1,6
C1ctl,0,120,120,greedy,1,6
C1ctl,0,120,120,sloppy,1,6
C1ctl,0,120,121,greedy,0,0
C1ctl,0,120,121,sloppy,1,6
C1ctl,0,120,122,greedy,1,6
C1ctl,0,120,122,sloppy,0,2
C1ctl,0,120,123,greedy,1,6
C1ctl,0,120,123,sloppy,1,6
C1ctl,0,120,124,greedy,0,5
C1ctl,0,120,124,sloppy,0,4
C1ctl,0,120,125,greedy,0,1
C1ctl,0,120,125,sloppy,0,3
C1ctl,0,120,126,greedy,0,4
C1ctl,0,120,126,sloppy,1,6
C1ctl,0,120,127,greedy,1,6
C1ctl,0,120,127,sloppy,0,4
C1ctl,0,120,128,greedy,0,3
C1ctl,0,120,128,sloppy,0,3
C1ctl,0,120,129,greedy,1,6
C1ctl,0,120,129,sloppy,1,6
C1ctl,0,120,130,greedy,0,2
C1ctl,0,120,130,sloppy,0,2
C1ctl,0,120,131,greedy,1,6
C1ctl,0,120,131,sloppy,1,6
C1ctl,0,120,132,greedy,0,1
C1ctl,0,120,132,sloppy,1,6
C1ctl,0,120,133,greedy,1,6
C1ctl,0,120,133,sloppy,0,5
C1ctl,0,120,134,greedy,0,4
C1ctl,0,120,134,sloppy,1,6
C1ctl,0,120,135,greedy,0,5
C1ctl,0,120,135,sloppy,1,6
C1ctl,0,120,136,greedy,0,4
C1ctl,0,120,136,sloppy,0,4
C1ctl,0,120,137,greedy,1,6
C1ctl,0,120,137,sloppy,1,6
C1ctl,0,120,138,greedy,0,4
C1ctl,0,120,138,sloppy,0,4
C1ctl,0,120,139,greedy,1,6
C1ctl,0,120,139,sloppy,0,2
C1ctl,0,140,140,greedy,0,5
C1ctl,0,140,140,sloppy,0,1
C1ctl,0,140,141,greedy,0,2
C1ctl,0,140,141,sloppy,0,2
C1ctl,0,140,142,greedy,0,3
C1ctl,0,140,142,sloppy,0,3
C1ctl,0,140,143,greedy,0,4
C1ctl,0,140,143,sloppy,1,6
C1ctl,0,140,144,greedy,0,5
C1ctl,0,140,144,sloppy,0,5
C1ctl,0,140,145,greedy,0,3
C1ctl,0,140,145,sloppy,0,3
C1ctl,0,140,146,greedy,0,1
C1ctl,0,140,146,sloppy,0,1
C1ctl,0,140,147,greedy,1,6
C1ctl,0,140,147,sloppy,0,1
C1ctl,0,140,148,greedy,0,5
C1ctl,0,140,148,sloppy,1,6
C1ctl,0,140,149,greedy,1,6
C1ctl,0,140,149,sloppy,1,6
C1ctl,0,140,150,greedy,0,1
C1ctl,0,140,150,sloppy,1,6
C1ctl,0,140,151,greedy,0,5
C1ctl,0,140,151,sloppy,1,6
C1ctl,0,140,152,greedy,1,6
C1ctl,0,140,152,sloppy,1,6
C1ctl,0,140,153,greedy,0,4
C1ctl,0,140,153,sloppy,0,4
C1ctl,0,140,154,greedy,0,4
C1ctl,0,140,154,sloppy,0,5
C1ctl,0,140,155,greedy,1,6
C1ctl,0,140,155,sloppy,1,6
C1ctl,0,140,156,greedy,1,6
C1ctl,0,140,156,sloppy,0,0
C1ctl,0,140,157,greedy,1,6
C1ctl,0,140,157,sloppy,1,6
C1ctl,0,140,158,greedy,0,2
C1ctl,0,140,158,sloppy,0,2
C1ctl,0,140,159,greedy,1,6
C1ctl,0,140,159,sloppy,1,6
C1ctl,0,20,20,greedy,0,2
C1ctl,0,20,20,sloppy,0,4
C1ctl,0,20,21,greedy,0,4
C1ctl,0,20,21,sloppy,0,4
C1ctl,0,20,22,greedy,0,4
C1ctl,0,20,22,sloppy,1,6
C1ctl,0,20,23,greedy,0,5
C1ctl,0,20,23,sloppy,1,6
C1ctl,0,20,24,greedy,0,5
C1ctl,0,20,24,sloppy,0,0
C1ctl,0,20,25,greedy,1,6
C1ctl,0,20,25,sloppy,0,5
C1ctl,0,20,26,greedy,0,2
C1ctl,0,20,26,sloppy,0,2
C1ctl,0,20,27,greedy,0,5
C1ctl,0,20,27,sloppy,1,6
C1ctl,0,20,28,greedy,1,6
C1ctl,0,20,28,sloppy,1,6
C1ctl,0,20,29,greedy,0,3
C1ctl,0,20,29,sloppy,0,1
C1ctl,0,20,30,greedy,0,5
C1ctl,0,20,30,sloppy,1,6
C1ctl,0,20,31,greedy,1,6
C1ctl,0,20,31,sloppy,1,6
C1ctl,0,20,32,greedy,1,6
C1ctl,0,20,32,sloppy,0,4
C1ctl,0,20,33,greedy,0,0
C1ctl,0,20,33,sloppy,0,2
C1ctl,0,20,34,greedy,0,4
C1ctl,0,20,34,sloppy,1,6
C1ctl,0,20,35,greedy,0,2
C1ctl,0,20,35,sloppy,0,3
C1ctl,0,20,36,greedy,0,2
C1ctl,0,20,36,sloppy,0,2
C1ctl,0,20,37,greedy,1,6
C1ctl,0,20,37,sloppy,0,1
C1ctl,0,20,38,greedy,1,6
C1ctl,0,20,38,sloppy,1,6
C1ctl,0,20,39,greedy,0,3
C1ctl,0,20,39,sloppy,0,4
C1ctl,0,40,40,greedy,0,5
C1ctl,0,40,40,sloppy,1,6
C1ctl,0,40,41,greedy,1,6
C1ctl,0,40,41,sloppy,0,5
C1ctl,0,40,42,greedy,1,6
C1ctl,0,40,42,sloppy,0,0
C1ctl,0,40,43,greedy,0,2
C1ctl,0,40,43,sloppy,0,2
C1ctl,0,40,44,greedy,1,6
C1ctl,0,40,44,sloppy,1,6
C1ctl,0,40,45,greedy,0,1
C1ctl,0,40,45,sloppy,0,1
C1ctl,0,40,46,greedy,0,0
C1ctl,0,40,46,sloppy,0,0
C1ctl,0,40,47,greedy,1,6
C1ctl,0,40,47,sloppy,0,5
C1ctl,0,40,48,greedy,0,2
C1ctl,0,40,48,sloppy,0,2
C1ctl,0,40,49,greedy,1,6
C1ctl,0,40,49,sloppy,0,5
C1ctl,0,40,50,greedy,0,4
C1ctl,0,40,50,sloppy,0,4
C1ctl,0,40,51,greedy,1,6
C1ctl,0,40,51,sloppy,1,6
C1ctl,0,40,52,greedy,1,6
C1ctl,0,40,52,sloppy,0,1
C1ctl,0,40,53,greedy,1,6
C1ctl,0,40,53,sloppy,0,3
C1ctl,0,40,54,greedy,1,6
C1ctl,0,40,54,sloppy,1,6
C1ctl,0,40,55,greedy,1,6
C1ctl,0,40,55,sloppy,1,6
C1ctl,0,40,56,greedy,1,6
C1ctl,0,40,56,sloppy,1,6
C1ctl,0,40,57,greedy,0,5
C1ctl,0,40,57,sloppy,1,6
C1ctl,0,40,58,greedy,0,4
C1ctl,0,40,58,sloppy,0,2
C1ctl,0,40,59,greedy,1,6
C1ctl,0,40,59,sloppy,1,6
C1ctl,0,60,60,greedy,1,6
C1ctl,0,60,60,sloppy,1,6
C1ctl,0,60,61,greedy,1,6
C1ctl,0,60,61,sloppy,0,5
C1ctl,0,60,62,greedy,1,6
C1ctl,0,60,62,sloppy,1,6
C1ctl,0,60,63,greedy,0,3
C1ctl,0,60,63,sloppy,0,3
C1ctl,0,60,64,greedy,0,4
C1ctl,0,60,64,sloppy,0,1
C1ctl,0,60,65,greedy,1,6
C1ctl,0,60,65,sloppy,1,6
C1ctl,0,60,66,greedy,0,3
C1ctl,0,60,66,sloppy,0,3
C1ctl,0,60,67,greedy,0,4
C1ctl,0,60,67,sloppy,0,4
C1ctl,0,60,68,greedy,1,6
C1ctl,0,60,68,sloppy,0,3
C1ctl,0,60,69,greedy,0,5
C1ctl,0,60,69,sloppy,1,6
C1ctl,0,60,70,greedy,1,6
C1ctl,0,60,70,sloppy,0,4
C1ctl,0,60,71,greedy,1,6
C1ctl,0,60,71,sloppy,0,4
C1ctl,0,60,72,greedy,0,4
C1ctl,0,60,72,sloppy,0,4
C1ctl,0,60,73,greedy,1,6
C1ctl,0,60,73,sloppy,0,3
C1ctl,0,60,74,greedy,1,6
C1ctl,0,60,74,sloppy,0,2
C1ctl,0,60,75,greedy,1,6
C1ctl,0,60,75,sloppy,1,6
C1ctl,0,60,76,greedy,1,6
C1ctl,0,60,76,sloppy,1,6
C1ctl,0,60,77,greedy,0,1
C1ctl,0,60,77,sloppy,1,6
C1ctl,0,60,78,greedy,1,6
C1ctl,0,60,78,sloppy,1,6
C1ctl,0,60,79,greedy,1,6
C1ctl,0,60,79,sloppy,1,6
C1ctl,0,80,80,greedy,0,5
C1ctl,0,80,80,sloppy,0,2
C1ctl,0,80,81,greedy,0,2
C1ctl,0,80,81,sloppy,0,3
C1ctl,0,80,82,greedy,0,4
C1ctl,0,80,82,sloppy,0,5
C1ctl,0,80,83,greedy,1,6
C1ctl,0,80,83,sloppy,0,5
C1ctl,0,80,84,greedy,0,5
C1ctl,0,80,84,sloppy,1,6
C1ctl,0,80,85,greedy,0,3
C1ctl,0,80,85,sloppy,0,3
C1ctl,0,80,86,greedy,0,1
C1ctl,0,80,86,sloppy,1,6
C1ctl,0,80,87,greedy,0,1
C1ctl,0,80,87,sloppy,0,1
C1ctl,0,80,88,greedy,0,2
C1ctl,0,80,88,sloppy,1,6
C1ctl,0,80,89,greedy,0,1
C1ctl,0,80,89,sloppy,1,6
C1ctl,0,80,90,greedy,0,5
C1ctl,0,80,90,sloppy,1,6
C1ctl,0,80,91,greedy,1,6
C1ctl,0,80,91,sloppy,0,4
C1ctl,0,80,92,greedy,1,6
C1ctl,0,80,92,sloppy,0,2
C1ctl,0,80,93,greedy,0,5
C1ctl,0,80,93,sloppy,1,6
C1ctl,0,80,94,greedy,0,4
C1ctl,0,80,94,sloppy,0,4
C1ctl,0,80,95,greedy,1,6
C1ctl,0,80,95,sloppy,1,6
C1ctl,0,80,96,greedy,1,6
C1ctl,0,80,96,sloppy,0,4
C1ctl,0,80,97,greedy,1,6
C1ctl,0,80,97,sloppy,0,2
C1ctl,0,80,98,greedy,0,3
C1ctl,0,80,98,sloppy,0,2
C1ctl,0,80,99,greedy,0,4
C1ctl,0,80,99,sloppy,0,5
C1ctl,1,0,0,greedy,1,6
C1ctl,1,0,0,sloppy,0,4
C1ctl,1,0,1,greedy,0,4
C1ctl,1,0,1,sloppy,0,4
C1ctl,1,0,2,greedy,0,2
C1ctl,1,0,2,sloppy,1,6
C1ctl,1,0,3,greedy,1,6
C1ctl,1,0,3,sloppy,1,6
C1ctl,1,0,4,greedy,0,4
C1ctl,1,0,4,sloppy,0,3
C1ctl,1,0,5,greedy,1,6
C1ctl,1,0,5,sloppy,1,6
C1ctl,1,0,6,greedy,0,5
C1ctl,1,0,6,sloppy,0,5
C1ctl,1,0,7,greedy,1,6
C1ctl,1,0,7,sloppy,1,6
C1ctl,1,0,8,greedy,0,3
C1ctl,1,0,8,sloppy,0,2
C1ctl,1,0,9,greedy,1,6
C1ctl,1,0,9,sloppy,1,6
C1ctl,1,0,10,greedy,0,4
C1ctl,1,0,10,sloppy,0,1
C1ctl,1,0,11,greedy,1,6
C1ctl,1,0,11,sloppy,0,3
C1ctl,1,0,12,greedy,0,1
C1ctl,1,0,12,sloppy,0,0
C1ctl,1,0,13,greedy,0,3
C1ctl,1,0,13,sloppy,0,3
C1ctl,1,0,14,greedy,1,6
C1ctl,1,0,14,sloppy,0,0
C1ctl,1,0,15,greedy,0,1
C1ctl,1,0,15,sloppy,1,6
C1ctl,1,0,16,greedy,0,1
C1ctl,1,0,16,sloppy,1,6
C1ctl,1,0,17,greedy,1,6
C1ctl,1,0,17,sloppy,1,6
C1ctl,1,0,18,greedy,1,6
C1ctl,1,0,18,sloppy,1,6
C1ctl,1,0,19,greedy,0,4
C1ctl,1,0,19,sloppy,0,4
C1ctl,1,100,100,greedy,0,4
C1ctl,1,100,100,sloppy,1,6
C1ctl,1,100,101,greedy,0,4
C1ctl,1,100,101,sloppy,1,6
C1ctl,1,100,102,greedy,0,4
C1ctl,1,100,102,sloppy,0,4
C1ctl,1,100,103,greedy,0,5
C1ctl,1,100,103,sloppy,0,3
C1ctl,1,100,104,greedy,0,3
C1ctl,1,100,104,sloppy,0,3
C1ctl,1,100,105,greedy,1,6
C1ctl,1,100,105,sloppy,0,0
C1ctl,1,100,106,greedy,0,1
C1ctl,1,100,106,sloppy,1,6
C1ctl,1,100,107,greedy,1,6
C1ctl,1,100,107,sloppy,0,5
C1ctl,1,100,108,greedy,0,2
C1ctl,1,100,108,sloppy,0,2
C1ctl,1,100,109,greedy,0,4
C1ctl,1,100,109,sloppy,0,2
C1ctl,1,100,110,greedy,0,0
C1ctl,1,100,110,sloppy,0,1
C1ctl,1,100,111,greedy,0,2
C1ctl,1,100,111,sloppy,0,2
C1ctl,1,100,112,greedy,0,0
C1ctl,1,100,112,sloppy,0,0
C1ctl,1,100,113,greedy,0,5
C1ctl,1,100,113,sloppy,0,4
C1ctl,1,100,114,greedy,1,6
C1ctl,1,100,114,sloppy,1,6
C1ctl,1,100,115,greedy,0,2
C1ctl,1,100,115,sloppy,0,5
C1ctl,1,100,116,greedy,0,1
C1ctl,1,100,116,sloppy,0,1
C1ctl,1,100,117,greedy,0,2
C1ctl,1,100,117,sloppy,0,2
C1ctl,1,100,118,greedy,0,2
C1ctl,1,100,118,sloppy,0,5
C1ctl,1,100,119,greedy,1,6
C1ctl,1,100,119,sloppy,0,2
C1ctl,1,120,120,greedy,1,6
C1ctl,1,120,120,sloppy,1,6
C1ctl,1,120,121,greedy,0,0
C1ctl,1,120,121,sloppy,0,4
C1ctl,1,120,122,greedy,0,5
C1ctl,1,120,122,sloppy,0,5
C1ctl,1,120,123,greedy,1,6
C1ctl,1,120,123,sloppy,0,3
C1ctl,1,120,124,greedy,0,2
C1ctl,1,120,124,sloppy,1,6
C1ctl,1,120,125,greedy,0,2
C1ctl,1,120,125,sloppy,0,1
C1ctl,1,120,126,greedy,1,6
C1ctl,1,120,126,sloppy,0,4
C1ctl,1,120,127,greedy,0,4
C1ctl,1,120,127,sloppy,1,6
C1ctl,1,120,128,greedy,0,3
C1ctl,1,120,128,sloppy,0,3
C1ctl,1,120,129,greedy,0,5
C1ctl,1,120,129,sloppy,1,6
C1ctl,1,120,130,greedy,0,2
C1ctl,1,120,130,sloppy,0,2
C1ctl,1,120,131,greedy,1,6
C1ctl,1,120,131,sloppy,1,6
C1ctl,1,120,132,greedy,0,1
C1ctl,1,120,132,sloppy,0,3
C1ctl,1,120,133,greedy,0,5
C1ctl,1,120,133,sloppy,0,5
C1ctl,1,120,134,greedy,0,5
C1ctl,1,120,134,sloppy,1,6
C1ctl,1,120,135,greedy,0,5
C1ctl,1,120,135,sloppy,1,6
C1ctl,1,120,136,greedy,1,6
C1ctl,1,120,136,sloppy,0,5
C1ctl,1,120,137,greedy,0,5
C1ctl,1,120,137,sloppy,1,6
C1ctl,1,120,138,greedy,0,5
C1ctl,1,120,138,sloppy,0,4
C1ctl,1,120,139,greedy,0,2
C1ctl,1,120,139,sloppy,0,3
C1ctl,1,140,140,greedy,0,2
C1ctl,1,140,140,sloppy,0,1
C1ctl,1,140,141,greedy,0,2
C1ctl,1,140,141,sloppy,0,2
C1ctl,1,140,142,greedy,1,6
C1ctl,1,140,142,sloppy,0,3
C1ctl,1,140,143,greedy,1,6
C1ctl,1,140,143,sloppy,1,6
C1ctl,1,140,144,greedy,0,1
C1ctl,1,140,144,sloppy,1,6
C1ctl,1,140,145,greedy,0,5
C1ctl,1,140,145,sloppy,1,6
C1ctl,1,140,146,greedy,0,1
C1ctl,1,140,146,sloppy,0,1
C1ctl,1,140,147,greedy,1,6
C1ctl,1,140,147,sloppy,0,1
C1ctl,1,140,148,greedy,1,6
C1ctl,1,140,148,sloppy,0,5
C1ctl,1,140,149,greedy,1,6
C1ctl,1,140,149,sloppy,1,6
C1ctl,1,140,150,greedy,0,1
C1ctl,1,140,150,sloppy,1,6
C1ctl,1,140,151,greedy,1,6
C1ctl,1,140,151,sloppy,0,5
C1ctl,1,140,152,greedy,1,6
C1ctl,1,140,152,sloppy,0,1
C1ctl,1,140,153,greedy,0,5
C1ctl,1,140,153,sloppy,0,5
C1ctl,1,140,154,greedy,0,4
C1ctl,1,140,154,sloppy,1,6
C1ctl,1,140,155,greedy,0,5
C1ctl,1,140,155,sloppy,0,5
C1ctl,1,140,156,greedy,1,6
C1ctl,1,140,156,sloppy,0,0
C1ctl,1,140,157,greedy,1,6
C1ctl,1,140,157,sloppy,1,6
C1ctl,1,140,158,greedy,0,2
C1ctl,1,140,158,sloppy,0,4
C1ctl,1,140,159,greedy,1,6
C1ctl,1,140,159,sloppy,0,5
C1ctl,1,20,20,greedy,0,4
C1ctl,1,20,20,sloppy,1,6
C1ctl,1,20,21,greedy,1,6
C1ctl,1,20,21,sloppy,1,6
C1ctl,1,20,22,greedy,0,3
C1ctl,1,20,22,sloppy,1,6
C1ctl,1,20,23,greedy,1,6
C1ctl,1,20,23,sloppy,1,6
C1ctl,1,20,24,greedy,0,5
C1ctl,1,20,24,sloppy,0,0
C1ctl,1,20,25,greedy,0,5
C1ctl,1,20,25,sloppy,0,5
C1ctl,1,20,26,greedy,0,5
C1ctl,1,20,26,sloppy,1,6
C1ctl,1,20,27,greedy,0,5
C1ctl,1,20,27,sloppy,1,6
C1ctl,1,20,28,greedy,0,5
C1ctl,1,20,28,sloppy,0,4
C1ctl,1,20,29,greedy,0,3
C1ctl,1,20,29,sloppy,0,1
C1ctl,1,20,30,greedy,1,6
C1ctl,1,20,30,sloppy,1,6
C1ctl,1,20,31,greedy,0,5
C1ctl,1,20,31,sloppy,1,6
C1ctl,1,20,32,greedy,1,6
C1ctl,1,20,32,sloppy,1,6
C1ctl,1,20,33,greedy,0,0
C1ctl,1,20,33,sloppy,0,4
C1ctl,1,20,34,greedy,1,6
C1ctl,1,20,34,sloppy,0,4
C1ctl,1,20,35,greedy,0,2
C1ctl,1,20,35,sloppy,0,2
C1ctl,1,20,36,greedy,0,2
C1ctl,1,20,36,sloppy,0,2
C1ctl,1,20,37,greedy,0,1
C1ctl,1,20,37,sloppy,0,1
C1ctl,1,20,38,greedy,1,6
C1ctl,1,20,38,sloppy,1,6
C1ctl,1,20,39,greedy,1,6
C1ctl,1,20,39,sloppy,0,4
C1ctl,1,40,40,greedy,1,6
C1ctl,1,40,40,sloppy,1,6
C1ctl,1,40,41,greedy,1,6
C1ctl,1,40,41,sloppy,0,3
C1ctl,1,40,42,greedy,1,6
C1ctl,1,40,42,sloppy,0,0
C1ctl,1,40,43,greedy,0,2
C1ctl,1,40,43,sloppy,0,2
C1ctl,1,40,44,greedy,0,3
C1ctl,1,40,44,sloppy,0,3
C1ctl,1,40,45,greedy,0,1
C1ctl,1,40,45,sloppy,0,1
C1ctl,1,40,46,greedy,0,0
C1ctl,1,40,46,sloppy,0,0
C1ctl,1,40,47,greedy,1,6
C1ctl,1,40,47,sloppy,1,6
C1ctl,1,40,48,greedy,0,2
C1ctl,1,40,48,sloppy,0,2
C1ctl,1,40,49,greedy,1,6
C1ctl,1,40,49,sloppy,1,6
C1ctl,1,40,50,greedy,1,6
C1ctl,1,40,50,sloppy,0,4
C1ctl,1,40,51,greedy,0,4
C1ctl,1,40,51,sloppy,0,5
C1ctl,1,40,52,greedy,1,6
C1ctl,1,40,52,sloppy,0,1
C1ctl,1,40,53,greedy,1,6
C1ctl,1,40,53,sloppy,0,3
C1ctl,1,40,54,greedy,0,5
C1ctl,1,40,54,sloppy,1,6
C1ctl,1,40,55,greedy,1,6
C1ctl,1,40,55,sloppy,1,6
C1ctl,1,40,56,greedy,0,5
C1ctl,1,40,56,sloppy,1,6
C1ctl,1,40,57,greedy,1,6
C1ctl,1,40,57,sloppy,1,6
C1ctl,1,40,58,greedy,0,2
C1ctl,1,40,58,sloppy,0,2
C1ctl,1,40,59,greedy,1,6
C1ctl,1,40,59,sloppy,0,5
C1ctl,1,60,60,greedy,1,6
C1ctl,1,60,60,sloppy,1,6
C1ctl,1,60,61,greedy,0,2
C1ctl,1,60,61,sloppy,1,6
C1ctl,1,60,62,greedy,0,4
C1ctl,1,60,62,sloppy,1,6
C1ctl,1,60,63,greedy,0,5
C1ctl,1,60,63,sloppy,0,3
C1ctl,1,60,64,greedy,0,5
C1ctl,1,60,64,sloppy,0,1
C1ctl,1,60,65,greedy,0,5
C1ctl,1,60,65,sloppy,1,6
C1ctl,1,60,66,greedy,0,1
C1ctl,1,60,66,sloppy,1,6
C1ctl,1,60,67,greedy,0,4
C1ctl,1,60,67,sloppy,0,4
C1ctl,1,60,68,greedy,0,3
C1ctl,1,60,68,sloppy,0,3
C1ctl,1,60,69,greedy,1,6
C1ctl,1,60,69,sloppy,1,6
C1ctl,1,60,70,greedy,0,4
C1ctl,1,60,70,sloppy,0,4
C1ctl,1,60,71,greedy,1,6
C1ctl,1,60,71,sloppy,1,6
C1ctl,1,60,72,greedy,0,4
C1ctl,1,60,72,sloppy,0,4
C1ctl,1,60,73,greedy,0,3
C1ctl,1,60,73,sloppy,0,5
C1ctl,1,60,74,greedy,0,2
C1ctl,1,60,74,sloppy,1,6
C1ctl,1,60,75,greedy,1,6
C1ctl,1,60,75,sloppy,1,6
C1ctl,1,60,76,greedy,0,5
C1ctl,1,60,76,sloppy,1,6
C1ctl,1,60,77,greedy,0,4
C1ctl,1,60,77,sloppy,0,5
C1ctl,1,60,78,greedy,0,5
C1ctl,1,60,78,sloppy,0,5
C1ctl,1,60,79,greedy,1,6
C1ctl,1,60,79,sloppy,1,6
C1ctl,1,80,80,greedy,1,6
C1ctl,1,80,80,sloppy,0,2
C1ctl,1,80,81,greedy,0,2
C1ctl,1,80,81,sloppy,0,3
C1ctl,1,80,82,greedy,0,2
C1ctl,1,80,82,sloppy,0,3
C1ctl,1,80,83,greedy,1,6
C1ctl,1,80,83,sloppy,0,5
C1ctl,1,80,84,greedy,1,6
C1ctl,1,80,84,sloppy,0,5
C1ctl,1,80,85,greedy,1,6
C1ctl,1,80,85,sloppy,0,5
C1ctl,1,80,86,greedy,0,1
C1ctl,1,80,86,sloppy,1,6
C1ctl,1,80,87,greedy,0,1
C1ctl,1,80,87,sloppy,1,6
C1ctl,1,80,88,greedy,0,2
C1ctl,1,80,88,sloppy,0,2
C1ctl,1,80,89,greedy,0,1
C1ctl,1,80,89,sloppy,0,4
C1ctl,1,80,90,greedy,1,6
C1ctl,1,80,90,sloppy,0,5
C1ctl,1,80,91,greedy,0,4
C1ctl,1,80,91,sloppy,0,2
C1ctl,1,80,92,greedy,1,6
C1ctl,1,80,92,sloppy,0,4
C1ctl,1,80,93,greedy,1,6
C1ctl,1,80,93,sloppy,0,5
C1ctl,1,80,94,greedy,0,2
C1ctl,1,80,94,sloppy,0,5
C1ctl,1,80,95,greedy,1,6
C1ctl,1,80,95,sloppy,1,6
C1ctl,1,80,96,greedy,0,4
C1ctl,1,80,96,sloppy,0,4
C1ctl,1,80,97,greedy,0,2
C1ctl,1,80,97,sloppy,0,2
C1ctl,1,80,98,greedy,0,3
C1ctl,1,80,98,sloppy,1,6
C1ctl,1,80,99,greedy,1,6
C1ctl,1,80,99,sloppy,0,5
C1ctl,2,0,0,greedy,1,6
C1ctl,2,0,0,sloppy,1,6
C1ctl,2,0,1,greedy,1,6
C1ctl,2,0,1,sloppy,0,2
C1ctl,2,0,2,greedy,0,2
C1ctl,2,0,2,sloppy,1,6
C1ctl,2,0,3,greedy,0,3
C1ctl,2,0,3,sloppy,0,5
C1ctl,2,0,4,greedy,0,2
C1ctl,2,0,4,sloppy,0,2
C1ctl,2,0,5,greedy,1,6
C1ctl,2,0,5,sloppy,1,6
C1ctl,2,0,6,greedy,1,6
C1ctl,2,0,6,sloppy,0,5
C1ctl,2,0,7,greedy,1,6
C1ctl,2,0,7,sloppy,0,5
C1ctl,2,0,8,greedy,0,5
C1ctl,2,0,8,sloppy,0,3
C1ctl,2,0,9,greedy,1,6
C1ctl,2,0,9,sloppy,0,5
C1ctl,2,0,10,greedy,0,1
C1ctl,2,0,10,sloppy,0,1
C1ctl,2,0,11,greedy,0,3
C1ctl,2,0,11,sloppy,0,3
C1ctl,2,0,12,greedy,0,1
C1ctl,2,0,12,sloppy,0,0
C1ctl,2,0,13,greedy,0,5
C1ctl,2,0,13,sloppy,0,3
C1ctl,2,0,14,greedy,0,2
C1ctl,2,0,14,sloppy,0,0
C1ctl,2,0,15,greedy,0,5
C1ctl,2,0,15,sloppy,0,3
C1ctl,2,0,16,greedy,0,1
C1ctl,2,0,16,sloppy,0,1
C1ctl,2,0,17,greedy,1,6
C1ctl,2,0,17,sloppy,1,6
C1ctl,2,0,18,greedy,0,1
C1ctl,2,0,18,sloppy,0,3
C1ctl,2,0,19,greedy,0,4
C1ctl,2,0,19,sloppy,0,4
C1ctl,2,100,100,greedy,0,5
C1ctl,2,100,100,sloppy,1,6
C1ctl,2,100,101,greedy,0,4
C1ctl,2,100,101,sloppy,1,6
C1ctl,2,100,102,greedy,0,4
C1ctl,2,100,102,sloppy,0,4
C1ctl,2,100,103,greedy,0,5
C1ctl,2,100,103,sloppy,0,3
C1ctl,2,100,104,greedy,0,3
C1ctl,2,100,104,sloppy,0,3
C1ctl,2,100,105,greedy,1,6
C1ctl,2,100,105,sloppy,0,0
C1ctl,2,100,106,greedy,0,1
C1ctl,2,100,106,sloppy,1,6
C1ctl,2,100,107,greedy,0,5
C1ctl,2,100,107,sloppy,1,6
C1ctl,2,100,108,greedy,0,2
C1ctl,2,100,108,sloppy,0,2
C1ctl,2,100,109,greedy,1,6
C1ctl,2,100,109,sloppy,1,6
C1ctl,2,100,110,greedy,0,0
C1ctl,2,100,110,sloppy,0,1
C1ctl,2,100,111,greedy,0,2
C1ctl,2,100,111,sloppy,0,2
C1ctl,2,100,112,greedy,0,0
C1ctl,2,100,112,sloppy,0,0
C1ctl,2,100,113,greedy,1,6
C1ctl,2,100,113,sloppy,0,4
C1ctl,2,100,114,greedy,1,6
C1ctl,2,100,114,sloppy,1,6
C1ctl,2,100,115,greedy,0,2
C1ctl,2,100,115,sloppy,0,2
C1ctl,2,100,116,greedy,0,1
C1ctl,2,100,116,sloppy,0,1
C1ctl,2,100,117,greedy,0,2
C1ctl,2,100,117,sloppy,0,2
C1ctl,2,100,118,greedy,0,2
C1ctl,2,100,118,sloppy,0,5
C1ctl,2,100,119,greedy,0,4
C1ctl,2,100,119,sloppy,0,3
C1ctl,2,120,120,greedy,1,6
C1ctl,2,120,120,sloppy,0,5
C1ctl,2,120,121,greedy,0,0
C1ctl,2,120,121,sloppy,0,4
C1ctl,2,120,122,greedy,1,6
C1ctl,2,120,122,sloppy,0,5
C1ctl,2,120,123,greedy,1,6
C1ctl,2,120,123,sloppy,0,3
C1ctl,2,120,124,greedy,0,2
C1ctl,2,120,124,sloppy,0,2
C1ctl,2,120,125,greedy,0,2
C1ctl,2,120,125,sloppy,0,1
C1ctl,2,120,126,greedy,0,4
C1ctl,2,120,126,sloppy,0,4
C1ctl,2,120,127,greedy,1,6
C1ctl,2,120,127,sloppy,1,6
C1ctl,2,120,128,greedy,0,3
C1ctl,2,120,128,sloppy,0,3
C1ctl,2,120,129,greedy,1,6
C1ctl,2,120,129,sloppy,1,6
C1ctl,2,120,130,greedy,0,4
C1ctl,2,120,130,sloppy,0,5
C1ctl,2,120,131,greedy,1,6
C1ctl,2,120,131,sloppy,0,5
C1ctl,2,120,132,greedy,0,1
C1ctl,2,120,132,sloppy,1,6
C1ctl,2,120,133,greedy,0,3
C1ctl,2,120,133,sloppy,1,6
C1ctl,2,120,134,greedy,1,6
C1ctl,2,120,134,sloppy,0,2
C1ctl,2,120,135,greedy,1,6
C1ctl,2,120,135,sloppy,1,6
C1ctl,2,120,136,greedy,1,6
C1ctl,2,120,136,sloppy,1,6
C1ctl,2,120,137,greedy,0,5
C1ctl,2,120,137,sloppy,0,1
C1ctl,2,120,138,greedy,1,6
C1ctl,2,120,138,sloppy,0,4
C1ctl,2,120,139,greedy,0,2
C1ctl,2,120,139,sloppy,0,2
C1ctl,2,140,140,greedy,1,6
C1ctl,2,140,140,sloppy,0,1
C1ctl,2,140,141,greedy,0,2
C1ctl,2,140,141,sloppy,0,2
C1ctl,2,140,142,greedy,0,3
C1ctl,2,140,142,sloppy,0,3
C1ctl,2,140,143,greedy,1,6
C1ctl,2,140,143,sloppy,1,6
C1ctl,2,140,144,greedy,0,1
C1ctl,2,140,144,sloppy,0,5
C1ctl,2,140,145,greedy,0,1
C1ctl,2,140,145,sloppy,0,3
C1ctl,2,140,146,greedy,0,4
C1ctl,2,140,146,sloppy,0,4
C1ctl,2,140,147,greedy,1,6
C1ctl,2,140,147,sloppy,0,1
C1ctl,2,140,148,greedy,1,6
C1ctl,2,140,148,sloppy,1,6
C1ctl,2,140,149,greedy,1,6
C1ctl,2,140,149,sloppy,1,6
C1ctl,2,140,150,greedy,0,1
C1ctl,2,140,150,sloppy,0,5
C1ctl,2,140,151,greedy,1,6
C1ctl,2,140,151,sloppy,1,6
C1ctl,2,140,152,greedy,1,6
C1ctl,2,140,152,sloppy,1,6
C1ctl,2,140,153,greedy,0,4
C1ctl,2,140,153,sloppy,1,6
C1ctl,2,140,154,greedy,0,3
C1ctl,2,140,154,sloppy,0,3
C1ctl,2,140,155,greedy,1,6
C1ctl,2,140,155,sloppy,1,6
C1ctl,2,140,156,greedy,1,6
C1ctl,2,140,156,sloppy,0,0
C1ctl,2,140,157,greedy,1,6
C1ctl,2,140,157,sloppy,1,6
C1ctl,2,140,158,greedy,0,2
C1ctl,2,140,158,sloppy,0,4
C1ctl,2,140,159,greedy,1,6
C1ctl,2,140,159,sloppy,0,5
C1ctl,2,20,20,greedy,0,4
C1ctl,2,20,20,sloppy,0,4
C1ctl,2,20,21,greedy,0,4
C1ctl,2,20,21,sloppy,1,6
C1ctl,2,20,22,greedy,1,6
C1ctl,2,20,22,sloppy,0,3
C1ctl,2,20,23,greedy,0,5
C1ctl,2,20,23,sloppy,0,5
C1ctl,2,20,24,greedy,1,6
C1ctl,2,20,24,sloppy,0,0
C1ctl,2,20,25,greedy,0,5
C1ctl,2,20,25,sloppy,0,5
C1ctl,2,20,26,greedy,0,2
C1ctl,2,20,26,sloppy,0,5
C1ctl,2,20,27,greedy,1,6
C1ctl,2,20,27,sloppy,0,1
C1ctl,2,20,28,greedy,0,4
C1ctl,2,20,28,sloppy,0,5
C1ctl,2,20,29,greedy,0,1
C1ctl,2,20,29,sloppy,0,1
C1ctl,2,20,30,greedy,1,6
C1ctl,2,20,30,sloppy,0,5
C1ctl,2,20,31,greedy,0,5
C1ctl,2,20,31,sloppy,0,5
C1ctl,2,20,32,greedy,0,4
C1ctl,2,20,32,sloppy,0,5
C1ctl,2,20,33,greedy,0,0
C1ctl,2,20,33,sloppy,0,4
C1ctl,2,20,34,greedy,0,4
C1ctl,2,20,34,sloppy,0,4
C1ctl,2,20,35,greedy,0,1
C1ctl,2,20,35,sloppy,0,2
C1ctl,2,20,36,greedy,0,2
C1ctl,2,20,36,sloppy,0,2
C1ctl,2,20,37,greedy,0,1
C1ctl,2,20,37,sloppy,0,1
C1ctl,2,20,38,greedy,1,6
C1ctl,2,20,38,sloppy,0,3
C1ctl,2,20,39,greedy,0,3
C1ctl,2,20,39,sloppy,0,3
C1ctl,2,40,40,greedy,0,5
C1ctl,2,40,40,sloppy,0,2
C1ctl,2,40,41,greedy,0,5
C1ctl,2,40,41,sloppy,1,6
C1ctl,2,40,42,greedy,1,6
C1ctl,2,40,42,sloppy,0,0
C1ctl,2,40,43,greedy,0,2
C1ctl,2,40,43,sloppy,0,2
C1ctl,2,40,44,greedy,1,6
C1ctl,2,40,44,sloppy,0,3
C1ctl,2,40,45,greedy,0,1
C1ctl,2,40,45,sloppy,1,6
C1ctl,2,40,46,greedy,0,0
C1ctl,2,40,46,sloppy,0,0
C1ctl,2,40,47,greedy,1,6
C1ctl,2,40,47,sloppy,1,6
C1ctl,2,40,48,greedy,1,6
C1ctl,2,40,48,sloppy,0,2
C1ctl,2,40,49,greedy,0,5
C1ctl,2,40,49,sloppy,1,6
C1ctl,2,40,50,greedy,0,4
C1ctl,2,40,50,sloppy,0,4
C1ctl,2,40,51,greedy,1,6
C1ctl,2,40,51,sloppy,0,4
C1ctl,2,40,52,greedy,1,6
C1ctl,2,40,52,sloppy,0,1
C1ctl,2,40,53,greedy,1,6
C1ctl,2,40,53,sloppy,0,3
C1ctl,2,40,54,greedy,0,5
C1ctl,2,40,54,sloppy,1,6
C1ctl,2,40,55,greedy,1,6
C1ctl,2,40,55,sloppy,0,5
C1ctl,2,40,56,greedy,1,6
C1ctl,2,40,56,sloppy,0,1
C1ctl,2,40,57,greedy,0,5
C1ctl,2,40,57,sloppy,1,6
C1ctl,2,40,58,greedy,0,5
C1ctl,2,40,58,sloppy,0,4
C1ctl,2,40,59,greedy,1,6
C1ctl,2,40,59,sloppy,0,1
C1ctl,2,60,60,greedy,1,6
C1ctl,2,60,60,sloppy,1,6
C1ctl,2,60,61,greedy,0,5
C1ctl,2,60,61,sloppy,0,5
C1ctl,2,60,62,greedy,0,4
C1ctl,2,60,62,sloppy,0,4
C1ctl,2,60,63,greedy,1,6
C1ctl,2,60,63,sloppy,0,3
C1ctl,2,60,64,greedy,0,4
C1ctl,2,60,64,sloppy,0,1
C1ctl,2,60,65,greedy,1,6
C1ctl,2,60,65,sloppy,1,6
C1ctl,2,60,66,greedy,0,5
C1ctl,2,60,66,sloppy,1,6
C1ctl,2,60,67,greedy,1,6
C1ctl,2,60,67,sloppy,0,4
C1ctl,2,60,68,greedy,0,3
C1ctl,2,60,68,sloppy,0,3
C1ctl,2,60,69,greedy,1,6
C1ctl,2,60,69,sloppy,1,6
C1ctl,2,60,70,greedy,0,4
C1ctl,2,60,70,sloppy,0,4
C1ctl,2,60,71,greedy,1,6
C1ctl,2,60,71,sloppy,1,6
C1ctl,2,60,72,greedy,0,4
C1ctl,2,60,72,sloppy,0,2
C1ctl,2,60,73,greedy,0,5
C1ctl,2,60,73,sloppy,0,5
C1ctl,2,60,74,greedy,0,2
C1ctl,2,60,74,sloppy,0,2
C1ctl,2,60,75,greedy,0,5
C1ctl,2,60,75,sloppy,0,5
C1ctl,2,60,76,greedy,0,2
C1ctl,2,60,76,sloppy,1,6
C1ctl,2,60,77,greedy,1,6
C1ctl,2,60,77,sloppy,1,6
C1ctl,2,60,78,greedy,1,6
C1ctl,2,60,78,sloppy,0,5
C1ctl,2,60,79,greedy,1,6
C1ctl,2,60,79,sloppy,1,6
C1ctl,2,80,80,greedy,1,6
C1ctl,2,80,80,sloppy,0,5
C1ctl,2,80,81,greedy,0,2
C1ctl,2,80,81,sloppy,0,3
C1ctl,2,80,82,greedy,0,2
C1ctl,2,80,82,sloppy,0,4
C1ctl,2,80,83,greedy,0,5
C1ctl,2,80,83,sloppy,0,5
C1ctl,2,80,84,greedy,1,6
C1ctl,2,80,84,sloppy,0,5
C1ctl,2,80,85,greedy,1,6
C1ctl,2,80,85,sloppy,0,3
C1ctl,2,80,86,greedy,0,5
C1ctl,2,80,86,sloppy,0,5
C1ctl,2,80,87,greedy,0,1
C1ctl,2,80,87,sloppy,0,5
C1ctl,2,80,88,greedy,0,2
C1ctl,2,80,88,sloppy,0,2
C1ctl,2,80,89,greedy,0,4
C1ctl,2,80,89,sloppy,0,4
C1ctl,2,80,90,greedy,0,4
C1ctl,2,80,90,sloppy,1,6
C1ctl,2,80,91,greedy,0,4
C1ctl,2,80,91,sloppy,0,4
C1ctl,2,80,92,greedy,0,4
C1ctl,2,80,92,sloppy,0,2
C1ctl,2,80,93,greedy,1,6
C1ctl,2,80,93,sloppy,1,6
C1ctl,2,80,94,greedy,1,6
C1ctl,2,80,94,sloppy,0,4
C1ctl,2,80,95,greedy,0,1
C1ctl,2,80,95,sloppy,0,4
C1ctl,2,80,96,greedy,0,3
C1ctl,2,80,96,sloppy,0,4
C1ctl,2,80,97,greedy,0,2
C1ctl,2,80,97,sloppy,0,2
C1ctl,2,80,98,greedy,0,5
C1ctl,2,80,98,sloppy,1,6
C1ctl,2,80,99,greedy,0,5
C1ctl,2,80,99,sloppy,1,6
C1ctl,3,0,0,greedy,1,6
C1ctl,3,0,0,sloppy,1,6
C1ctl,3,0,1,greedy,1,6
C1ctl,3,0,1,sloppy,0,2
C1ctl,3,0,2,greedy,0,2
C1ctl,3,0,2,sloppy,0,5
C1ctl,3,0,3,greedy,0,3
C1ctl,3,0,3,sloppy,0,5
C1ctl,3,0,4,greedy,0,2
C1ctl,3,0,4,sloppy,0,2
C1ctl,3,0,5,greedy,0,5
C1ctl,3,0,5,sloppy,1,6
C1ctl,3,0,6,greedy,1,6
C1ctl,3,0,6,sloppy,1,6
C1ctl,3,0,7,greedy,1,6
C1ctl,3,0,7,sloppy,0,5
C1ctl,3,0,8,greedy,0,2
C1ctl,3,0,8,sloppy,0,2
C1ctl,3,0,9,greedy,1,6
C1ctl,3,0,9,sloppy,1,6
C1ctl,3,0,10,greedy,0,1
C1ctl,3,0,10,sloppy,1,6
C1ctl,3,0,11,greedy,0,3
C1ctl,3,0,11,sloppy,1,6
C1ctl,3,0,12,greedy,1,6
C1ctl,3,0,12,sloppy,0,0
C1ctl,3,0,13,greedy,0,3
C1ctl,3,0,13,sloppy,0,3
C1ctl,3,0,14,greedy,0,2
C1ctl,3,0,14,sloppy,0,0
C1ctl,3,0,15,greedy,1,6
C1ctl,3,0,15,sloppy,1,6
C1ctl,3,0,16,greedy,0,1
C1ctl,3,0,16,sloppy,0,3
C1ctl,3,0,17,greedy,0,5
C1ctl,3,0,17,sloppy,0,5
C1ctl,3,0,18,greedy,0,5
C1ctl,3,0,18,sloppy,0,2
C1ctl,3,0,19,greedy,0,2
C1ctl,3,0,19,sloppy,0,3
C1ctl,3,100,100,greedy,0,4
C1ctl,3,100,100,sloppy,0,5
C1ctl,3,100,101,greedy,0,4
C1ctl,3,100,101,sloppy,1,6
C1ctl,3,100,102,greedy,0,4
C1ctl,3,100,102,sloppy,0,4
C1ctl,3,100,103,greedy,1,6
C1ctl,3,100,103,sloppy,0,2
C1ctl,3,100,104,greedy,0,3
C1ctl,3,100,104,sloppy,0,3
C1ctl,3,100,105,greedy,0,4
C1ctl,3,100,105,sloppy,0,0
C1ctl,3,100,106,greedy,1,6
C1ctl,3,100,106,sloppy,1,6
C1ctl,3,100,107,greedy,1,6
C1ctl,3,100,107,sloppy,0,5
C1ctl,3,100,108,greedy,0,2
C1ctl,3,100,108,sloppy,0,2
C1ctl,3,100,109,greedy,0,5
C1ctl,3,100,109,sloppy,1,6
C1ctl,3,100,110,greedy,0,0
C1ctl,3,100,110,sloppy,0,3
C1ctl,3,100,111,greedy,0,2
C1ctl,3,100,111,sloppy,0,2
C1ctl,3,100,112,greedy,0,0
C1ctl,3,100,112,sloppy,0,0
C1ctl,3,100,113,greedy,0,4
C1ctl,3,100,113,sloppy,0,1
C1ctl,3,100,114,greedy,0,4
C1ctl,3,100,114,sloppy,1,6
C1ctl,3,100,115,greedy,1,6
C1ctl,3,100,115,sloppy,0,2
C1ctl,3,100,116,greedy,0,1
C1ctl,3,100,116,sloppy,0,1
C1ctl,3,100,117,greedy,0,2
C1ctl,3,100,117,sloppy,0,2
C1ctl,3,100,118,greedy,0,2
C1ctl,3,100,118,sloppy,0,5
C1ctl,3,100,119,greedy,1,6
C1ctl,3,100,119,sloppy,0,3
C1ctl,3,120,120,greedy,1,6
C1ctl,3,120,120,sloppy,1,6
C1ctl,3,120,121,greedy,0,0
C1ctl,3,120,121,sloppy,0,4
C1ctl,3,120,122,greedy,1,6
C1ctl,3,120,122,sloppy,1,6
C1ctl,3,120,123,greedy,1,6
C1ctl,3,120,123,sloppy,0,3
C1ctl,3,120,124,greedy,0,4
C1ctl,3,120,124,sloppy,0,2
C1ctl,3,120,125,greedy,0,1
C1ctl,3,120,125,sloppy,0,1
C1ctl,3,120,126,greedy,0,4
C1ctl,3,120,126,sloppy,0,2
C1ctl,3,120,127,greedy,1,6
C1ctl,3,120,127,sloppy,1,6
C1ctl,3,120,128,greedy,0,3
C1ctl,3,120,128,sloppy,0,2
C1ctl,3,120,129,greedy,0,2
C1ctl,3,120,129,sloppy,1,6
C1ctl,3,120,130,greedy,0,2
C1ctl,3,120,130,sloppy,0,2
C1ctl,3,120,131,greedy,0,3
C1ctl,3,120,131,sloppy,1,6
C1ctl,3,120,132,greedy,0,1
C1ctl,3,120,132,sloppy,0,5
C1ctl,3,120,133,greedy,0,3
C1ctl,3,120,133,sloppy,0,5
C1ctl,3,120,134,greedy,1,6
C1ctl,3,120,134,sloppy,1,6
C1ctl,3,120,135,greedy,1,6
C1ctl,3,120,135,sloppy,0,5
C1ctl,3,120,136,greedy,0,1
C1ctl,3,120,136,sloppy,0,5
C1ctl,3,120,137,greedy,0,5
C1ctl,3,120,137,sloppy,1,6
C1ctl,3,120,138,greedy,0,4
C1ctl,3,120,138,sloppy,0,4
C1ctl,3,120,139,greedy,0,2
C1ctl,3,120,139,sloppy,0,3
C1ctl,3,140,140,greedy,0,5
C1ctl,3,140,140,sloppy,0,5
C1ctl,3,140,141,greedy,0,2
C1ctl,3,140,141,sloppy,0,2
C1ctl,3,140,142,greedy,0,3
C1ctl,3,140,142,sloppy,0,3
C1ctl,3,140,143,greedy,1,6
C1ctl,3,140,143,sloppy,1,6
C1ctl,3,140,144,greedy,0,5
C1ctl,3,140,144,sloppy,1,6
C1ctl,3,140,145,greedy,0,1
C1ctl,3,140,145,sloppy,1,6
C1ctl,3,140,146,greedy,0,4
C1ctl,3,140,146,sloppy,0,1
C1ctl,3,140,147,greedy,0,1
C1ctl,3,140,147,sloppy,1,6
C1ctl,3,140,148,greedy,1,6
C1ctl,3,140,148,sloppy,0,5
C1ctl,3,140,149,greedy,1,6
C1ctl,3,140,149,sloppy,1,6
C1ctl,3,140,150,greedy,1,6
C1ctl,3,140,150,sloppy,0,1
C1ctl,3,140,151,greedy,0,5
C1ctl,3,140,151,sloppy,0,3
C1ctl,3,140,152,greedy,0,2
C1ctl,3,140,152,sloppy,1,6
C1ctl,3,140,153,greedy,0,4
C1ctl,3,140,153,sloppy,0,4
C1ctl,3,140,154,greedy,1,6
C1ctl,3,140,154,sloppy,0,1
C1ctl,3,140,155,greedy,0,5
C1ctl,3,140,155,sloppy,1,6
C1ctl,3,140,156,greedy,1,6
C1ctl,3,140,156,sloppy,0,0
C1ctl,3,140,157,greedy,0,1
C1ctl,3,140,157,sloppy,0,5
C1ctl,3,140,158,greedy,0,2
C1ctl,3,140,158,sloppy,0,2
C1ctl,3,140,159,greedy,0,2
C1ctl,3,140,159,sloppy,0,2
C1ctl,3,20,20,greedy,0,2
C1ctl,3,20,20,sloppy,0,2
C1ctl,3,20,21,greedy,1,6
C1ctl,3,20,21,sloppy,0,4
C1ctl,3,20,22,greedy,1,6
C1ctl,3,20,22,sloppy,0,3
C1ctl,3,20,23,greedy,0,5
C1ctl,3,20,23,sloppy,0,5
C1ctl,3,20,24,greedy,0,3
C1ctl,3,20,24,sloppy,0,0
C1ctl,3,20,25,greedy,0,5
C1ctl,3,20,25,sloppy,0,5
C1ctl,3,20,26,greedy,0,2
C1ctl,3,20,26,sloppy,0,2
C1ctl,3,20,27,greedy,1,6
C1ctl,3,20,27,sloppy,0,1
C1ctl,3,20,28,greedy,0,4
C1ctl,3,20,28,sloppy,0,4
C1ctl,3,20,29,greedy,0,1
C1ctl,3,20,29,sloppy,0,3
C1ctl,3,20,30,greedy,1,6
C1ctl,3,20,30,sloppy,1,6
C1ctl,3,20,31,greedy,1,6
C1ctl,3,20,31,sloppy,1,6
C1ctl,3,20,32,greedy,1,6
C1ctl,3,20,32,sloppy,1,6
C1ctl,3,20,33,greedy,0,0
C1ctl,3,20,33,sloppy,0,4
C1ctl,3,20,34,greedy,0,4
C1ctl,3,20,34,sloppy,0,2
C1ctl,3,20,35,greedy,0,1
C1ctl,3,20,35,sloppy,0,2
C1ctl,3,20,36,greedy,0,2
C1ctl,3,20,36,sloppy,0,2
C1ctl,3,20,37,greedy,0,5
C1ctl,3,20,37,sloppy,1,6
C1ctl,3,20,38,greedy,1,6
C1ctl,3,20,38,sloppy,0,3
C1ctl,3,20,39,greedy,0,4
C1ctl,3,20,39,sloppy,0,5
C1ctl,3,40,40,greedy,0,2
C1ctl,3,40,40,sloppy,1,6
C1ctl,3,40,41,greedy,1,6
C1ctl,3,40,41,sloppy,0,5
C1ctl,3,40,42,greedy,1,6
C1ctl,3,40,42,sloppy,0,0
C1ctl,3,40,43,greedy,0,3
C1ctl,3,40,43,sloppy,0,3
C1ctl,3,40,44,greedy,0,3
C1ctl,3,40,44,sloppy,0,3
C1ctl,3,40,45,greedy,0,5
C1ctl,3,40,45,sloppy,1,6
C1ctl,3,40,46,greedy,0,0
C1ctl,3,40,46,sloppy,0,0
C1ctl,3,40,47,greedy,0,5
C1ctl,3,40,47,sloppy,1,6
C1ctl,3,40,48,greedy,0,2
C1ctl,3,40,48,sloppy,0,2
C1ctl,3,40,49,greedy,1,6
C1ctl,3,40,49,sloppy,1,6
C1ctl,3,40,50,greedy,1,6
C1ctl,3,40,50,sloppy,0,4
C1ctl,3,40,51,greedy,0,4
C1ctl,3,40,51,sloppy,0,1
C1ctl,3,40,52,greedy,0,1
C1ctl,3,40,52,sloppy,0,1
C1ctl,3,40,53,greedy,0,3
C1ctl,3,40,53,sloppy,1,6
C1ctl,3,40,54,greedy,1,6
C1ctl,3,40,54,sloppy,0,5
C1ctl,3,40,55,greedy,1,6
C1ctl,3,40,55,sloppy,1,6
C1ctl,3,40,56,greedy,1,6
C1ctl,3,40,56,sloppy,0,5
C1ctl,3,40,57,greedy,0,3
C1ctl,3,40,57,sloppy,0,5
C1ctl,3,40,58,greedy,0,2
C1ctl,3,40,58,sloppy,0,3
C1ctl,3,40,59,greedy,0,5
C1ctl,3,40,59,sloppy,0,1
C1ctl,3,60,60,greedy,1,6
C1ctl,3,60,60,sloppy,0,5
C1ctl,3,60,61,greedy,0,5
C1ctl,3,60,61,sloppy,0,2
C1ctl,3,60,62,greedy,0,1
C1ctl,3,60,62,sloppy,0,1
C1ctl,3,60,63,greedy,0,3
C1ctl,3,60,63,sloppy,0,3
C1ctl,3,60,64,greedy,0,1
C1ctl,3,60,64,sloppy,0,3
C1ctl,3,60,65,greedy,0,3
C1ctl,3,60,65,sloppy,0,1
C1ctl,3,60,66,greedy,0,3
C1ctl,3,60,66,sloppy,1,6
C1ctl,3,60,67,greedy,0,4
C1ctl,3,60,67,sloppy,0,4
C1ctl,3,60,68,greedy,0,3
C1ctl,3,60,68,sloppy,0,5
C1ctl,3,60,69,greedy,1,6
C1ctl,3,60,69,sloppy,0,2
C1ctl,3,60,70,greedy,0,5
C1ctl,3,60,70,sloppy,0,4
C1ctl,3,60,71,greedy,0,5
C1ctl,3,60,71,sloppy,1,6
C1ctl,3,60,72,greedy,0,2
C1ctl,3,60,72,sloppy,0,2
C1ctl,3,60,73,greedy,0,3
C1ctl,3,60,73,sloppy,0,5
C1ctl,3,60,74,greedy,0,2
C1ctl,3,60,74,sloppy,0,2
C1ctl,3,60,75,greedy,0,5
C1ctl,3,60,75,sloppy,0,5
C1ctl,3,60,76,greedy,1,6
C1ctl,3,60,76,sloppy,0,2
C1ctl,3,60,77,greedy,1,6
C1ctl,3,60,77,sloppy,1,6
C1ctl,3,60,78,greedy,0,5
C1ctl,3,60,78,sloppy,0,5
C1ctl,3,60,79,greedy,1,6
C1ctl,3,60,79,sloppy,1,6
C1ctl,3,80,80,greedy,1,6
C1ctl,3,80,80,sloppy,0,5
C1ctl,3,80,81,greedy,0,3
C1ctl,3,80,81,sloppy,0,3
C1ctl,3,80,82,greedy,0,2
C1ctl,3,80,82,sloppy,0,3
C1ctl,3,80,83,greedy,1,6
C1ctl,3,80,83,sloppy,0,5
C1ctl,3,80,84,greedy,1,6
C1ctl,3,80,84,sloppy,0,5
C1ctl,3,80,85,greedy,0,4
C1ctl,3,80,85,sloppy,1,6
C1ctl,3,80,86,greedy,0,5
C1ctl,3,80,86,sloppy,0,5
C1ctl,3,80,87,greedy,0,1
C1ctl,3,80,87,sloppy,0,1
C1ctl,3,80,88,greedy,0,2
C1ctl,3,80,88,sloppy,0,2
C1ctl,3,80,89,greedy,0,4
C1ctl,3,80,89,sloppy,0,4
C1ctl,3,80,90,greedy,0,4
C1ctl,3,80,90,sloppy,0,5
C1ctl,3,80,91,greedy,0,1
C1ctl,3,80,91,sloppy,0,4
C1ctl,3,80,92,greedy,0,5
C1ctl,3,80,92,sloppy,1,6
C1ctl,3,80,93,greedy,0,5
C1ctl,3,80,93,sloppy,1,6
C1ctl,3,80,94,greedy,0,4
C1ctl,3,80,94,sloppy,0,2
C1ctl,3,80,95,greedy,0,1
C1ctl,3,80,95,sloppy,0,1
C1ctl,3,80,96,greedy,0,4
C1ctl,3,80,96,sloppy,0,3
C1ctl,3,80,97,greedy,0,2
C1ctl,3,80,97,sloppy,0,2
C1ctl,3,80,98,greedy,0,2
C1ctl,3,80,98,sloppy,0,5
C1ctl,3,80,99,greedy,0,5
C1ctl,3,80,99,sloppy,0,4
C1ctl,4,0,0,greedy,0,4
C1ctl,4,0,0,sloppy,0,2
C1ctl,4,0,1,greedy,1,6
C1ctl,4,0,1,sloppy,0,2
C1ctl,4,0,2,greedy,0,3
C1ctl,4,0,2,sloppy,0,2
C1ctl,4,0,3,greedy,0,5
C1ctl,4,0,3,sloppy,0,5
C1ctl,4,0,4,greedy,0,2
C1ctl,4,0,4,sloppy,0,2
C1ctl,4,0,5,greedy,1,6
C1ctl,4,0,5,sloppy,1,6
C1ctl,4,0,6,greedy,0,5
C1ctl,4,0,6,sloppy,0,2
C1ctl,4,0,7,greedy,1,6
C1ctl,4,0,7,sloppy,1,6
C1ctl,4,0,8,greedy,0,3
C1ctl,4,0,8,sloppy,0,3
C1ctl,4,0,9,greedy,0,5
C1ctl,4,0,9,sloppy,1,6
C1ctl,4,0,10,greedy,0,5
C1ctl,4,0,10,sloppy,0,1
C1ctl,4,0,11,greedy,0,3
C1ctl,4,0,11,sloppy,0,5
C1ctl,4,0,12,greedy,1,6
C1ctl,4,0,12,sloppy,1,6
C1ctl,4,0,13,greedy,0,5
C1ctl,4,0,13,sloppy,0,5
C1ctl,4,0,14,greedy,0,2
C1ctl,4,0,14,sloppy,0,3
C1ctl,4,0,15,greedy,1,6
C1ctl,4,0,15,sloppy,1,6
C1ctl,4,0,16,greedy,0,5
C1ctl,4,0,16,sloppy,0,1
C1ctl,4,0,17,greedy,0,5
C1ctl,4,0,17,sloppy,1,6
C1ctl,4,0,18,greedy,0,2
C1ctl,4,0,18,sloppy,0,2
C1ctl,4,0,19,greedy,0,5
C1ctl,4,0,19,sloppy,0,3
C1ctl,4,100,100,greedy,0,1
C1ctl,4,100,100,sloppy,0,5
C1ctl,4,100,101,greedy,1,6
C1ctl,4,100,101,sloppy,1,6
C1ctl,4,100,102,greedy,0,1
C1ctl,4,100,102,sloppy,0,4
C1ctl,4,100,103,greedy,0,2
C1ctl,4,100,103,sloppy,0,2
C1ctl,4,100,104,greedy,0,3
C1ctl,4,100,104,sloppy,0,3
C1ctl,4,100,105,greedy,0,5
C1ctl,4,100,105,sloppy,1,6
C1ctl,4,100,106,greedy,0,5
C1ctl,4,100,106,sloppy,1,6
C1ctl,4,100,107,greedy,0,5
C1ctl,4,100,107,sloppy,0,5
C1ctl,4,100,108,greedy,0,2
C1ctl,4,100,108,sloppy,0,2
C1ctl,4,100,109,greedy,1,6
C1ctl,4,100,109,sloppy,0,4
C1ctl,4,100,110,greedy,0,0
C1ctl,4,100,110,sloppy,0,3
C1ctl,4,100,111,greedy,0,2
C1ctl,4,100,111,sloppy,0,2
C1ctl,4,100,112,greedy,0,0
C1ctl,4,100,112,sloppy,0,0
C1ctl,4,100,113,greedy,0,1
C1ctl,4,100,113,sloppy,0,1
C1ctl,4,100,114,greedy,1,6
C1ctl,4,100,114,sloppy,1,6
C1ctl,4,100,115,greedy,0,5
C1ctl,4,100,115,sloppy,0,2
C1ctl,4,100,116,greedy,0,1
C1ctl,4,100,116,sloppy,0,1
C1ctl,4,100,117,greedy,0,2
C1ctl,4,100,117,sloppy,0,2
C1ctl,4,100,118,greedy,1,6
C1ctl,4,100,118,sloppy,0,5
C1ctl,4,100,119,greedy,0,3
C1ctl,4,100,119,sloppy,0,2
C1ctl,4,120,120,greedy,1,6
C1ctl,4,120,120,sloppy,0,5
C1ctl,4,120,121,greedy,0,0
C1ctl,4,120,121,sloppy,0,4
C1ctl,4,120,122,greedy,1,6
C1ctl,4,120,122,sloppy,1,6
C1ctl,4,120,123,greedy,0,3
C1ctl,4,120,123,sloppy,0,5
C1ctl,4,120,124,greedy,0,5
C1ctl,4,120,124,sloppy,0,2
C1ctl,4,120,125,greedy,0,1
C1ctl,4,120,125,sloppy,0,5
C1ctl,4,120,126,greedy,0,1
C1ctl,4,120,126,sloppy,0,4
C1ctl,4,120,127,greedy,0,4
C1ctl,4,120,127,sloppy,0,4
C1ctl,4,120,128,greedy,0,3
C1ctl,4,120,128,sloppy,0,3
C1ctl,4,120,129,greedy,0,2
C1ctl,4,120,129,sloppy,1,6
C1ctl,4,120,130,greedy,0,2
C1ctl,4,120,130,sloppy,0,2
C1ctl,4,120,131,greedy,0,1
C1ctl,4,120,131,sloppy,0,3
C1ctl,4,120,132,greedy,0,3
C1ctl,4,120,132,sloppy,0,1
C1ctl,4,120,133,greedy,1,6
C1ctl,4,120,133,sloppy,0,3
C1ctl,4,120,134,greedy,1,6
C1ctl,4,120,134,sloppy,0,2
C1ctl,4,120,135,greedy,0,5
C1ctl,4,120,135,sloppy,1,6
C1ctl,4,120,136,greedy,0,5
C1ctl,4,120,136,sloppy,0,4
C1ctl,4,120,137,greedy,1,6
C1ctl,4,120,137,sloppy,0,5
C1ctl,4,120,138,greedy,0,4
C1ctl,4,120,138,sloppy,0,3
C1ctl,4,120,139,greedy,0,2
C1ctl,4,120,139,sloppy,0,3
C1ctl,4,140,140,greedy,0,1
C1ctl,4,140,140,sloppy,0,2
C1ctl,4,140,141,greedy,0,2
C1ctl,4,140,141,sloppy,0,2
C1ctl,4,140,142,greedy,0,3
C1ctl,4,140,142,sloppy,0,4
C1ctl,4,140,143,greedy,1,6
C1ctl,4,140,143,sloppy,1,6
C1ctl,4,140,144,greedy,0,5
C1ctl,4,140,144,sloppy,0,4
C1ctl,4,140,145,greedy,0,3
C1ctl,4,140,145,sloppy,1,6
C1ctl,4,140,146,greedy,0,4
C1ctl,4,140,146,sloppy,0,1
C1ctl,4,140,147,greedy,0,1
C1ctl,4,140,147,sloppy,0,5
C1ctl,4,140,148,greedy,0,2
C1ctl,4,140,148,sloppy,0,2
C1ctl,4,140,149,greedy,0,5
C1ctl,4,140,149,sloppy,1,6
C1ctl,4,140,150,greedy,1,6
C1ctl,4,140,150,sloppy,0,1
C1ctl,4,140,151,greedy,0,5
C1ctl,4,140,151,sloppy,0,3
C1ctl,4,140,152,greedy,1,6
C1ctl,4,140,152,sloppy,1,6
C1ctl,4,140,153,greedy,0,5
C1ctl,4,140,153,sloppy,0,5
C1ctl,4,140,154,greedy,0,3
C1ctl,4,140,154,sloppy,1,6
C1ctl,4,140,155,greedy,0,5
C1ctl,4,140,155,sloppy,0,5
C1ctl,4,140,156,greedy,1,6
C1ctl,4,140,156,sloppy,0,0
C1ctl,4,140,157,greedy,0,1
C1ctl,4,140,157,sloppy,0,5
C1ctl,4,140,158,greedy,0,2
C1ctl,4,140,158,sloppy,0,2
C1ctl,4,140,159,greedy,0,2
C1ctl,4,140,159,sloppy,0,5
C1ctl,4,20,20,greedy,0,2
C1ctl,4,20,20,sloppy,0,2
C1ctl,4,20,21,greedy,1,6
C1ctl,4,20,21,sloppy,0,1
C1ctl,4,20,22,greedy,0,3
C1ctl,4,20,22,sloppy,0,5
C1ctl,4,20,23,greedy,1,6
C1ctl,4,20,23,sloppy,0,5
C1ctl,4,20,24,greedy,0,5
C1ctl,4,20,24,sloppy,0,0
C1ctl,4,20,25,greedy,0,5
C1ctl,4,20,25,sloppy,0,5
C1ctl,4,20,26,greedy,0,2
C1ctl,4,20,26,sloppy,0,2
C1ctl,4,20,27,greedy,0,5
C1ctl,4,20,27,sloppy,1,6
C1ctl,4,20,28,greedy,0,4
C1ctl,4,20,28,sloppy,0,4
C1ctl,4,20,29,greedy,0,3
C1ctl,4,20,29,sloppy,0,3
C1ctl,4,20,30,greedy,1,6
C1ctl,4,20,30,sloppy,0,5
C1ctl,4,20,31,greedy,1,6
C1ctl,4,20,31,sloppy,1,6
C1ctl,4,20,32,greedy,0,5
C1ctl,4,20,32,sloppy,1,6
C1ctl,4,20,33,greedy,0,0
C1ctl,4,20,33,sloppy,0,4
C1ctl,4,20,34,greedy,0,2
C1ctl,4,20,34,sloppy,0,4
C1ctl,4,20,35,greedy,0,4
C1ctl,4,20,35,sloppy,0,2
C1ctl,4,20,36,greedy,0,2
C1ctl,4,20,36,sloppy,0,2
C1ctl,4,20,37,greedy,1,6
C1ctl,4,20,37,sloppy,0,5
C1ctl,4,20,38,greedy,0,3
C1ctl,4,20,38,sloppy,0,3
C1ctl,4,20,39,greedy,1,6
C1ctl,4,20,39,sloppy,0,5
C1ctl,4,40,40,greedy,0,2
C1ctl,4,40,40,sloppy,0,2
C1ctl,4,40,41,greedy,0,5
C1ctl,4,40,41,sloppy,0,5
C1ctl,4,40,42,greedy,0,5
C1ctl,4,40,42,sloppy,0,0
C1ctl,4,40,43,greedy,0,4
C1ctl,4,40,43,sloppy,0,2
C1ctl,4,40,44,greedy,0,5
C1ctl,4,40,44,sloppy,0,3
C1ctl,4,40,45,greedy,0,4
C1ctl,4,40,45,sloppy,0,4
C1ctl,4,40,46,greedy,0,0
C1ctl,4,40,46,sloppy,0,0
C1ctl,4,40,47,greedy,1,6
C1ctl,4,40,47,sloppy,1,6
C1ctl,4,40,48,greedy,0,2
C1ctl,4,40,48,sloppy,0,2
C1ctl,4,40,49,greedy,0,5
C1ctl,4,40,49,sloppy,0,5
C1ctl,4,40,50,greedy,1,6
C1ctl,4,40,50,sloppy,0,4
C1ctl,4,40,51,greedy,0,1
C1ctl,4,40,51,sloppy,0,1
C1ctl,4,40,52,greedy,0,1
C1ctl,4,40,52,sloppy,0,1
C1ctl,4,40,53,greedy,0,3
C1ctl,4,40,53,sloppy,0,3
C1ctl,4,40,54,greedy,0,5
C1ctl,4,40,54,sloppy,0,5
C1ctl,4,40,55,greedy,1,6
C1ctl,4,40,55,sloppy,1,6
C1ctl,4,40,56,greedy,1,6
C1ctl,4,40,56,sloppy,1,6
C1ctl,4,40,57,greedy,0,5
C1ctl,4,40,57,sloppy,0,3
C1ctl,4,40,58,greedy,0,2
C1ctl,4,40,58,sloppy,0,3
C1ctl,4,40,59,greedy,0,5
C1ctl,4,40,59,sloppy,0,5
C1ctl,4,60,60,greedy,0,5
C1ctl,4,60,60,sloppy,1,6
C1ctl,4,60,61,greedy,0,5
C1ctl,4,60,61,sloppy,0,2
C1ctl,4,60,62,greedy,0,4
C1ctl,4,60,62,sloppy,0,3
C1ctl,4,60,63,greedy,0,3
C1ctl,4,60,63,sloppy,0,3
C1ctl,4,60,64,greedy,0,1
C1ctl,4,60,64,sloppy,0,3
C1ctl,4,60,65,greedy,1,6
C1ctl,4,60,65,sloppy,0,5
C1ctl,4,60,66,greedy,1,6
C1ctl,4,60,66,sloppy,0,5
C1ctl,4,60,67,greedy,0,4
C1ctl,4,60,67,sloppy,0,4
C1ctl,4,60,68,greedy,0,3
C1ctl,4,60,68,sloppy,0,5
C1ctl,4,60,69,greedy,1,6
C1ctl,4,60,69,sloppy,0,2
C1ctl,4,60,70,greedy,1,6
C1ctl,4,60,70,sloppy,0,4
C1ctl,4,60,71,greedy,1,6
C1ctl,4,60,71,sloppy,0,5
C1ctl,4,60,72,greedy,0,4
C1ctl,4,60,72,sloppy,0,4
C1ctl,4,60,73,greedy,0,5
C1ctl,4,60,73,sloppy,0,3
C1ctl,4,60,74,greedy,0,4
C1ctl,4,60,74,sloppy,0,5
C1ctl,4,60,75,greedy,0,5
C1ctl,4,60,75,sloppy,0,5
C1ctl,4,60,76,greedy,0,2
C1ctl,4,60,76,sloppy,0,1
C1ctl,4,60,77,greedy,1,6
C1ctl,4,60,77,sloppy,1,6
C1ctl,4,60,78,greedy,1,6
C1ctl,4,60,78,sloppy,0,3
C1ctl,4,60,79,greedy,1,6
C1ctl,4,60,79,sloppy,1,6
C1ctl,4,80,80,greedy,1,6
C1ctl,4,80,80,sloppy,0,5
C1ctl,4,80,81,greedy,0,2
C1ctl,4,80,81,sloppy,0,3
C1ctl,4,80,82,greedy,0,2
C1ctl,4,80,82,sloppy,0,2
C1ctl,4,80,83,greedy,0,5
C1ctl,4,80,83,sloppy,0,5
C1ctl,4,80,84,greedy,1,6
C1ctl,4,80,84,sloppy,0,5
C1ctl,4,80,85,greedy,0,3
C1ctl,4,80,85,sloppy,0,5
C1ctl,4,80,86,greedy,0,5
C1ctl,4,80,86,sloppy,0,5
C1ctl,4,80,87,greedy,0,1
C1ctl,4,80,87,sloppy,0,1
C1ctl,4,80,88,greedy,0,2
C1ctl,4,80,88,sloppy,0,2
C1ctl,4,80,89,greedy,0,2
C1ctl,4,80,89,sloppy,0,4
C1ctl,4,80,90,greedy,0,4
C1ctl,4,80,90,sloppy,0,5
C1ctl,4,80,91,greedy,0,1
C1ctl,4,80,91,sloppy,0,4
C1ctl,4,80,92,greedy,0,4
C1ctl,4,80,92,sloppy,0,5
C1ctl,4,80,93,greedy,1,6
C1ctl,4,80,93,sloppy,0,5
C1ctl,4,80,94,greedy,0,3
C1ctl,4,80,94,sloppy,0,2
C1ctl,4,80,95,greedy,0,5
C1ctl,4,80,95,sloppy,1,6
C1ctl,4,80,96,greedy,0,4
C1ctl,4,80,96,sloppy,0,4
C1ctl,4,80,97,greedy,0,2
C1ctl,4,80,97,sloppy,0,2
C1ctl,4,80,98,greedy,0,2
C1ctl,4,80,98,sloppy,0,3
C1ctl,4,80,99,greedy,0,3
C1ctl,4,80,99,sloppy,0,5
C1ctl,5,0,0,greedy,1,6
C1ctl,5,0,0,sloppy,0,2
C1ctl,5,0,1,greedy,0,3
C1ctl,5,0,1,sloppy,0,5
C1ctl,5,0,2,greedy,0,3
C1ctl,5,0,2,sloppy,0,2
C1ctl,5,0,3,greedy,0,3
C1ctl,5,0,3,sloppy,0,3
C1ctl,5,0,4,greedy,0,2
C1ctl,5,0,4,sloppy,0,3
C1ctl,5,0,5,greedy,1,6
C1ctl,5,0,5,sloppy,1,6
C1ctl,5,0,6,greedy,0,2
C1ctl,5,0,6,sloppy,0,3
C1ctl,5,0,7,greedy,0,5
C1ctl,5,0,7,sloppy,0,2
C1ctl,5,0,8,greedy,0,2
C1ctl,5,0,8,sloppy,0,3
C1ctl,5,0,9,greedy,1,6
C1ctl,5,0,9,sloppy,0,5
C1ctl,5,0,10,greedy,0,1
C1ctl,5,0,10,sloppy,0,1
C1ctl,5,0,11,greedy,0,5
C1ctl,5,0,11,sloppy,0,3
C1ctl,5,0,12,greedy,0,3
C1ctl,5,0,12,sloppy,1,6
C1ctl,5,0,13,greedy,0,2
C1ctl,5,0,13,sloppy,0,5
C1ctl,5,0,14,greedy,0,3
C1ctl,5,0,14,sloppy,0,3
C1ctl,5,0,15,greedy,0,5
C1ctl,5,0,15,sloppy,0,5
C1ctl,5,0,16,greedy,0,5
C1ctl,5,0,16,sloppy,0,1
C1ctl,5,0,17,greedy,0,2
C1ctl,5,0,17,sloppy,0,5
C1ctl,5,0,18,greedy,0,2
C1ctl,5,0,18,sloppy,0,2
C1ctl,5,0,19,greedy,0,3
C1ctl,5,0,19,sloppy,1,6
C1ctl,5,100,100,greedy,0,4
C1ctl,5,100,100,sloppy,0,5
C1ctl,5,100,101,greedy,0,5
C1ctl,5,100,101,sloppy,1,6
C1ctl,5,100,102,greedy,0,1
C1ctl,5,100,102,sloppy,0,4
C1ctl,5,100,103,greedy,0,2
C1ctl,5,100,103,sloppy,1,6
C1ctl,5,100,104,greedy,0,3
C1ctl,5,100,104,sloppy,0,3
C1ctl,5,100,105,greedy,0,5
C1ctl,5,100,105,sloppy,0,3
C1ctl,5,100,106,greedy,0,5
C1ctl,5,100,106,sloppy,0,5
C1ctl,5,100,107,greedy,0,5
C1ctl,5,100,107,sloppy,0,5
C1ctl,5,100,108,greedy,0,2
C1ctl,5,100,108,sloppy,0,2
C1ctl,5,100,109,greedy,1,6
C1ctl,5,100,109,sloppy,1,6
C1ctl,5,100,110,greedy,0,0
C1ctl,5,100,110,sloppy,0,1
C1ctl,5,100,111,greedy,0,2
C1ctl,5,100,111,sloppy,0,4
C1ctl,5,100,112,greedy,0,0
C1ctl,5,100,112,sloppy,0,0
C1ctl,5,100,113,greedy,0,1
C1ctl,5,100,113,sloppy,0,4
C1ctl,5,100,114,greedy,0,5
C1ctl,5,100,114,sloppy,1,6
C1ctl,5,100,115,greedy,0,2
C1ctl,5,100,115,sloppy,0,2
C1ctl,5,100,116,greedy,0,1
C1ctl,5,100,116,sloppy,0,1
C1ctl,5,100,117,greedy,0,2
C1ctl,5,100,117,sloppy,0,2
C1ctl,5,100,118,greedy,1,6
C1ctl,5,100,118,sloppy,0,5
C1ctl,5,100,119,greedy,0,2
C1ctl,5,100,119,sloppy,0,3
C1ctl,5,120,120,greedy,1,6
C1ctl,5,120,120,sloppy,1,6
C1ctl,5,120,121,greedy,0,0
C1ctl,5,120,121,sloppy,0,4
C1ctl,5,120,122,greedy,1,6
C1ctl,5,120,122,sloppy,0,3
C1ctl,5,120,123,greedy,0,3
C1ctl,5,120,123,sloppy,1,6
C1ctl,5,120,124,greedy,0,2
C1ctl,5,120,124,sloppy,0,5
C1ctl,5,120,125,greedy,0,1
C1ctl,5,120,125,sloppy,1,6
C1ctl,5,120,126,greedy,0,1
C1ctl,5,120,126,sloppy,0,4
C1ctl,5,120,127,greedy,1,6
C1ctl,5,120,127,sloppy,1,6
C1ctl,5,120,128,greedy,0,2
C1ctl,5,120,128,sloppy,0,2
C1ctl,5,120,129,greedy,0,5
C1ctl,5,120,129,sloppy,1,6
C1ctl,5,120,130,greedy,0,2
C1ctl,5,120,130,sloppy,0,2
C1ctl,5,120,131,greedy,0,1
C1ctl,5,120,131,sloppy,0,5
C1ctl,5,120,132,greedy,0,5
C1ctl,5,120,132,sloppy,0,1
C1ctl,5,120,133,greedy,0,3
C1ctl,5,120,133,sloppy,0,3
C1ctl,5,120,134,greedy,0,4
C1ctl,5,120,134,sloppy,1,6
C1ctl,5,120,135,greedy,0,5
C1ctl,5,120,135,sloppy,1,6
C1ctl,5,120,136,greedy,0,4
C1ctl,5,120,136,sloppy,0,5
C1ctl,5,120,137,greedy,1,6
C1ctl,5,120,137,sloppy,0,5
C1ctl,5,120,138,greedy,0,4
C1ctl,5,120,138,sloppy,0,3
C1ctl,5,120,139,greedy,0,2
C1ctl,5,120,139,sloppy,0,2
C1ctl,5,140,140,greedy,0,1
C1ctl,5,140,140,sloppy,0,2
C1ctl,5,140,141,greedy,0,2
C1ctl,5,140,141,sloppy,0,2
C1ctl,5,140,142,greedy,0,4
C1ctl,5,140,142,sloppy,0,3
C1ctl,5,140,143,greedy,0,1
C1ctl,5,140,143,sloppy,0,1
C1ctl,5,140,144,greedy,1,6
C1ctl,5,140,144,sloppy,0,3
C1ctl,5,140,145,greedy,1,6
C1ctl,5,140,145,sloppy,0,3
C1ctl,5,140,146,greedy,0,1
C1ctl,5,140,146,sloppy,0,1
C1ctl,5,140,147,greedy,0,1
C1ctl,5,140,147,sloppy,1,6
C1ctl,5,140,148,greedy,0,4
C1ctl,5,140,148,sloppy,1,6
C1ctl,5,140,149,greedy,1,6
C1ctl,5,140,149,sloppy,1,6
C1ctl,5,140,150,greedy,0,1
C1ctl,5,140,150,sloppy,1,6
C1ctl,5,140,151,greedy,0,3
C1ctl,5,140,151,sloppy,0,3
C1ctl,5,140,152,greedy,0,2
C1ctl,5,140,152,sloppy,0,2
C1ctl,5,140,153,greedy,0,4
C1ctl,5,140,153,sloppy,0,4
C1ctl,5,140,154,greedy,0,1
C1ctl,5,140,154,sloppy,0,4
C1ctl,5,140,155,greedy,1,6
C1ctl,5,140,155,sloppy,0,5
C1ctl,5,140,156,greedy,1,6
C1ctl,5,140,156,sloppy,0,0
C1ctl,5,140,157,greedy,0,1
C1ctl,5,140,157,sloppy,0,1
C1ctl,5,140,158,greedy,0,5
C1ctl,5,140,158,sloppy,0,2
C1ctl,5,140,159,greedy,0,5
C1ctl,5,140,159,sloppy,0,2
C1ctl,5,20,20,greedy,0,2
C1ctl,5,20,20,sloppy,0,4
C1ctl,5,20,21,greedy,0,4
C1ctl,5,20,21,sloppy,0,1
C1ctl,5,20,22,greedy,0,3
C1ctl,5,20,22,sloppy,0,2
C1ctl,5,20,23,greedy,0,5
C1ctl,5,20,23,sloppy,1,6
C1ctl,5,20,24,greedy,0,5
C1ctl,5,20,24,sloppy,0,0
C1ctl,5,20,25,greedy,0,5
C1ctl,5,20,25,sloppy,0,5
C1ctl,5,20,26,greedy,0,4
C1ctl,5,20,26,sloppy,0,2
C1ctl,5,20,27,greedy,1,6
C1ctl,5,20,27,sloppy,0,5
C1ctl,5,20,28,greedy,0,4
C1ctl,5,20,28,sloppy,0,4
C1ctl,5,20,29,greedy,0,3
C1ctl,5,20,29,sloppy,0,3
C1ctl,5,20,30,greedy,0,5
C1ctl,5,20,30,sloppy,0,4
C1ctl,5,20,31,greedy,0,3
C1ctl,5,20,31,sloppy,0,5
C1ctl,5,20,32,greedy,1,6
C1ctl,5,20,32,sloppy,0,5
C1ctl,5,20,33,greedy,0,0
C1ctl,5,20,33,sloppy,0,2
C1ctl,5,20,34,greedy,0,4
C1ctl,5,20,34,sloppy,1,6
C1ctl,5,20,35,greedy,0,2
C1ctl,5,20,35,sloppy,0,2
C1ctl,5,20,36,greedy,0,2
C1ctl,5,20,36,sloppy,0,2
C1ctl,5,20,37,greedy,0,5
C1ctl,5,20,37,sloppy,1,6
C1ctl,5,20,38,greedy,0,3
C1ctl,5,20,38,sloppy,1,6
C1ctl,5,20,39,greedy,0,4
C1ctl,5,20,39,sloppy,0,4
C1ctl,5,40,40,greedy,0,2
C1ctl,5,40,40,sloppy,0,2
C1ctl,5,40,41,greedy,0,5
C1ctl,5,40,41,sloppy,0,5
C1ctl,5,40,42,greedy,1,6
C1ctl,5,40,42,sloppy,0,0
C1ctl,5,40,43,greedy,0,3
C1ctl,5,40,43,sloppy,0,2
C1ctl,5,40,44,greedy,0,3
C1ctl,5,40,44,sloppy,0,3
C1ctl,5,40,45,greedy,0,4
C1ctl,5,40,45,sloppy,1,6
C1ctl,5,40,46,greedy,0,0
C1ctl,5,40,46,sloppy,0,0
C1ctl,5,40,47,greedy,0,5
C1ctl,5,40,47,sloppy,1,6
C1ctl,5,40,48,greedy,0,2
C1ctl,5,40,48,sloppy,0,2
C1ctl,5,40,49,greedy,0,5
C1ctl,5,40,49,sloppy,0,5
C1ctl,5,40,50,greedy,0,4
C1ctl,5,40,50,sloppy,0,4
C1ctl,5,40,51,greedy,0,5
C1ctl,5,40,51,sloppy,1,6
C1ctl,5,40,52,greedy,0,1
C1ctl,5,40,52,sloppy,0,1
C1ctl,5,40,53,greedy,1,6
C1ctl,5,40,53,sloppy,0,5
C1ctl,5,40,54,greedy,1,6
C1ctl,5,40,54,sloppy,0,5
C1ctl,5,40,55,greedy,0,5
C1ctl,5,40,55,sloppy,1,6
C1ctl,5,40,56,greedy,0,5
C1ctl,5,40,56,sloppy,0,5
C1ctl,5,40,57,greedy,0,2
C1ctl,5,40,57,sloppy,0,5
C1ctl,5,40,58,greedy,0,2
C1ctl,5,40,58,sloppy,0,2
C1ctl,5,40,59,greedy,0,4
C1ctl,5,40,59,sloppy,0,5
C1ctl,5,60,60,greedy,0,1
C1ctl,5,60,60,sloppy,0,5
C1ctl,5,60,61,greedy,0,2
C1ctl,5,60,61,sloppy,0,2
C1ctl,5,60,62,greedy,0,5
C1ctl,5,60,62,sloppy,1,6
C1ctl,5,60,63,greedy,0,3
C1ctl,5,60,63,sloppy,1,6
C1ctl,5,60,64,greedy,0,1
C1ctl,5,60,64,sloppy,0,3
C1ctl,5,60,65,greedy,1,6
C1ctl,5,60,65,sloppy,0,2
C1ctl,5,60,66,greedy,0,5
C1ctl,5,60,66,sloppy,0,2
C1ctl,5,60,67,greedy,0,4
C1ctl,5,60,67,sloppy,0,4
C1ctl,5,60,68,greedy,0,5
C1ctl,5,60,68,sloppy,0,3
C1ctl,5,60,69,greedy,1,6
C1ctl,5,60,69,sloppy,1,6
C1ctl,5,60,70,greedy,1,6
C1ctl,5,60,70,sloppy,0,4
C1ctl,5,60,71,greedy,1,6
C1ctl,5,60,71,sloppy,1,6
C1ctl,5,60,72,greedy,0,2
C1ctl,5,60,72,sloppy,0,2
C1ctl,5,60,73,greedy,0,3
C1ctl,5,60,73,sloppy,0,5
C1ctl,5,60,74,greedy,0,2
C1ctl,5,60,74,sloppy,1,6
C1ctl,5,60,75,greedy,0,5
C1ctl,5,60,75,sloppy,0,5
C1ctl,5,60,76,greedy,0,2
C1ctl,5,60,76,sloppy,0,1
C1ctl,5,60,77,greedy,0,2
C1ctl,5,60,77,sloppy,1,6
C1ctl,5,60,78,greedy,1,6
C1ctl,5,60,78,sloppy,0,5
C1ctl,5,60,79,greedy,1,6
C1ctl,5,60,79,sloppy,0,2
C1ctl,5,80,80,greedy,0,3
C1ctl,5,80,80,sloppy,1,6
C1ctl,5,80,81,greedy,0,5
C1ctl,5,80,81,sloppy,0,2
C1ctl,5,80,82,greedy,0,2
C1ctl,5,80,82,sloppy,0,2
C1ctl,5,80,83,greedy,1,6
C1ctl,5,80,83,sloppy,0,5
C1ctl,5,80,84,greedy,1,6
C1ctl,5,80,84,sloppy,0,5
C1ctl,5,80,85,greedy,0,4
C1ctl,5,80,85,sloppy,1,6
C1ctl,5,80,86,greedy,0,5
C1ctl,5,80,86,sloppy,0,5
C1ctl,5,80,87,greedy,0,1
C1ctl,5,80,87,sloppy,0,1
C1ctl,5,80,88,greedy,0,2
C1ctl,5,80,88,sloppy,0,2
C1ctl,5,80,89,greedy,0,4
C1ctl,5,80,89,sloppy,0,4
C1ctl,5,80,90,greedy,0,4
C1ctl,5,80,90,sloppy,1,6
C1ctl,5,80,91,greedy,1,6
C1ctl,5,80,91,sloppy,0,4
C1ctl,5,80,92,greedy,0,5
C1ctl,5,80,92,sloppy,1,6
C1ctl,5,80,93,greedy,1,6
C1ctl,5,80,93,sloppy,1,6
C1ctl,5,80,94,greedy,0,2
C1ctl,5,80,94,sloppy,0,2
C1ctl,5,80,95,greedy,0,5
C1ctl,5,80,95,sloppy,1,6
C1ctl,5,80,96,greedy,0,4
C1ctl,5,80,96,sloppy,0,4
C1ctl,5,80,97,greedy,0,2
C1ctl,5,80,97,sloppy,0,2
C1ctl,5,80,98,greedy,0,3
C1ctl,5,80,98,sloppy,0,3
C1ctl,5,80,99,greedy,0,4
C1ctl,5,80,99,sloppy,0,3
C1ctl,6,0,0,greedy,1,6
C1ctl,6,0,0,sloppy,0,2
C1ctl,6,0,1,greedy,0,4
C1ctl,6,0,1,sloppy,1,6
C1ctl,6,0,2,greedy,0,2
C1ctl,6,0,2,sloppy,0,5
C1ctl,6,0,3,greedy,0,4
C1ctl,6,0,3,sloppy,0,4
C1ctl,6,0,4,greedy,0,3
C1ctl,6,0,4,sloppy,0,3
C1ctl,6,0,5,greedy,0,5
C1ctl,6,0,5,sloppy,1,6
C1ctl,6,0,6,greedy,0,3
C1ctl,6,0,6,sloppy,1,6
C1ctl,6,0,7,greedy,0,4
C1ctl,6,0,7,sloppy,0,4
C1ctl,6,0,8,greedy,0,3
C1ctl,6,0,8,sloppy,0,3
C1ctl,6,0,9,greedy,0,3
C1ctl,6,0,9,sloppy,1,6
C1ctl,6,0,10,greedy,1,6
C1ctl,6,0,10,sloppy,0,1
C1ctl,6,0,11,greedy,0,5
C1ctl,6,0,11,sloppy,1,6
C1ctl,6,0,12,greedy,0,2
C1ctl,6,0,12,sloppy,0,3
C1ctl,6,0,13,greedy,0,5
C1ctl,6,0,13,sloppy,0,5
C1ctl,6,0,14,greedy,0,3
C1ctl,6,0,14,sloppy,0,3
C1ctl,6,0,15,greedy,0,5
C1ctl,6,0,15,sloppy,0,5
C1ctl,6,0,16,greedy,0,1
C1ctl,6,0,16,sloppy,0,1
C1ctl,6,0,17,greedy,1,6
C1ctl,6,0,17,sloppy,0,5
C1ctl,6,0,18,greedy,1,6
C1ctl,6,0,18,sloppy,1,6
C1ctl,6,0,19,greedy,0,3
C1ctl,6,0,19,sloppy,0,4
C1ctl,6,100,100,greedy,0,5
C1ctl,6,100,100,sloppy,1,6
C1ctl,6,100,101,greedy,0,3
C1ctl,6,100,101,sloppy,1,6
C1ctl,6,100,102,greedy,0,4
C1ctl,6,100,102,sloppy,0,4
C1ctl,6,100,103,greedy,0,5
C1ctl,6,100,103,sloppy,1,6
C1ctl,6,100,104,greedy,0,2
C1ctl,6,100,104,sloppy,0,2
C1ctl,6,100,105,greedy,0,3
C1ctl,6,100,105,sloppy,0,1
C1ctl,6,100,106,greedy,0,3
C1ctl,6,100,106,sloppy,0,3
C1ctl,6,100,107,greedy,0,5
C1ctl,6,100,107,sloppy,0,5
C1ctl,6,100,108,greedy,0,2
C1ctl,6,100,108,sloppy,0,2
C1ctl,6,100,109,greedy,1,6
C1ctl,6,100,109,sloppy,0,4
C1ctl,6,100,110,greedy,0,3
C1ctl,6,100,110,sloppy,0,1
C1ctl,6,100,111,greedy,0,2
C1ctl,6,100,111,sloppy,0,2
C1ctl,6,100,112,greedy,0,5
C1ctl,6,100,112,sloppy,0,4
C1ctl,6,100,113,greedy,1,6
C1ctl,6,100,113,sloppy,0,5
C1ctl,6,100,114,greedy,1,6
C1ctl,6,100,114,sloppy,0,2
C1ctl,6,100,115,greedy,0,2
C1ctl,6,100,115,sloppy,0,2
C1ctl,6,100,116,greedy,0,1
C1ctl,6,100,116,sloppy,0,1
C1ctl,6,100,117,greedy,0,2
C1ctl,6,100,117,sloppy,0,2
C1ctl,6,100,118,greedy,0,5
C1ctl,6,100,118,sloppy,0,5
C1ctl,6,100,119,greedy,0,3
C1ctl,6,100,119,sloppy,0,4
C1ctl,6,120,120,greedy,0,3
C1ctl,6,120,120,sloppy,0,3
C1ctl,6,120,121,greedy,0,2
C1ctl,6,120,121,sloppy,0,2
C1ctl,6,120,122,greedy,1,6
C1ctl,6,120,122,sloppy,0,3
C1ctl,6,120,123,greedy,0,5
C1ctl,6,120,123,sloppy,1,6
C1ctl,6,120,124,greedy,0,2
C1ctl,6,120,124,sloppy,0,2
C1ctl,6,120,125,greedy,0,1
C1ctl,6,120,125,sloppy,0,1
C1ctl,6,120,126,greedy,0,1
C1ctl,6,120,126,sloppy,0,4
C1ctl,6,120,127,greedy,1,6
C1ctl,6,120,127,sloppy,1,6
C1ctl,6,120,128,greedy,0,3
C1ctl,6,120,128,sloppy,1,6
C1ctl,6,120,129,greedy,0,5
C1ctl,6,120,129,sloppy,1,6
C1ctl,6,120,130,greedy,0,0
C1ctl,6,120,130,sloppy,0,2
C1ctl,6,120,131,greedy,1,6
C1ctl,6,120,131,sloppy,0,5
C1ctl,6,120,132,greedy,0,5
C1ctl,6,120,132,sloppy,0,3
C1ctl,6,120,133,greedy,0,5
C1ctl,6,120,133,sloppy,0,5
C1ctl,6,120,134,greedy,0,5
C1ctl,6,120,134,sloppy,0,3
C1ctl,6,120,135,greedy,0,5
C1ctl,6,120,135,sloppy,0,4
C1ctl,6,120,136,greedy,0,5
C1ctl,6,120,136,sloppy,0,1
C1ctl,6,120,137,greedy,0,5
C1ctl,6,120,137,sloppy,0,5
C1ctl,6,120,138,greedy,0,4
C1ctl,6,120,138,sloppy,0,4
C1ctl,6,120,139,greedy,0,2
C1ctl,6,120,139,sloppy,0,2
C1ctl,6,140,140,greedy,0,2
C1ctl,6,140,140,sloppy,0,2
C1ctl,6,140,141,greedy,0,2
C1ctl,6,140,141,sloppy,0,2
C1ctl,6,140,142,greedy,0,3
C1ctl,6,140,142,sloppy,0,3
C1ctl,6,140,143,greedy,1,6
C1ctl,6,140,143,sloppy,1,6
C1ctl,6,140,144,greedy,0,5
C1ctl,6,140,144,sloppy,0,5
C1ctl,6,140,145,greedy,0,2
C1ctl,6,140,145,sloppy,0,5
C1ctl,6,140,146,greedy,0,4
C1ctl,6,140,146,sloppy,0,1
C1ctl,6,140,147,greedy,1,6
C1ctl,6,140,147,sloppy,1,6
C1ctl,6,140,148,greedy,0,5
C1ctl,6,140,148,sloppy,0,4
C1ctl,6,140,149,greedy,0,2
C1ctl,6,140,149,sloppy,0,5
C1ctl,6,140,150,greedy,0,3
C1ctl,6,140,150,sloppy,1,6
C1ctl,6,140,151,greedy,0,0
C1ctl,6,140,151,sloppy,0,5
C1ctl,6,140,152,greedy,0,5
C1ctl,6,140,152,sloppy,1,6
C1ctl,6,140,153,greedy,0,4
C1ctl,6,140,153,sloppy,0,4
C1ctl,6,140,154,greedy,0,2
C1ctl,6,140,154,sloppy,0,2
C1ctl,6,140,155,greedy,0,3
C1ctl,6,140,155,sloppy,1,6
C1ctl,6,140,156,greedy,0,0
C1ctl,6,140,156,sloppy,0,0
C1ctl,6,140,157,greedy,0,5
C1ctl,6,140,157,sloppy,0,3
C1ctl,6,140,158,greedy,0,2
C1ctl,6,140,158,sloppy,1,6
C1ctl,6,140,159,greedy,0,1
C1ctl,6,140,159,sloppy,0,2
C1ctl,6,160,160,greedy,1,6
C1ctl,6,160,160,sloppy,1,6
C1ctl,6,160,161,greedy,0,2
C1ctl,6,160,161,sloppy,0,2
C1ctl,6,160,162,greedy,1,6
C1ctl,6,160,162,sloppy,0,4
C1ctl,6,160,163,greedy,0,1
C1ctl,6,160,163,sloppy,1,6
C1ctl,6,160,164,greedy,0,3
C1ctl,6,160,164,sloppy,0,5
C1ctl,6,160,165,greedy,0,2
C1ctl,6,160,165,sloppy,0,2
C1ctl,6,160,166,greedy,0,3
C1ctl,6,160,166,sloppy,0,3
C1ctl,6,160,167,greedy,0,2
C1ctl,6,160,167,sloppy,0,2
C1ctl,6,160,168,greedy,0,2
C1ctl,6,160,168,sloppy,1,6
C1ctl,6,160,169,greedy,0,2
C1ctl,6,160,169,sloppy,0,3
C1ctl,6,160,170,greedy,0,2
C1ctl,6,160,170,sloppy,1,6
C1ctl,6,160,171,greedy,0,1
C1ctl,6,160,171,sloppy,0,1
C1ctl,6,160,172,greedy,1,6
C1ctl,6,160,172,sloppy,0,5
C1ctl,6,160,173,greedy,0,4
C1ctl,6,160,173,sloppy,0,5
C1ctl,6,160,174,greedy,0,3
C1ctl,6,160,174,sloppy,1,6
C1ctl,6,160,175,greedy,0,2
C1ctl,6,160,175,sloppy,0,2
C1ctl,6,160,176,greedy,1,6
C1ctl,6,160,176,sloppy,0,3
C1ctl,6,160,177,greedy,1,6
C1ctl,6,160,177,sloppy,0,2
C1ctl,6,160,178,greedy,1,6
C1ctl,6,160,178,sloppy,1,6
C1ctl,6,160,179,greedy,1,6
C1ctl,6,160,179,sloppy,0,4
C1ctl,6,180,180,greedy,0,2
C1ctl,6,180,180,sloppy,0,4
C1ctl,6,180,181,greedy,0,2
C1ctl,6,180,181,sloppy,0,5
C1ctl,6,180,182,greedy,0,1
C1ctl,6,180,182,sloppy,0,1
C1ctl,6,180,183,greedy,1,6
C1ctl,6,180,183,sloppy,1,6
C1ctl,6,180,184,greedy,0,5
C1ctl,6,180,184,sloppy,0,5
C1ctl,6,180,185,greedy,0,4
C1ctl,6,180,185,sloppy,0,5
C1ctl,6,180,186,greedy,0,1
C1ctl,6,180,186,sloppy,0,4
C1ctl,6,180,187,greedy,0,0
C1ctl,6,180,187,sloppy,1,6
C1ctl,6,180,188,greedy,0,4
C1ctl,6,180,188,sloppy,0,2
C1ctl,6,180,189,greedy,0,2
C1ctl,6,180,189,sloppy,0,2
C1ctl,6,180,190,greedy,0,2
C1ctl,6,180,190,sloppy,0,2
C1ctl,6,180,191,greedy,0,5
C1ctl,6,180,191,sloppy,0,5
C1ctl,6,180,192,greedy,0,5
C1ctl,6,180,192,sloppy,0,2
C1ctl,6,180,193,greedy,0,2
C1ctl,6,180,193,sloppy,0,2
C1ctl,6,180,194,greedy,0,0
C1ctl,6,180,194,sloppy,0,5
C1ctl,6,180,195,greedy,0,3
C1ctl,6,180,195,sloppy,0,5
C1ctl,6,180,196,greedy,1,6
C1ctl,6,180,196,sloppy,1,6
C1ctl,6,180,197,greedy,0,2
C1ctl,6,180,197,sloppy,0,2
C1ctl,6,180,198,greedy,0,1
C1ctl,6,180,198,sloppy,0,2
C1ctl,6,180,199,greedy,0,4
C1ctl,6,180,199,sloppy,0,5
C1ctl,6,20,20,greedy,0,4
C1ctl,6,20,20,sloppy,0,2
C1ctl,6,20,21,greedy,0,4
C1ctl,6,20,21,sloppy,0,4
C1ctl,6,20,22,greedy,0,2
C1ctl,6,20,22,sloppy,0,0
C1ctl,6,20,23,greedy,0,1
C1ctl,6,20,23,sloppy,0,2
C1ctl,6,20,24,greedy,0,3
C1ctl,6,20,24,sloppy,0,3
C1ctl,6,20,25,greedy,0,1
C1ctl,6,20,25,sloppy,0,5
C1ctl,6,20,26,greedy,0,2
C1ctl,6,20,26,sloppy,0,2
C1ctl,6,20,27,greedy,0,4
C1ctl,6,20,27,sloppy,0,4
C1ctl,6,20,28,greedy,0,3
C1ctl,6,20,28,sloppy,0,2
C1ctl,6,20,29,greedy,0,1
C1ctl,6,20,29,sloppy,0,1
C1ctl,6,20,30,greedy,0,1
C1ctl,6,20,30,sloppy,1,6
C1ctl,6,20,31,greedy,1,6
C1ctl,6,20,31,sloppy,0,3
C1ctl,6,20,32,greedy,0,3
C1ctl,6,20,32,sloppy,0,5
C1ctl,6,20,33,greedy,1,6
C1ctl,6,20,33,sloppy,0,3
C1ctl,6,20,34,greedy,0,4
C1ctl,6,20,34,sloppy,1,6
C1ctl,6,20,35,greedy,0,2
C1ctl,6,20,35,sloppy,0,2
C1ctl,6,20,36,greedy,0,5
C1ctl,6,20,36,sloppy,0,2
C1ctl,6,20,37,greedy,1,6
C1ctl,6,20,37,sloppy,1,6
C1ctl,6,20,38,greedy,0,3
C1ctl,6,20,38,sloppy,0,3
C1ctl,6,20,39,greedy,0,2
C1ctl,6,20,39,sloppy,0,2
C1ctl,6,200,200,greedy,1,6
C1ctl,6,200,200,sloppy,0,5
C1ctl,6,200,201,greedy,0,4
C1ctl,6,200,201,sloppy,0,2
C1ctl,6,200,202,greedy,0,5
C1ctl,6,200,202,sloppy,0,3
C1ctl,6,200,203,greedy,0,4
C1ctl,6,200,203,sloppy,0,4
C1ctl,6,200,204,greedy,0,5
C1ctl,6,200,204,sloppy,0,5
C1ctl,6,200,205,greedy,0,2
C1ctl,6,200,205,sloppy,0,5
C1ctl,6,200,206,greedy,0,3
C1ctl,6,200,206,sloppy,0,5
C1ctl,6,200,207,greedy,0,5
C1ctl,6,200,207,sloppy,0,4
C1ctl,6,200,208,greedy,0,4
C1ctl,6,200,208,sloppy,0,4
C1ctl,6,200,209,greedy,0,5
C1ctl,6,200,209,sloppy,0,5
C1ctl,6,200,210,greedy,0,2
C1ctl,6,200,210,sloppy,0,5
C1ctl,6,200,211,greedy,0,3
C1ctl,6,200,211,sloppy,0,4
C1ctl,6,200,212,greedy,0,5
C1ctl,6,200,212,sloppy,0,5
C1ctl,6,200,213,greedy,0,2
C1ctl,6,200,213,sloppy,0,2
C1ctl,6,200,214,greedy,1,6
C1ctl,6,200,214,sloppy,0,4
C1ctl,6,200,215,greedy,0,2
C1ctl,6,200,215,sloppy,0,2
C1ctl,6,200,216,greedy,0,3
C1ctl,6,200,216,sloppy,0,3
C1ctl,6,200,217,greedy,1,6
C1ctl,6,200,217,sloppy,0,5
C1ctl,6,200,218,greedy,0,4
C1ctl,6,200,218,sloppy,0,4
C1ctl,6,200,219,greedy,0,2
C1ctl,6,200,219,sloppy,0,2
C1ctl,6,220,220,greedy,0,2
C1ctl,6,220,220,sloppy,1,6
C1ctl,6,220,221,greedy,0,0
C1ctl,6,220,221,sloppy,0,5
C1ctl,6,220,222,greedy,1,6
C1ctl,6,220,222,sloppy,1,6
C1ctl,6,220,223,greedy,1,6
C1ctl,6,220,223,sloppy,1,6
C1ctl,6,220,224,greedy,0,4
C1ctl,6,220,224,sloppy,0,4
C1ctl,6,220,225,greedy,0,4
C1ctl,6,220,225,sloppy,0,5
C1ctl,6,220,226,greedy,0,1
C1ctl,6,220,226,sloppy,0,1
C1ctl,6,220,227,greedy,0,5
C1ctl,6,220,227,sloppy,0,4
C1ctl,6,220,228,greedy,0,3
C1ctl,6,220,228,sloppy,0,2
C1ctl,6,220,229,greedy,0,2
C1ctl,6,220,229,sloppy,0,2
C1ctl,6,220,230,greedy,0,5
C1ctl,6,220,230,sloppy,0,5
C1ctl,6,220,231,greedy,1,6
C1ctl,6,220,231,sloppy,0,5
C1ctl,6,220,232,greedy,0,2
C1ctl,6,220,232,sloppy,0,0
C1ctl,6,220,233,greedy,0,1
C1ctl,6,220,233,sloppy,0,0
C1ctl,6,220,234,greedy,0,2
C1ctl,6,220,234,sloppy,0,0
C1ctl,6,220,235,greedy,0,2
C1ctl,6,220,235,sloppy,0,2
C1ctl,6,220,236,greedy,0,2
C1ctl,6,220,236,sloppy,0,1
C1ctl,6,220,237,greedy,0,1
C1ctl,6,220,237,sloppy,0,4
C1ctl,6,220,238,greedy,1,6
C1ctl,6,220,238,sloppy,0,2
C1ctl,6,220,239,greedy,0,4
C1ctl,6,220,239,sloppy,0,4
C1ctl,6,240,240,greedy,0,3
C1ctl,6,240,240,sloppy,0,3
C1ctl,6,240,241,greedy,1,6
C1ctl,6,240,241,sloppy,0,5
C1ctl,6,240,242,greedy,0,3
C1ctl,6,240,242,sloppy,0,4
C1ctl,6,240,243,greedy,0,0
C1ctl,6,240,243,sloppy,0,1
C1ctl,6,240,244,greedy,0,3
C1ctl,6,240,244,sloppy,0,3
C1ctl,6,240,245,greedy,0,2
C1ctl,6,240,245,sloppy,1,6
C1ctl,6,240,246,greedy,0,4
C1ctl,6,240,246,sloppy,0,2
C1ctl,6,240,247,greedy,0,5
C1ctl,6,240,247,sloppy,1,6
C1ctl,6,240,248,greedy,0,4
C1ctl,6,240,248,sloppy,0,5
C1ctl,6,240,249,greedy,0,1
C1ctl,6,240,249,sloppy,0,1
C1ctl,6,240,250,greedy,0,2
C1ctl,6,240,250,sloppy,0,2
C1ctl,6,240,251,greedy,0,1
C1ctl,6,240,251,sloppy,0,1
C1ctl,6,240,252,greedy,0,3
C1ctl,6,240,252,sloppy,1,6
C1ctl,6,240,253,greedy,0,5
C1ctl,6,240,253,sloppy,1,6
C1ctl,6,240,254,greedy,1,6
C1ctl,6,240,254,sloppy,1,6
C1ctl,6,240,255,greedy,0,4
C1ctl,6,240,255,sloppy,0,5
C1ctl,6,240,256,greedy,0,1
C1ctl,6,240,256,sloppy,0,5
C1ctl,6,240,257,greedy,0,2
C1ctl,6,240,257,sloppy,0,3
C1ctl,6,240,258,greedy,0,3
C1ctl,6,240,258,sloppy,0,1
C1ctl,6,240,259,greedy,0,4
C1ctl,6,240,259,sloppy,0,4
C1ctl,6,260,260,greedy,0,5
C1ctl,6,260,260,sloppy,1,6
C1ctl,6,260,261,greedy,0,4
C1ctl,6,260,261,sloppy,1,6
C1ctl,6,260,262,greedy,0,5
C1ctl,6,260,262,sloppy,0,5
C1ctl,6,260,263,greedy,0,2
C1ctl,6,260,263,sloppy,1,6
C1ctl,6,260,264,greedy,0,5
C1ctl,6,260,264,sloppy,0,5
C1ctl,6,260,265,greedy,0,3
C1ctl,6,260,265,sloppy,0,2
C1ctl,6,260,266,greedy,0,2
C1ctl,6,260,266,sloppy,0,5
C1ctl,6,260,267,greedy,1,6
C1ctl,6,260,267,sloppy,0,5
C1ctl,6,260,268,greedy,0,2
C1ctl,6,260,268,sloppy,0,1
C1ctl,6,260,269,greedy,0,2
C1ctl,6,260,269,sloppy,0,2
C1ctl,6,260,270,greedy,1,6
C1ctl,6,260,270,sloppy,0,5
C1ctl,6,260,271,greedy,0,2
C1ctl,6,260,271,sloppy,0,2
C1ctl,6,260,272,greedy,0,2
C1ctl,6,260,272,sloppy,0,2
C1ctl,6,260,273,greedy,0,3
C1ctl,6,260,273,sloppy,0,5
C1ctl,6,260,274,greedy,0,5
C1ctl,6,260,274,sloppy,0,3
C1ctl,6,260,275,greedy,1,6
C1ctl,6,260,275,sloppy,0,5
C1ctl,6,260,276,greedy,1,6
C1ctl,6,260,276,sloppy,0,5
C1ctl,6,260,277,greedy,0,2
C1ctl,6,260,277,sloppy,0,2
C1ctl,6,260,278,greedy,0,5
C1ctl,6,260,278,sloppy,0,3
C1ctl,6,260,279,greedy,1,6
C1ctl,6,260,279,sloppy,1,6
C1ctl,6,280,280,greedy,0,5
C1ctl,6,280,280,sloppy,1,6
C1ctl,6,280,281,greedy,0,2
C1ctl,6,280,281,sloppy,1,6
C1ctl,6,280,282,greedy,0,4
C1ctl,6,280,282,sloppy,0,1
C1ctl,6,280,283,greedy,0,1
C1ctl,6,280,283,sloppy,1,6
C1ctl,6,280,284,greedy,0,1
C1ctl,6,280,284,sloppy,1,6
C1ctl,6,280,285,greedy,0,1
C1ctl,6,280,285,sloppy,0,1
C1ctl,6,280,286,greedy,1,6
C1ctl,6,280,286,sloppy,0,5
C1ctl,6,280,287,greedy,0,3
C1ctl,6,280,287,sloppy,0,2
C1ctl,6,280,288,greedy,0,2
C1ctl,6,280,288,sloppy,0,2
C1ctl,6,280,289,greedy,1,6
C1ctl,6,280,289,sloppy,0,4
C1ctl,6,280,290,greedy,0,2
C1ctl,6,280,290,sloppy,1,6
C1ctl,6,280,291,greedy,0,2
C1ctl,6,280,291,sloppy,1,6
C1ctl,6,280,292,greedy,0,1
C1ctl,6,280,292,sloppy,0,4
C1ctl,6,280,293,greedy,0,4
C1ctl,6,280,293,sloppy,0,5
C1ctl,6,280,294,greedy,0,1
C1ctl,6,280,294,sloppy,0,3
C1ctl,6,280,295,greedy,0,2
C1ctl,6,280,295,sloppy,0,2
C1ctl,6,280,296,greedy,0,3
C1ctl,6,280,296,sloppy,1,6
C1ctl,6,280,297,greedy,0,3
C1ctl,6,280,297,sloppy,0,4
C1ctl,6,280,298,greedy,0,4
C1ctl,6,280,298,sloppy,0,5
C1ctl,6,280,299,greedy,0,2
C1ctl,6,280,299,sloppy,0,2
C1ctl,6,300,300,greedy,0,1
C1ctl,6,300,300,sloppy,0,4
C1ctl,6,300,301,greedy,0,5
C1ctl,6,300,301,sloppy,0,2
C1ctl,6,300,302,greedy,0,4
C1ctl,6,300,302,sloppy,0,4
C1ctl,6,300,303,greedy,1,6
C1ctl,6,300,303,sloppy,0,5
C1ctl,6,300,304,greedy,0,2
C1ctl,6,300,304,sloppy,0,2
C1ctl,6,300,305,greedy,0,2
C1ctl,6,300,305,sloppy,0,3
C1ctl,6,300,306,greedy,0,1
C1ctl,6,300,306,sloppy,0,2
C1ctl,6,300,307,greedy,0,1
C1ctl,6,300,307,sloppy,0,1
C1ctl,6,300,308,greedy,0,5
C1ctl,6,300,308,sloppy,0,5
C1ctl,6,300,309,greedy,0,5
C1ctl,6,300,309,sloppy,1,6
C1ctl,6,300,310,greedy,0,1
C1ctl,6,300,310,sloppy,0,1
C1ctl,6,300,311,greedy,0,3
C1ctl,6,300,311,sloppy,0,4
C1ctl,6,300,312,greedy,0,1
C1ctl,6,300,312,sloppy,0,2
C1ctl,6,300,313,greedy,1,6
C1ctl,6,300,313,sloppy,1,6
C1ctl,6,300,314,greedy,1,6
C1ctl,6,300,314,sloppy,1,6
C1ctl,6,300,315,greedy,0,4
C1ctl,6,300,315,sloppy,0,4
C1ctl,6,300,316,greedy,0,2
C1ctl,6,300,316,sloppy,0,0
C1ctl,6,300,317,greedy,0,3
C1ctl,6,300,317,sloppy,0,5
C1ctl,6,300,318,greedy,0,5
C1ctl,6,300,318,sloppy,1,6
C1ctl,6,300,319,greedy,0,3
C1ctl,6,300,319,sloppy,0,3
C1ctl,6,40,40,greedy,0,3
C1ctl,6,40,40,sloppy,0,5
C1ctl,6,40,41,greedy,0,3
C1ctl,6,40,41,sloppy,0,5
C1ctl,6,40,42,greedy,1,6
C1ctl,6,40,42,sloppy,0,4
C1ctl,6,40,43,greedy,0,4
C1ctl,6,40,43,sloppy,0,4
C1ctl,6,40,44,greedy,0,3
C1ctl,6,40,44,sloppy,0,2
C1ctl,6,40,45,greedy,0,3
C1ctl,6,40,45,sloppy,0,3
C1ctl,6,40,46,greedy,0,2
C1ctl,6,40,46,sloppy,0,5
C1ctl,6,40,47,greedy,1,6
C1ctl,6,40,47,sloppy,0,3
C1ctl,6,40,48,greedy,0,2
C1ctl,6,40,48,sloppy,0,2
C1ctl,6,40,49,greedy,0,5
C1ctl,6,40,49,sloppy,0,2
C1ctl,6,40,50,greedy,0,2
C1ctl,6,40,50,sloppy,0,4
C1ctl,6,40,51,greedy,0,1
C1ctl,6,40,51,sloppy,0,0
C1ctl,6,40,52,greedy,0,5
C1ctl,6,40,52,sloppy,0,5
C1ctl,6,40,53,greedy,0,2
C1ctl,6,40,53,sloppy,1,6
C1ctl,6,40,54,greedy,1,6
C1ctl,6,40,54,sloppy,1,6
C1ctl,6,40,55,greedy,0,2
C1ctl,6,40,55,sloppy,0,5
C1ctl,6,40,56,greedy,0,1
C1ctl,6,40,56,sloppy,1,6
C1ctl,6,40,57,greedy,0,2
C1ctl,6,40,57,sloppy,0,2
C1ctl,6,40,58,greedy,0,2
C1ctl,6,40,58,sloppy,1,6
C1ctl,6,40,59,greedy,0,5
C1ctl,6,40,59,sloppy,1,6
C1ctl,6,60,60,greedy,0,5
C1ctl,6,60,60,sloppy,0,5
C1ctl,6,60,61,greedy,0,5
C1ctl,6,60,61,sloppy,0,4
C1ctl,6,60,62,greedy,0,4
C1ctl,6,60,62,sloppy,0,2
C1ctl,6,60,63,greedy,0,1
C1ctl,6,60,63,sloppy,0,3
C1ctl,6,60,64,greedy,1,6
C1ctl,6,60,64,sloppy,0,1
C1ctl,6,60,65,greedy,0,2
C1ctl,6,60,65,sloppy,1,6
C1ctl,6,60,66,greedy,1,6
C1ctl,6,60,66,sloppy,1,6
C1ctl,6,60,67,greedy,0,1
C1ctl,6,60,67,sloppy,0,1
C1ctl,6,60,68,greedy,1,6
C1ctl,6,60,68,sloppy,0,5
C1ctl,6,60,69,greedy,0,5
C1ctl,6,60,69,sloppy,0,3
C1ctl,6,60,70,greedy,0,1
C1ctl,6,60,70,sloppy,0,5
C1ctl,6,60,71,greedy,0,2
C1ctl,6,60,71,sloppy,0,2
C1ctl,6,60,72,greedy,1,6
C1ctl,6,60,72,sloppy,0,5
C1ctl,6,60,73,greedy,0,5
C1ctl,6,60,73,sloppy,0,5
C1ctl,6,60,74,greedy,0,2
C1ctl,6,60,74,sloppy,0,2
C1ctl,6,60,75,greedy,0,2
C1ctl,6,60,75,sloppy,0,5
C1ctl,6,60,76,greedy,0,2
C1ctl,6,60,76,sloppy,0,2
C1ctl,6,60,77,greedy,0,2
C1ctl,6,60,77,sloppy,1,6
C1ctl,6,60,78,greedy,0,5
C1ctl,6,60,78,sloppy,0,2
C1ctl,6,60,79,greedy,0,3
C1ctl,6,60,79,sloppy,1,6
C1ctl,6,80,80,greedy,0,5
C1ctl,6,80,80,sloppy,0,5
C1ctl,6,80,81,greedy,0,3
C1ctl,6,80,81,sloppy,0,3
C1ctl,6,80,82,greedy,0,3
C1ctl,6,80,82,sloppy,0,3
C1ctl,6,80,83,greedy,0,0
C1ctl,6,80,83,sloppy,0,3
C1ctl,6,80,84,greedy,0,2
C1ctl,6,80,84,sloppy,1,6
C1ctl,6,80,85,greedy,0,5
C1ctl,6,80,85,sloppy,0,5
C1ctl,6,80,86,greedy,0,4
C1ctl,6,80,86,sloppy,0,4
C1ctl,6,80,87,greedy,0,1
C1ctl,6,80,87,sloppy,0,1
C1ctl,6,80,88,greedy,0,2
C1ctl,6,80,88,sloppy,0,5
C1ctl,6,80,89,greedy,0,3
C1ctl,6,80,89,sloppy,1,6
C1ctl,6,80,90,greedy,0,5
C1ctl,6,80,90,sloppy,0,0
C1ctl,6,80,91,greedy,0,5
C1ctl,6,80,91,sloppy,0,3
C1ctl,6,80,92,greedy,0,4
C1ctl,6,80,92,sloppy,1,6
C1ctl,6,80,93,greedy,0,1
C1ctl,6,80,93,sloppy,0,5
C1ctl,6,80,94,greedy,0,2
C1ctl,6,80,94,sloppy,0,2
C1ctl,6,80,95,greedy,1,6
C1ctl,6,80,95,sloppy,0,1
C1ctl,6,80,96,greedy,0,4
C1ctl,6,80,96,sloppy,1,6
C1ctl,6,80,97,greedy,0,4
C1ctl,6,80,97,sloppy,0,4
C1ctl,6,80,98,greedy,0,4
C1ctl,6,80,98,sloppy,0,4
C1ctl,6,80,99,greedy,0,3
C1ctl,6,80,99,sloppy,1,6
C1ctl,7,0,0,greedy,0,2
C1ctl,7,0,0,sloppy,1,6
C1ctl,7,0,1,greedy,0,4
C1ctl,7,0,1,sloppy,0,3
C1ctl,7,0,2,greedy,0,2
C1ctl,7,0,2,sloppy,0,2
C1ctl,7,0,3,greedy,0,4
C1ctl,7,0,3,sloppy,0,4
C1ctl,7,0,4,greedy,0,2
C1ctl,7,0,4,sloppy,0,3
C1ctl,7,0,5,greedy,0,2
C1ctl,7,0,5,sloppy,0,1
C1ctl,7,0,6,greedy,1,6
C1ctl,7,0,6,sloppy,0,4
C1ctl,7,0,7,greedy,0,2
C1ctl,7,0,7,sloppy,0,5
C1ctl,7,0,8,greedy,1,6
C1ctl,7,0,8,sloppy,1,6
C1ctl,7,0,9,greedy,0,3
C1ctl,7,0,9,sloppy,0,3
C1ctl,7,0,10,greedy,0,1
C1ctl,7,0,10,sloppy,0,1
C1ctl,7,0,11,greedy,0,3
C1ctl,7,0,11,sloppy,0,2
C1ctl,7,0,12,greedy,0,3
C1ctl,7,0,12,sloppy,0,3
C1ctl,7,0,13,greedy,0,5
C1ctl,7,0,13,sloppy,0,2
C1ctl,7,0,14,greedy,1,6
C1ctl,7,0,14,sloppy,0,3
C1ctl,7,0,15,greedy,1,6
C1ctl,7,0,15,sloppy,1,6
C1ctl,7,0,16,greedy,0,3
C1ctl,7,0,16,sloppy,0,3
C1ctl,7,0,17,greedy,0,4
C1ctl,7,0,17,sloppy,0,4
C1ctl,7,0,18,greedy,1,6
C1ctl,7,0,18,sloppy,0,5
C1ctl,7,0,19,greedy,0,3
C1ctl,7,0,19,sloppy,0,2
C1ctl,7,100,100,greedy,0,5
C1ctl,7,100,100,sloppy,0,5
C1ctl,7,100,101,greedy,0,3
C1ctl,7,100,101,sloppy,0,3
C1ctl,7,100,102,greedy,0,1
C1ctl,7,100,102,sloppy,0,3
C1ctl,7,100,103,greedy,1,6
C1ctl,7,100,103,sloppy,0,5
C1ctl,7,100,104,greedy,0,2
C1ctl,7,100,104,sloppy,0,3
C1ctl,7,100,105,greedy,1,6
C1ctl,7,100,105,sloppy,0,3
C1ctl,7,100,106,greedy,1,6
C1ctl,7,100,106,sloppy,0,3
C1ctl,7,100,107,greedy,0,3
C1ctl,7,100,107,sloppy,0,5
C1ctl,7,100,108,greedy,0,2
C1ctl,7,100,108,sloppy,0,2
C1ctl,7,100,109,greedy,0,2
C1ctl,7,100,109,sloppy,0,3
C1ctl,7,100,110,greedy,0,1
C1ctl,7,100,110,sloppy,0,1
C1ctl,7,100,111,greedy,0,5
C1ctl,7,100,111,sloppy,0,2
C1ctl,7,100,112,greedy,0,4
C1ctl,7,100,112,sloppy,0,4
C1ctl,7,100,113,greedy,1,6
C1ctl,7,100,113,sloppy,0,5
C1ctl,7,100,114,greedy,0,4
C1ctl,7,100,114,sloppy,0,5
C1ctl,7,100,115,greedy,0,2
C1ctl,7,100,115,sloppy,0,2
C1ctl,7,100,116,greedy,0,1
C1ctl,7,100,116,sloppy,0,1
C1ctl,7,100,117,greedy,0,2
C1ctl,7,100,117,sloppy,0,2
C1ctl,7,100,118,greedy,0,5
C1ctl,7,100,118,sloppy,1,6
C1ctl,7,100,119,greedy,0,4
C1ctl,7,100,119,sloppy,0,3
C1ctl,7,120,120,greedy,0,3
C1ctl,7,120,120,sloppy,0,3
C1ctl,7,120,121,greedy,0,2
C1ctl,7,120,121,sloppy,0,2
C1ctl,7,120,122,greedy,0,5
C1ctl,7,120,122,sloppy,0,5
C1ctl,7,120,123,greedy,0,5
C1ctl,7,120,123,sloppy,1,6
C1ctl,7,120,124,greedy,0,2
C1ctl,7,120,124,sloppy,0,2
C1ctl,7,120,125,greedy,0,1
C1ctl,7,120,125,sloppy,0,1
C1ctl,7,120,126,greedy,0,2
C1ctl,7,120,126,sloppy,0,2
C1ctl,7,120,127,greedy,1,6
C1ctl,7,120,127,sloppy,0,3
C1ctl,7,120,128,greedy,0,3
C1ctl,7,120,128,sloppy,0,3
C1ctl,7,120,129,greedy,0,5
C1ctl,7,120,129,sloppy,0,5
C1ctl,7,120,130,greedy,0,0
C1ctl,7,120,130,sloppy,0,2
C1ctl,7,120,131,greedy,1,6
C1ctl,7,120,131,sloppy,0,5
C1ctl,7,120,132,greedy,0,5
C1ctl,7,120,132,sloppy,0,5
C1ctl,7,120,133,greedy,0,5
C1ctl,7,120,133,sloppy,0,3
C1ctl,7,120,134,greedy,0,5
C1ctl,7,120,134,sloppy,0,3
C1ctl,7,120,135,greedy,0,2
C1ctl,7,120,135,sloppy,0,4
C1ctl,7,120,136,greedy,0,1
C1ctl,7,120,136,sloppy,0,3
C1ctl,7,120,137,greedy,1,6
C1ctl,7,120,137,sloppy,1,6
C1ctl,7,120,138,greedy,0,2
C1ctl,7,120,138,sloppy,0,2
C1ctl,7,120,139,greedy,0,2
C1ctl,7,120,139,sloppy,0,2
C1ctl,7,140,140,greedy,0,5
C1ctl,7,140,140,sloppy,0,5
C1ctl,7,140,141,greedy,0,2
C1ctl,7,140,141,sloppy,0,2
C1ctl,7,140,142,greedy,0,3
C1ctl,7,140,142,sloppy,0,3
C1ctl,7,140,143,greedy,0,5
C1ctl,7,140,143,sloppy,0,5
C1ctl,7,140,144,greedy,0,2
C1ctl,7,140,144,sloppy,0,5
C1ctl,7,140,145,greedy,0,2
C1ctl,7,140,145,sloppy,0,2
C1ctl,7,140,146,greedy,0,4
C1ctl,7,140,146,sloppy,0,1
C1ctl,7,140,147,greedy,0,1
C1ctl,7,140,147,sloppy,0,5
C1ctl,7,140,148,greedy,0,4
C1ctl,7,140,148,sloppy,0,4
C1ctl,7,140,149,greedy,0,3
C1ctl,7,140,149,sloppy,0,2
C1ctl,7,140,150,greedy,0,5
C1ctl,7,140,150,sloppy,0,4
C1ctl,7,140,151,greedy,0,0
C1ctl,7,140,151,sloppy,0,4
C1ctl,7,140,152,greedy,1,6
C1ctl,7,140,152,sloppy,1,6
C1ctl,7,140,153,greedy,0,5
C1ctl,7,140,153,sloppy,0,1
C1ctl,7,140,154,greedy,0,4
C1ctl,7,140,154,sloppy,0,2
C1ctl,7,140,155,greedy,1,6
C1ctl,7,140,155,sloppy,0,3
C1ctl,7,140,156,greedy,0,0
C1ctl,7,140,156,sloppy,0,0
C1ctl,7,140,157,greedy,0,3
C1ctl,7,140,157,sloppy,0,5
C1ctl,7,140,158,greedy,0,2
C1ctl,7,140,158,sloppy,0,2
C1ctl,7,140,159,greedy,0,5
C1ctl,7,140,159,sloppy,0,1
C1ctl,7,20,20,greedy,0,4
C1ctl,7,20,20,sloppy,0,2
C1ctl,7,20,21,greedy,0,4
C1ctl,7,20,21,sloppy,0,4
C1ctl,7,20,22,greedy,0,2
C1ctl,7,20,22,sloppy,0,0
C1ctl,7,20,23,greedy,0,2
C1ctl,7,20,23,sloppy,0,5
C1ctl,7,20,24,greedy,0,5
C1ctl,7,20,24,sloppy,0,3
C1ctl,7,20,25,greedy,0,5
C1ctl,7,20,25,sloppy,0,5
C1ctl,7,20,26,greedy,0,2
C1ctl,7,20,26,sloppy,0,2
C1ctl,7,20,27,greedy,0,4
C1ctl,7,20,27,sloppy,0,1
C1ctl,7,20,28,greedy,0,3
C1ctl,7,20,28,sloppy,0,4
C1ctl,7,20,29,greedy,0,3
C1ctl,7,20,29,sloppy,0,3
C1ctl,7,20,30,greedy,0,5
C1ctl,7,20,30,sloppy,0,4
C1ctl,7,20,31,greedy,0,3
C1ctl,7,20,31,sloppy,0,3
C1ctl,7,20,32,greedy,1,6
C1ctl,7,20,32,sloppy,0,3
C1ctl,7,20,33,greedy,0,3
C1ctl,7,20,33,sloppy,1,6
C1ctl,7,20,34,greedy,0,4
C1ctl,7,20,34,sloppy,0,4
C1ctl,7,20,35,greedy,0,2
C1ctl,7,20,35,sloppy,0,2
C1ctl,7,20,36,greedy,0,2
C1ctl,7,20,36,sloppy,0,2
C1ctl,7,20,37,greedy,1,6
C1ctl,7,20,37,sloppy,0,5
C1ctl,7,20,38,greedy,0,3
C1ctl,7,20,38,sloppy,0,2
C1ctl,7,20,39,greedy,0,2
C1ctl,7,20,39,sloppy,0,2
C1ctl,7,40,40,greedy,0,5
C1ctl,7,40,40,sloppy,1,6
C1ctl,7,40,41,greedy,1,6
C1ctl,7,40,41,sloppy,0,5
C1ctl,7,40,42,greedy,0,5
C1ctl,7,40,42,sloppy,1,6
C1ctl,7,40,43,greedy,0,3
C1ctl,7,40,43,sloppy,0,4
C1ctl,7,40,44,greedy,0,2
C1ctl,7,40,44,sloppy,0,3
C1ctl,7,40,45,greedy,0,3
C1ctl,7,40,45,sloppy,0,1
C1ctl,7,40,46,greedy,0,4
C1ctl,7,40,46,sloppy,0,5
C1ctl,7,40,47,greedy,0,5
C1ctl,7,40,47,sloppy,0,3
C1ctl,7,40,48,greedy,0,2
C1ctl,7,40,48,sloppy,0,2
C1ctl,7,40,49,greedy,0,5
C1ctl,7,40,49,sloppy,0,3
C1ctl,7,40,50,greedy,0,4
C1ctl,7,40,50,sloppy,0,2
C1ctl,7,40,51,greedy,0,5
C1ctl,7,40,51,sloppy,0,0
C1ctl,7,40,52,greedy,0,4
C1ctl,7,40,52,sloppy,1,6
C1ctl,7,40,53,greedy,0,2
C1ctl,7,40,53,sloppy,0,2
C1ctl,7,40,54,greedy,0,2
C1ctl,7,40,54,sloppy,1,6
C1ctl,7,40,55,greedy,0,4
C1ctl,7,40,55,sloppy,0,4
C1ctl,7,40,56,greedy,0,1
C1ctl,7,40,56,sloppy,0,1
C1ctl,7,40,57,greedy,0,5
C1ctl,7,40,57,sloppy,0,5
C1ctl,7,40,58,greedy,0,2
C1ctl,7,40,58,sloppy,0,2
C1ctl,7,40,59,greedy,0,2
C1ctl,7,40,59,sloppy,0,2
C1ctl,7,60,60,greedy,0,3
C1ctl,7,60,60,sloppy,0,5
C1ctl,7,60,61,greedy,0,2
C1ctl,7,60,61,sloppy,0,4
C1ctl,7,60,62,greedy,0,2
C1ctl,7,60,62,sloppy,0,2
C1ctl,7,60,63,greedy,0,1
C1ctl,7,60,63,sloppy,0,3
C1ctl,7,60,64,greedy,0,3
C1ctl,7,60,64,sloppy,0,3
C1ctl,7,60,65,greedy,0,1
C1ctl,7,60,65,sloppy,0,2
C1ctl,7,60,66,greedy,0,2
C1ctl,7,60,66,sloppy,1,6
C1ctl,7,60,67,greedy,0,1
C1ctl,7,60,67,sloppy,0,2
C1ctl,7,60,68,greedy,0,5
C1ctl,7,60,68,sloppy,0,5
C1ctl,7,60,69,greedy,0,5
C1ctl,7,60,69,sloppy,0,2
C1ctl,7,60,70,greedy,0,4
C1ctl,7,60,70,sloppy,0,4
C1ctl,7,60,71,greedy,1,6
C1ctl,7,60,71,sloppy,0,2
C1ctl,7,60,72,greedy,0,4
C1ctl,7,60,72,sloppy,0,4
C1ctl,7,60,73,greedy,0,5
C1ctl,7,60,73,sloppy,1,6
C1ctl,7,60,74,greedy,1,6
C1ctl,7,60,74,sloppy,0,2
C1ctl,7,60,75,greedy,0,5
C1ctl,7,60,75,sloppy,0,5
C1ctl,7,60,76,greedy,0,2
C1ctl,7,60,76,sloppy,0,2
C1ctl,7,60,77,greedy,1,6
C1ctl,7,60,77,sloppy,0,5
C1ctl,7,60,78,greedy,1,6
C1ctl,7,60,78,sloppy,0,2
C1ctl,7,60,79,greedy,0,2
C1ctl,7,60,79,sloppy,0,2
C1ctl,7,80,80,greedy,0,5
C1ctl,7,80,80,sloppy,1,6
C1ctl,7,80,81,greedy,0,3
C1ctl,7,80,81,sloppy,1,6
C1ctl,7,80,82,greedy,0,3
C1ctl,7,80,82,sloppy,0,3
C1ctl,7,80,83,greedy,0,0
C1ctl,7,80,83,sloppy,0,4
C1ctl,7,80,84,greedy,0,5
C1ctl,7,80,84,sloppy,0,5
C1ctl,7,80,85,greedy,1,6
C1ctl,7,80,85,sloppy,0,5
C1ctl,7,80,86,greedy,0,1
C1ctl,7,80,86,sloppy,0,5
C1ctl,7,80,87,greedy,0,1
C1ctl,7,80,87,sloppy,0,1
C1ctl,7,80,88,greedy,0,2
C1ctl,7,80,88,sloppy,0,2
C1ctl,7,80,89,greedy,0,2
C1ctl,7,80,89,sloppy,0,2
C1ctl,7,80,90,greedy,1,6
C1ctl,7,80,90,sloppy,0,0
C1ctl,7,80,91,greedy,0,4
C1ctl,7,80,91,sloppy,0,4
C1ctl,7,80,92,greedy,0,2
C1ctl,7,80,92,sloppy,0,4
C1ctl,7,80,93,greedy,0,1
C1ctl,7,80,93,sloppy,0,1
C1ctl,7,80,94,greedy,0,2
C1ctl,7,80,94,sloppy,0,2
C1ctl,7,80,95,greedy,0,3
C1ctl,7,80,95,sloppy,0,2
C1ctl,7,80,96,greedy,0,4
C1ctl,7,80,96,sloppy,0,4
C1ctl,7,80,97,greedy,0,4
C1ctl,7,80,97,sloppy,0,4
C1ctl,7,80,98,greedy,0,4
C1ctl,7,80,98,sloppy,0,3
C1ctl,7,80,99,greedy,0,3
C1ctl,7,80,99,sloppy,0,3
C1ctl,8,0,0,greedy,0,1
C1ctl,8,0,0,sloppy,0,2
C1ctl,8,0,1,greedy,0,2
C1ctl,8,0,1,sloppy,0,5
C1ctl,8,0,2,greedy,0,2
C1ctl,8,0,2,sloppy,0,2
C1ctl,8,0,3,greedy,0,4
C1ctl,8,0,3,sloppy,0,4
C1ctl,8,0,4,greedy,0,3
C1ctl,8,0,4,sloppy,0,3
C1ctl,8,0,5,greedy,0,4
C1ctl,8,0,5,sloppy,0,1
C1ctl,8,0,6,greedy,0,1
C1ctl,8,0,6,sloppy,0,3
C1ctl,8,0,7,greedy,0,2
C1ctl,8,0,7,sloppy,0,2
C1ctl,8,0,8,greedy,0,3
C1ctl,8,0,8,sloppy,0,3
C1ctl,8,0,9,greedy,0,2
C1ctl,8,0,9,sloppy,0,3
C1ctl,8,0,10,greedy,0,1
C1ctl,8,0,10,sloppy,0,1
C1ctl,8,0,11,greedy,0,2
C1ctl,8,0,11,sloppy,0,2
C1ctl,8,0,12,greedy,0,2
C1ctl,8,0,12,sloppy,0,3
C1ctl,8,0,13,greedy,0,5
C1ctl,8,0,13,sloppy,0,5
C1ctl,8,0,14,greedy,0,5
C1ctl,8,0,14,sloppy,0,5
C1ctl,8,0,15,greedy,1,6
C1ctl,8,0,15,sloppy,0,3
C1ctl,8,0,16,greedy,0,1
C1ctl,8,0,16,sloppy,0,3
C1ctl,8,0,17,greedy,0,4
C1ctl,8,0,17,sloppy,0,4
C1ctl,8,0,18,greedy,1,6
C1ctl,8,0,18,sloppy,0,3
C1ctl,8,0,19,greedy,0,4
C1ctl,8,0,19,sloppy,0,3
C1ctl,8,100,100,greedy,0,4
C1ctl,8,100,100,sloppy,0,5
C1ctl,8,100,101,greedy,0,3
C1ctl,8,100,101,sloppy,0,3
C1ctl,8,100,102,greedy,0,3
C1ctl,8,100,102,sloppy,0,3
C1ctl,8,100,103,greedy,0,5
C1ctl,8,100,103,sloppy,1,6
C1ctl,8,100,104,greedy,0,2
C1ctl,8,100,104,sloppy,0,2
C1ctl,8,100,105,greedy,0,3
C1ctl,8,100,105,sloppy,0,3
C1ctl,8,100,106,greedy,1,6
C1ctl,8,100,106,sloppy,0,5
C1ctl,8,100,107,greedy,0,5
C1ctl,8,100,107,sloppy,1,6
C1ctl,8,100,108,greedy,0,2
C1ctl,8,100,108,sloppy,0,2
C1ctl,8,100,109,greedy,0,2
C1ctl,8,100,109,sloppy,0,3
C1ctl,8,100,110,greedy,0,2
C1ctl,8,100,110,sloppy,0,1
C1ctl,8,100,111,greedy,0,2
C1ctl,8,100,111,sloppy,0,2
C1ctl,8,100,112,greedy,0,3
C1ctl,8,100,112,sloppy,0,4
C1ctl,8,100,113,greedy,0,5
C1ctl,8,100,113,sloppy,0,4
C1ctl,8,100,114,greedy,0,2
C1ctl,8,100,114,sloppy,0,2
C1ctl,8,100,115,greedy,0,2
C1ctl,8,100,115,sloppy,0,3
C1ctl,8,100,116,greedy,0,3
C1ctl,8,100,116,sloppy,0,1
C1ctl,8,100,117,greedy,0,2
C1ctl,8,100,117,sloppy,0,2
C1ctl,8,100,118,greedy,0,3
C1ctl,8,100,118,sloppy,0,3
C1ctl,8,100,119,greedy,0,1
C1ctl,8,100,119,sloppy,0,1
C1ctl,8,120,120,greedy,0,3
C1ctl,8,120,120,sloppy,0,3
C1ctl,8,120,121,greedy,0,2
C1ctl,8,120,121,sloppy,0,2
C1ctl,8,120,122,greedy,0,3
C1ctl,8,120,122,sloppy,0,5
C1ctl,8,120,123,greedy,0,5
C1ctl,8,120,123,sloppy,1,6
C1ctl,8,120,124,greedy,0,2
C1ctl,8,120,124,sloppy,0,2
C1ctl,8,120,125,greedy,0,1
C1ctl,8,120,125,sloppy,0,3
C1ctl,8,120,126,greedy,0,4
C1ctl,8,120,126,sloppy,0,2
C1ctl,8,120,127,greedy,0,3
C1ctl,8,120,127,sloppy,0,3
C1ctl,8,120,128,greedy,0,3
C1ctl,8,120,128,sloppy,0,3
C1ctl,8,120,129,greedy,0,1
C1ctl,8,120,129,sloppy,0,5
C1ctl,8,120,130,greedy,0,0
C1ctl,8,120,130,sloppy,0,2
C1ctl,8,120,131,greedy,0,4
C1ctl,8,120,131,sloppy,1,6
C1ctl,8,120,132,greedy,1,6
C1ctl,8,120,132,sloppy,0,3
C1ctl,8,120,133,greedy,0,1
C1ctl,8,120,133,sloppy,0,3
C1ctl,8,120,134,greedy,0,3
C1ctl,8,120,134,sloppy,0,3
C1ctl,8,120,135,greedy,0,5
C1ctl,8,120,135,sloppy,0,4
C1ctl,8,120,136,greedy,0,1
C1ctl,8,120,136,sloppy,0,1
C1ctl,8,120,137,greedy,0,5
C1ctl,8,120,137,sloppy,0,5
C1ctl,8,120,138,greedy,0,4
C1ctl,8,120,138,sloppy,0,4
C1ctl,8,120,139,greedy,0,2
C1ctl,8,120,139,sloppy,0,2
C1ctl,8,140,140,greedy,0,2
C1ctl,8,140,140,sloppy,0,2
C1ctl,8,140,141,greedy,0,2
C1ctl,8,140,141,sloppy,0,2
C1ctl,8,140,142,greedy,0,4
C1ctl,8,140,142,sloppy,0,3
C1ctl,8,140,143,greedy,0,3
C1ctl,8,140,143,sloppy,0,3
C1ctl,8,140,144,greedy,0,4
C1ctl,8,140,144,sloppy,0,2
C1ctl,8,140,145,greedy,0,1
C1ctl,8,140,145,sloppy,0,2
C1ctl,8,140,146,greedy,1,6
C1ctl,8,140,146,sloppy,0,5
C1ctl,8,140,147,greedy,0,1
C1ctl,8,140,147,sloppy,0,1
C1ctl,8,140,148,greedy,0,3
C1ctl,8,140,148,sloppy,0,4
C1ctl,8,140,149,greedy,0,1
C1ctl,8,140,149,sloppy,0,2
C1ctl,8,140,150,greedy,0,4
C1ctl,8,140,150,sloppy,0,3
C1ctl,8,140,151,greedy,0,0
C1ctl,8,140,151,sloppy,0,3
C1ctl,8,140,152,greedy,1,6
C1ctl,8,140,152,sloppy,1,6
C1ctl,8,140,153,greedy,0,4
C1ctl,8,140,153,sloppy,0,1
C1ctl,8,140,154,greedy,0,2
C1ctl,8,140,154,sloppy,0,2
C1ctl,8,140,155,greedy,1,6
C1ctl,8,140,155,sloppy,0,1
C1ctl,8,140,156,greedy,0,0
C1ctl,8,140,156,sloppy,0,0
C1ctl,8,140,157,greedy,0,3
C1ctl,8,140,157,sloppy,0,5
C1ctl,8,140,158,greedy,0,2
C1ctl,8,140,158,sloppy,0,3
C1ctl,8,140,159,greedy,1,6
C1ctl,8,140,159,sloppy,0,1
C1ctl,8,20,20,greedy,0,2
C1ctl,8,20,20,sloppy,0,2
C1ctl,8,20,21,greedy,0,3
C1ctl,8,20,21,sloppy,0,4
C1ctl,8,20,22,greedy,0,2
C1ctl,8,20,22,sloppy,0,0
C1ctl,8,20,23,greedy,0,2
C1ctl,8,20,23,sloppy,0,1
C1ctl,8,20,24,greedy,0,5
C1ctl,8,20,24,sloppy,0,3
C1ctl,8,20,25,greedy,0,1
C1ctl,8,20,25,sloppy,0,5
C1ctl,8,20,26,greedy,0,2
C1ctl,8,20,26,sloppy,0,2
C1ctl,8,20,27,greedy,1,6
C1ctl,8,20,27,sloppy,0,0
C1ctl,8,20,28,greedy,1,6
C1ctl,8,20,28,sloppy,0,3
C1ctl,8,20,29,greedy,0,3
C1ctl,8,20,29,sloppy,0,3
C1ctl,8,20,30,greedy,0,4
C1ctl,8,20,30,sloppy,0,1
C1ctl,8,20,31,greedy,0,3
C1ctl,8,20,31,sloppy,0,3
C1ctl,8,20,32,greedy,1,6
C1ctl,8,20,32,sloppy,1,6
C1ctl,8,20,33,greedy,0,4
C1ctl,8,20,33,sloppy,0,4
C1ctl,8,20,34,greedy,1,6
C1ctl,8,20,34,sloppy,0,4
C1ctl,8,20,35,greedy,0,1
C1ctl,8,20,35,sloppy,0,2
C1ctl,8,20,36,greedy,0,2
C1ctl,8,20,36,sloppy,0,2
C1ctl,8,20,37,greedy,0,5
C1ctl,8,20,37,sloppy,1,6
C1ctl,8,20,38,greedy,0,3
C1ctl,8,20,38,sloppy,0,2
C1ctl,8,20,39,greedy,0,2
C1ctl,8,20,39,sloppy,0,2
C1ctl,8,40,40,greedy,0,2
C1ctl,8,40,40,sloppy,0,3
C1ctl,8,40,41,greedy,0,5
C1ctl,8,40,41,sloppy,0,3
C1ctl,8,40,42,greedy,0,5
C1ctl,8,40,42,sloppy,0,4
C1ctl,8,40,43,greedy,0,3
C1ctl,8,40,43,sloppy,0,3
C1ctl,8,40,44,greedy,0,3
C1ctl,8,40,44,sloppy,0,2
C1ctl,8,40,45,greedy,0,4
C1ctl,8,40,45,sloppy,0,4
C1ctl,8,40,46,greedy,0,5
C1ctl,8,40,46,sloppy,0,5
C1ctl,8,40,47,greedy,0,3
C1ctl,8,40,47,sloppy,0,5
C1ctl,8,40,48,greedy,0,2
C1ctl,8,40,48,sloppy,0,2
C1ctl,8,40,49,greedy,0,3
C1ctl,8,40,49,sloppy,0,3
C1ctl,8,40,50,greedy,0,4
C1ctl,8,40,50,sloppy,0,2
C1ctl,8,40,51,greedy,0,1
C1ctl,8,40,51,sloppy,0,0
C1ctl,8,40,52,greedy,0,4
C1ctl,8,40,52,sloppy,0,1
C1ctl,8,40,53,greedy,0,2
C1ctl,8,40,53,sloppy,0,2
C1ctl,8,40,54,greedy,0,2
C1ctl,8,40,54,sloppy,0,2
C1ctl,8,40,55,greedy,0,3
C1ctl,8,40,55,sloppy,0,2
C1ctl,8,40,56,greedy,0,1
C1ctl,8,40,56,sloppy,0,1
C1ctl,8,40,57,greedy,0,2
C1ctl,8,40,57,sloppy,0,3
C1ctl,8,40,58,greedy,0,2
C1ctl,8,40,58,sloppy,0,2
C1ctl,8,40,59,greedy,0,5
C1ctl,8,40,59,sloppy,0,2
C1ctl,8,60,60,greedy,0,3
C1ctl,8,60,60,sloppy,0,2
C1ctl,8,60,61,greedy,0,2
C1ctl,8,60,61,sloppy,0,5
C1ctl,8,60,62,greedy,0,2
C1ctl,8,60,62,sloppy,0,2
C1ctl,8,60,63,greedy,1,6
C1ctl,8,60,63,sloppy,0,3
C1ctl,8,60,64,greedy,0,2
C1ctl,8,60,64,sloppy,0,1
C1ctl,8,60,65,greedy,0,1
C1ctl,8,60,65,sloppy,0,1
C1ctl,8,60,66,greedy,0,2
C1ctl,8,60,66,sloppy,0,2
C1ctl,8,60,67,greedy,0,1
C1ctl,8,60,67,sloppy,0,2
C1ctl,8,60,68,greedy,0,3
C1ctl,8,60,68,sloppy,0,2
C1ctl,8,60,69,greedy,0,5
C1ctl,8,60,69,sloppy,0,3
C1ctl,8,60,70,greedy,0,1
C1ctl,8,60,70,sloppy,0,1
C1ctl,8,60,71,greedy,0,2
C1ctl,8,60,71,sloppy,0,2
C1ctl,8,60,72,greedy,0,4
C1ctl,8,60,72,sloppy,0,4
C1ctl,8,60,73,greedy,1,6
C1ctl,8,60,73,sloppy,0,5
C1ctl,8,60,74,greedy,0,2
C1ctl,8,60,74,sloppy,0,2
C1ctl,8,60,75,greedy,0,1
C1ctl,8,60,75,sloppy,0,5
C1ctl,8,60,76,greedy,0,2
C1ctl,8,60,76,sloppy,0,2
C1ctl,8,60,77,greedy,0,2
C1ctl,8,60,77,sloppy,1,6
C1ctl,8,60,78,greedy,0,2
C1ctl,8,60,78,sloppy,0,2
C1ctl,8,60,79,greedy,0,3
C1ctl,8,60,79,sloppy,0,2
C1ctl,8,80,80,greedy,0,2
C1ctl,8,80,80,sloppy,0,1
C1ctl,8,80,81,greedy,0,3
C1ctl,8,80,81,sloppy,1,6
C1ctl,8,80,82,greedy,0,3
C1ctl,8,80,82,sloppy,1,6
C1ctl,8,80,83,greedy,0,0
C1ctl,8,80,83,sloppy,0,3
C1ctl,8,80,84,greedy,1,6
C1ctl,8,80,84,sloppy,0,3
C1ctl,8,80,85,greedy,0,5
C1ctl,8,80,85,sloppy,0,5
C1ctl,8,80,86,greedy,0,1
C1ctl,8,80,86,sloppy,0,1
C1ctl,8,80,87,greedy,0,1
C1ctl,8,80,87,sloppy,0,1
C1ctl,8,80,88,greedy,0,2
C1ctl,8,80,88,sloppy,0,2
C1ctl,8,80,89,greedy,0,2
C1ctl,8,80,89,sloppy,0,3
C1ctl,8,80,90,greedy,0,3
C1ctl,8,80,90,sloppy,0,0
C1ctl,8,80,91,greedy,0,2
C1ctl,8,80,91,sloppy,0,3
C1ctl,8,80,92,greedy,0,5
C1ctl,8,80,92,sloppy,0,4
C1ctl,8,80,93,greedy,0,1
C1ctl,8,80,93,sloppy,0,1
C1ctl,8,80,94,greedy,0,2
C1ctl,8,80,94,sloppy,0,2
C1ctl,8,80,95,greedy,0,2
C1ctl,8,80,95,sloppy,0,1
C1ctl,8,80,96,greedy,0,4
C1ctl,8,80,96,sloppy,0,4
C1ctl,8,80,97,greedy,0,3
C1ctl,8,80,97,sloppy,0,4
C1ctl,8,80,98,greedy,0,4
C1ctl,8,80,98,sloppy,0,4
C1ctl,8,80,99,greedy,0,4
C1ctl,8,80,99,sloppy,1,6
C1fin,0,0,0,greedy,1,6
C1fin,0,0,0,sloppy,0,4
C1fin,0,0,1,greedy,1,6
C1fin,0,0,1,sloppy,1,6
C1fin,0,0,2,greedy,0,2
C1fin,0,0,2,sloppy,0,3
C1fin,0,0,3,greedy,0,5
C1fin,0,0,3,sloppy,1,6
C1fin,0,0,4,greedy,0,5
C1fin,0,0,4,sloppy,0,3
C1fin,0,0,5,greedy,1,6
C1fin,0,0,5,sloppy,1,6
C1fin,0,0,6,greedy,1,6
C1fin,0,0,6,sloppy,1,6
C1fin,0,0,7,greedy,0,5
C1fin,0,0,7,sloppy,1,6
C1fin,0,0,8,greedy,0,2
C1fin,0,0,8,sloppy,0,3
C1fin,0,0,9,greedy,1,6
C1fin,0,0,9,sloppy,1,6
C1fin,0,0,10,greedy,0,1
C1fin,0,0,10,sloppy,0,4
C1fin,0,0,11,greedy,0,5
C1fin,0,0,11,sloppy,0,3
C1fin,0,0,12,greedy,0,5
C1fin,0,0,12,sloppy,0,0
C1fin,0,0,13,greedy,1,6
C1fin,0,0,13,sloppy,1,6
C1fin,0,0,14,greedy,0,3
C1fin,0,0,14,sloppy,0,0
C1fin,0,0,15,greedy,0,1
C1fin,0,0,15,sloppy,1,6
C1fin,0,0,16,greedy,0,1
C1fin,0,0,16,sloppy,1,6
C1fin,0,0,17,greedy,1,6
C1fin,0,0,17,sloppy,1,6
C1fin,0,0,18,greedy,1,6
C1fin,0,0,18,sloppy,1,6
C1fin,0,0,19,greedy,0,4
C1fin,0,0,19,sloppy,1,6
C1fin,0,100,100,greedy,0,4
C1fin,0,100,100,sloppy,0,4
C1fin,0,100,101,greedy,1,6
C1fin,0,100,101,sloppy,1,6
C1fin,0,100,102,greedy,0,4
C1fin,0,100,102,sloppy,0,4
C1fin,0,100,103,greedy,1,6
C1fin,0,100,103,sloppy,0,3
C1fin,0,100,104,greedy,0,3
C1fin,0,100,104,sloppy,0,3
C1fin,0,100,105,greedy,1,6
C1fin,0,100,105,sloppy,0,0
C1fin,0,100,106,greedy,0,1
C1fin,0,100,106,sloppy,1,6
C1fin,0,100,107,greedy,1,6
C1fin,0,100,107,sloppy,0,3
C1fin,0,100,108,greedy,1,6
C1fin,0,100,108,sloppy,0,3
C1fin,0,100,109,greedy,1,6
C1fin,0,100,109,sloppy,1,6
C1fin,0,100,110,greedy,0,0
C1fin,0,100,110,sloppy,0,1
C1fin,0,100,111,greedy,0,2
C1fin,0,100,111,sloppy,1,6
C1fin,0,100,112,greedy,0,0
C1fin,0,100,112,sloppy,0,0
C1fin,0,100,113,greedy,1,6
C1fin,0,100,113,sloppy,0,4
C1fin,0,100,114,greedy,1,6
C1fin,0,100,114,sloppy,1,6
C1fin,0,100,115,greedy,0,2
C1fin,0,100,115,sloppy,0,2
C1fin,0,100,116,greedy,0,1
C1fin,0,100,116,sloppy,0,1
C1fin,0,100,117,greedy,1,6
C1fin,0,100,117,sloppy,0,2
C1fin,0,100,118,greedy,1,6
C1fin,0,100,118,sloppy,1,6
C1fin,0,100,119,greedy,1,6
C1fin,0,100,119,sloppy,1,6
C1fin,0,120,120,greedy,1,6
C1fin,0,120,120,sloppy,1,6
C1fin,0,120,121,greedy,0,0
C1fin,0,120,121,sloppy,1,6
C1fin,0,120,122,greedy,1,6
C1fin,0,120,122,sloppy,0,2
C1fin,0,120,123,greedy,1,6
C1fin,0,120,123,sloppy,1,6
C1fin,0,120,124,greedy,0,5
C1fin,0,120,124,sloppy,0,4
C1fin,0,120,125,greedy,0,1
C1fin,0,120,125,sloppy,0,3
C1fin,0,120,126,greedy,0,4
C1fin,0,120,126,sloppy,1,6
C1fin,0,120,127,greedy,1,6
C1fin,0,120,127,sloppy,0,4
C1fin,0,120,128,greedy,0,3
C1fin,0,120,128,sloppy,0,3
C1fin,0,120,129,greedy,1,6
C1fin,0,120,129,sloppy,1,6
C1fin,0,120,130,greedy,0,2
C1fin,0,120,130,sloppy,0,2
C1fin,0,120,131,greedy,1,6
C1fin,0,120,131,sloppy,1,6
C1fin,0,120,132,greedy,0,1
C1fin,0,120,132,sloppy,1,6
C1fin,0,120,133,greedy,1,6
C1fin,0,120,133,sloppy,0,5
C1fin,0,120,134,greedy,0,4
C1fin,0,120,134,sloppy,1,6
C1fin,0,120,135,greedy,0,5
C1fin,0,120,135,sloppy,1,6
C1fin,0,120,136,greedy,0,4
C1fin,0,120,136,sloppy,0,4
C1fin,0,120,137,greedy,1,6
C1fin,0,120,137,sloppy,1,6
C1fin,0,120,138,greedy,0,4
C1fin,0,120,138,sloppy,0,4
C1fin,0,120,139,greedy,1,6
C1fin,0,120,139,sloppy,0,2
C1fin,0,140,140,greedy,0,5
C1fin,0,140,140,sloppy,0,1
C1fin,0,140,141,greedy,0,2
C1fin,0,140,141,sloppy,0,2
C1fin,0,140,142,greedy,0,3
C1fin,0,140,142,sloppy,0,3
C1fin,0,140,143,greedy,0,4
C1fin,0,140,143,sloppy,1,6
C1fin,0,140,144,greedy,0,5
C1fin,0,140,144,sloppy,0,5
C1fin,0,140,145,greedy,0,3
C1fin,0,140,145,sloppy,0,3
C1fin,0,140,146,greedy,0,1
C1fin,0,140,146,sloppy,0,1
C1fin,0,140,147,greedy,1,6
C1fin,0,140,147,sloppy,0,1
C1fin,0,140,148,greedy,0,5
C1fin,0,140,148,sloppy,1,6
C1fin,0,140,149,greedy,1,6
C1fin,0,140,149,sloppy,1,6
C1fin,0,140,150,greedy,0,1
C1fin,0,140,150,sloppy,1,6
C1fin,0,140,151,greedy,0,5
C1fin,0,140,151,sloppy,1,6
C1fin,0,140,152,greedy,1,6
C1fin,0,140,152,sloppy,1,6
C1fin,0,140,153,greedy,0,4
C1fin,0,140,153,sloppy,0,4
C1fin,0,140,154,greedy,0,4
C1fin,0,140,154,sloppy,0,5
C1fin,0,140,155,greedy,1,6
C1fin,0,140,155,sloppy,1,6
C1fin,0,140,156,greedy,1,6
C1fin,0,140,156,sloppy,0,0
C1fin,0,140,157,greedy,1,6
C1fin,0,140,157,sloppy,1,6
C1fin,0,140,158,greedy,0,2
C1fin,0,140,158,sloppy,0,2
C1fin,0,140,159,greedy,1,6
C1fin,0,140,159,sloppy,1,6
C1fin,0,20,20,greedy,0,2
C1fin,0,20,20,sloppy,0,4
C1fin,0,20,21,greedy,0,4
C1fin,0,20,21,sloppy,0,4
C1fin,0,20,22,greedy,0,4
C1fin,0,20,22,sloppy,1,6
C1fin,0,20,23,greedy,0,5
C1fin,0,20,23,sloppy,1,6
C1fin,0,20,24,greedy,0,5
C1fin,0,20,24,sloppy,0,0
C1fin,0,20,25,greedy,1,6
C1fin,0,20,25,sloppy,0,5
C1fin,0,20,26,greedy,0,2
C1fin,0,20,26,sloppy,0,2
C1fin,0,20,27,greedy,0,5
C1fin,0,20,27,sloppy,1,6
C1fin,0,20,28,greedy,1,6
C1fin,0,20,28,sloppy,1,6
C1fin,0,20,29,greedy,0,3
C1fin,0,20,29,sloppy,0,1
C1fin,0,20,30,greedy,0,5
C1fin,0,20,30,sloppy,1,6
C1fin,0,20,31,greedy,1,6
C1fin,0,20,31,sloppy,1,6
C1fin,0,20,32,greedy,1,6
C1fin,0,20,32,sloppy,0,4
C1fin,0,20,33,greedy,0,0
C1fin,0,20,33,sloppy,0,2
C1fin,0,20,34,greedy,0,4
C1fin,0,20,34,sloppy,1,6
C1fin,0,20,35,greedy,0,2
C1fin,0,20,35,sloppy,0,3
C1fin,0,20,36,greedy,0,2
C1fin,0,20,36,sloppy,0,2
C1fin,0,20,37,greedy,1,6
C1fin,0,20,37,sloppy,0,1
C1fin,0,20,38,greedy,1,6
C1fin,0,20,38,sloppy,1,6
C1fin,0,20,39,greedy,0,3
C1fin,0,20,39,sloppy,0,4
C1fin,0,40,40,greedy,0,5
C1fin,0,40,40,sloppy,1,6
C1fin,0,40,41,greedy,1,6
C1fin,0,40,41,sloppy,0,5
C1fin,0,40,42,greedy,1,6
C1fin,0,40,42,sloppy,0,0
C1fin,0,40,43,greedy,0,2
C1fin,0,40,43,sloppy,0,2
C1fin,0,40,44,greedy,1,6
C1fin,0,40,44,sloppy,1,6
C1fin,0,40,45,greedy,0,1
C1fin,0,40,45,sloppy,0,1
C1fin,0,40,46,greedy,0,0
C1fin,0,40,46,sloppy,0,0
C1fin,0,40,47,greedy,1,6
C1fin,0,40,47,sloppy,0,5
C1fin,0,40,48,greedy,0,2
C1fin,0,40,48,sloppy,0,2
C1fin,0,40,49,greedy,1,6
C1fin,0,40,49,sloppy,0,5
C1fin,0,40,50,greedy,0,4
C1fin,0,40,50,sloppy,0,4
C1fin,0,40,51,greedy,1,6
C1fin,0,40,51,sloppy,1,6
C1fin,0,40,52,greedy,1,6
C1fin,0,40,52,sloppy,0,1
C1fin,0,40,53,greedy,1,6
C1fin,0,40,53,sloppy,0,3
C1fin,0,40,54,greedy,1,6
C1fin,0,40,54,sloppy,1,6
C1fin,0,40,55,greedy,1,6
C1fin,0,40,55,sloppy,1,6
C1fin,0,40,56,greedy,1,6
C1fin,0,40,56,sloppy,1,6
C1fin,0,40,57,greedy,0,5
C1fin,0,40,57,sloppy,1,6
C1fin,0,40,58,greedy,0,4
C1fin,0,40,58,sloppy,0,2
C1fin,0,40,59,greedy,1,6
C1fin,0,40,59,sloppy,1,6
C1fin,0,60,60,greedy,1,6
C1fin,0,60,60,sloppy,1,6
C1fin,0,60,61,greedy,1,6
C1fin,0,60,61,sloppy,0,5
C1fin,0,60,62,greedy,1,6
C1fin,0,60,62,sloppy,1,6
C1fin,0,60,63,greedy,0,3
C1fin,0,60,63,sloppy,0,3
C1fin,0,60,64,greedy,0,4
C1fin,0,60,64,sloppy,0,1
C1fin,0,60,65,greedy,1,6
C1fin,0,60,65,sloppy,1,6
C1fin,0,60,66,greedy,0,3
C1fin,0,60,66,sloppy,0,3
C1fin,0,60,67,greedy,0,4
C1fin,0,60,67,sloppy,0,4
C1fin,0,60,68,greedy,1,6
C1fin,0,60,68,sloppy,0,3
C1fin,0,60,69,greedy,0,5
C1fin,0,60,69,sloppy,1,6
C1fin,0,60,70,greedy,1,6
C1fin,0,60,70,sloppy,0,4
C1fin,0,60,71,greedy,1,6
C1fin,0,60,71,sloppy,0,4
C1fin,0,60,72,greedy,0,4
C1fin,0,60,72,sloppy,0,4
C1fin,0,60,73,greedy,1,6
C1fin,0,60,73,sloppy,0,3
C1fin,0,60,74,greedy,1,6
C1fin,0,60,74,sloppy,0,2
C1fin,0,60,75,greedy,1,6
C1fin,0,60,75,sloppy,1,6
C1fin,0,60,76,greedy,1,6
C1fin,0,60,76,sloppy,1,6
C1fin,0,60,77,greedy,0,1
C1fin,0,60,77,sloppy,1,6
C1fin,0,60,78,greedy,1,6
C1fin,0,60,78,sloppy,1,6
C1fin,0,60,79,greedy,1,6
C1fin,0,60,79,sloppy,1,6
C1fin,0,80,80,greedy,0,5
C1fin,0,80,80,sloppy,0,2
C1fin,0,80,81,greedy,0,2
C1fin,0,80,81,sloppy,0,3
C1fin,0,80,82,greedy,0,4
C1fin,0,80,82,sloppy,0,5
C1fin,0,80,83,greedy,1,6
C1fin,0,80,83,sloppy,0,5
C1fin,0,80,84,greedy,0,5
C1fin,0,80,84,sloppy,1,6
C1fin,0,80,85,greedy,0,3
C1fin,0,80,85,sloppy,0,3
C1fin,0,80,86,greedy,0,1
C1fin,0,80,86,sloppy,1,6
C1fin,0,80,87,greedy,0,1
C1fin,0,80,87,sloppy,0,1
C1fin,0,80,88,greedy,0,2
C1fin,0,80,88,sloppy,1,6
C1fin,0,80,89,greedy,0,1
C1fin,0,80,89,sloppy,1,6
C1fin,0,80,90,greedy,0,5
C1fin,0,80,90,sloppy,1,6
C1fin,0,80,91,greedy,1,6
C1fin,0,80,91,sloppy,0,4
C1fin,0,80,92,greedy,1,6
C1fin,0,80,92,sloppy,0,2
C1fin,0,80,93,greedy,0,5
C1fin,0,80,93,sloppy,1,6
C1fin,0,80,94,greedy,0,4
C1fin,0,80,94,sloppy,0,4
C1fin,0,80,95,greedy,1,6
C1fin,0,80,95,sloppy,1,6
C1fin,0,80,96,greedy,1,6
C1fin,0,80,96,sloppy,0,4
C1fin,0,80,97,greedy,1,6
C1fin,0,80,97,sloppy,0,2
C1fin,0,80,98,greedy,0,3
C1fin,0,80,98,sloppy,0,2
C1fin,0,80,99,greedy,0,4
C1fin,0,80,99,sloppy,0,5
C1fin,6,0,0,greedy,1,6
C1fin,6,0,0,sloppy,0,2
C1fin,6,0,1,greedy,0,4
C1fin,6,0,1,sloppy,0,4
C1fin,6,0,2,greedy,0,2
C1fin,6,0,2,sloppy,0,5
C1fin,6,0,3,greedy,0,4
C1fin,6,0,3,sloppy,0,4
C1fin,6,0,4,greedy,0,3
C1fin,6,0,4,sloppy,0,3
C1fin,6,0,5,greedy,0,5
C1fin,6,0,5,sloppy,0,5
C1fin,6,0,6,greedy,0,3
C1fin,6,0,6,sloppy,1,6
C1fin,6,0,7,greedy,0,4
C1fin,6,0,7,sloppy,0,3
C1fin,6,0,8,greedy,0,3
C1fin,6,0,8,sloppy,0,3
C1fin,6,0,9,greedy,0,2
C1fin,6,0,9,sloppy,0,3
C1fin,6,0,10,greedy,1,6
C1fin,6,0,10,sloppy,0,1
C1fin,6,0,11,greedy,0,2
C1fin,6,0,11,sloppy,0,2
C1fin,6,0,12,greedy,0,2
C1fin,6,0,12,sloppy,0,3
C1fin,6,0,13,greedy,0,2
C1fin,6,0,13,sloppy,0,2
C1fin,6,0,14,greedy,0,3
C1fin,6,0,14,sloppy,0,3
C1fin,6,0,15,greedy,0,5
C1fin,6,0,15,sloppy,0,5
C1fin,6,0,16,greedy,0,1
C1fin,6,0,16,sloppy,0,1
C1fin,6,0,17,greedy,1,6
C1fin,6,0,17,sloppy,0,5
C1fin,6,0,18,greedy,0,5
C1fin,6,0,18,sloppy,1,6
C1fin,6,0,19,greedy,0,3
C1fin,6,0,19,sloppy,0,3
C1fin,6,100,100,greedy,0,5
C1fin,6,100,100,sloppy,1,6
C1fin,6,100,101,greedy,0,3
C1fin,6,100,101,sloppy,0,4
C1fin,6,100,102,greedy,0,3
C1fin,6,100,102,sloppy,0,4
C1fin,6,100,103,greedy,0,5
C1fin,6,100,103,sloppy,1,6
C1fin,6,100,104,greedy,0,2
C1fin,6,100,104,sloppy,0,2
C1fin,6,100,105,greedy,0,3
C1fin,6,100,105,sloppy,0,1
C1fin,6,100,106,greedy,0,3
C1fin,6,100,106,sloppy,0,5
C1fin,6,100,107,greedy,0,3
C1fin,6,100,107,sloppy,0,3
C1fin,6,100,108,greedy,0,2
C1fin,6,100,108,sloppy,0,2
C1fin,6,100,109,greedy,0,2
C1fin,6,100,109,sloppy,0,4
C1fin,6,100,110,greedy,0,3
C1fin,6,100,110,sloppy,0,1
C1fin,6,100,111,greedy,0,2
C1fin,6,100,111,sloppy,0,2
C1fin,6,100,112,greedy,0,4
C1fin,6,100,112,sloppy,0,4
C1fin,6,100,113,greedy,0,5
C1fin,6,100,113,sloppy,0,4
C1fin,6,100,114,greedy,1,6
C1fin,6,100,114,sloppy,0,2
C1fin,6,100,115,greedy,0,2
C1fin,6,100,115,sloppy,0,2
C1fin,6,100,116,greedy,0,1
C1fin,6,100,116,sloppy,0,1
C1fin,6,100,117,greedy,0,2
C1fin,6,100,117,sloppy,0,2
C1fin,6,100,118,greedy,0,5
C1fin,6,100,118,sloppy,0,5
C1fin,6,100,119,greedy,0,2
C1fin,6,100,119,sloppy,0,4
C1fin,6,120,120,greedy,0,3
C1fin,6,120,120,sloppy,0,3
C1fin,6,120,121,greedy,0,2
C1fin,6,120,121,sloppy,0,2
C1fin,6,120,122,greedy,0,5
C1fin,6,120,122,sloppy,0,3
C1fin,6,120,123,greedy,1,6
C1fin,6,120,123,sloppy,1,6
C1fin,6,120,124,greedy,0,2
C1fin,6,120,124,sloppy,0,2
C1fin,6,120,125,greedy,0,1
C1fin,6,120,125,sloppy,0,1
C1fin,6,120,126,greedy,0,1
C1fin,6,120,126,sloppy,0,4
C1fin,6,120,127,greedy,1,6
C1fin,6,120,127,sloppy,0,3
C1fin,6,120,128,greedy,0,3
C1fin,6,120,128,sloppy,1,6
C1fin,6,120,129,greedy,0,5
C1fin,6,120,129,sloppy,0,5
C1fin,6,120,130,greedy,0,0
C1fin,6,120,130,sloppy,0,2
C1fin,6,120,131,greedy,1,6
C1fin,6,120,131,sloppy,1,6
C1fin,6,120,132,greedy,0,5
C1fin,6,120,132,sloppy,0,3
C1fin,6,120,133,greedy,0,5
C1fin,6,120,133,sloppy,0,3
C1fin,6,120,134,greedy,0,5
C1fin,6,120,134,sloppy,0,3
C1fin,6,120,135,greedy,0,5
C1fin,6,120,135,sloppy,1,6
C1fin,6,120,136,greedy,0,4
C1fin,6,120,136,sloppy,0,1
C1fin,6,120,137,greedy,0,5
C1fin,6,120,137,sloppy,0,5
C1fin,6,120,138,greedy,0,4
C1fin,6,120,138,sloppy,0,4
C1fin,6,120,139,greedy,0,2
C1fin,6,120,139,sloppy,0,2
C1fin,6,140,140,greedy,0,2
C1fin,6,140,140,sloppy,0,2
C1fin,6,140,141,greedy,0,2
C1fin,6,140,141,sloppy,0,2
C1fin,6,140,142,greedy,0,3
C1fin,6,140,142,sloppy,0,3
C1fin,6,140,143,greedy,1,6
C1fin,6,140,143,sloppy,1,6
C1fin,6,140,144,greedy,0,4
C1fin,6,140,144,sloppy,0,5
C1fin,6,140,145,greedy,0,2
C1fin,6,140,145,sloppy,0,5
C1fin,6,140,146,greedy,1,6
C1fin,6,140,146,sloppy,0,1
C1fin,6,140,147,greedy,0,5
C1fin,6,140,147,sloppy,1,6
C1fin,6,140,148,greedy,0,4
C1fin,6,140,148,sloppy,0,4
C1fin,6,140,149,greedy,1,6
C1fin,6,140,149,sloppy,0,3
C1fin,6,140,150,greedy,0,3
C1fin,6,140,150,sloppy,0,5
C1fin,6,140,151,greedy,0,0
C1fin,6,140,151,sloppy,0,5
C1fin,6,140,152,greedy,1,6
C1fin,6,140,152,sloppy,1,6
C1fin,6,140,153,greedy,0,5
C1fin,6,140,153,sloppy,0,5
C1fin,6,140,154,greedy,0,2
C1fin,6,140,154,sloppy,0,2
C1fin,6,140,155,greedy,0,3
C1fin,6,140,155,sloppy,0,3
C1fin,6,140,156,greedy,0,0
C1fin,6,140,156,sloppy,0,0
C1fin,6,140,157,greedy,1,6
C1fin,6,140,157,sloppy,0,3
C1fin,6,140,158,greedy,0,2
C1fin,6,140,158,sloppy,1,6
C1fin,6,140,159,greedy,0,1
C1fin,6,140,159,sloppy,0,5
C1fin,6,20,20,greedy,0,2
C1fin,6,20,20,sloppy,0,2
C1fin,6,20,21,greedy,0,4
C1fin,6,20,21,sloppy,0,4
C1fin,6,20,22,greedy,0,3
C1fin,6,20,22,sloppy,0,0
C1fin,6,20,23,greedy,0,1
C1fin,6,20,23,sloppy,0,2
C1fin,6,20,24,greedy,0,3
C1fin,6,20,24,sloppy,0,3
C1fin,6,20,25,greedy,0,1
C1fin,6,20,25,sloppy,0,5
C1fin,6,20,26,greedy,0,2
C1fin,6,20,26,sloppy,0,2
C1fin,6,20,27,greedy,0,4
C1fin,6,20,27,sloppy,0,4
C1fin,6,20,28,greedy,0,3
C1fin,6,20,28,sloppy,0,3
C1fin,6,20,29,greedy,0,1
C1fin,6,20,29,sloppy,0,1
C1fin,6,20,30,greedy,0,1
C1fin,6,20,30,sloppy,0,4
C1fin,6,20,31,greedy,0,5
C1fin,6,20,31,sloppy,0,3
C1fin,6,20,32,greedy,0,3
C1fin,6,20,32,sloppy,0,5
C1fin,6,20,33,greedy,0,3
C1fin,6,20,33,sloppy,1,6
C1fin,6,20,34,greedy,0,4
C1fin,6,20,34,sloppy,0,4
C1fin,6,20,35,greedy,0,2
C1fin,6,20,35,sloppy,0,2
C1fin,6,20,36,greedy,0,5
C1fin,6,20,36,sloppy,0,2
C1fin,6,20,37,greedy,1,6
C1fin,6,20,37,sloppy,0,4
C1fin,6,20,38,greedy,0,4
C1fin,6,20,38,sloppy,0,5
C1fin,6,20,39,greedy,0,2
C1fin,6,20,39,sloppy,0,2
C1fin,6,40,40,greedy,0,5
C1fin,6,40,40,sloppy,0,5
C1fin,6,40,41,greedy,0,3
C1fin,6,40,41,sloppy,0,5
C1fin,6,40,42,greedy,0,5
C1fin,6,40,42,sloppy,1,6
C1fin,6,40,43,greedy,0,4
C1fin,6,40,43,sloppy,0,3
C1fin,6,40,44,greedy,0,3
C1fin,6,40,44,sloppy,0,2
C1fin,6,40,45,greedy,0,4
C1fin,6,40,45,sloppy,0,4
C1fin,6,40,46,greedy,0,5
C1fin,6,40,46,sloppy,0,5
C1fin,6,40,47,greedy,0,3
C1fin,6,40,47,sloppy,0,3
C1fin,6,40,48,greedy,0,2
C1fin,6,40,48,sloppy,0,2
C1fin,6,40,49,greedy,0,5
C1fin,6,40,49,sloppy,0,3
C1fin,6,40,50,greedy,0,2
C1fin,6,40,50,sloppy,0,4
C1fin,6,40,51,greedy,0,1
C1fin,6,40,51,sloppy,0,0
C1fin,6,40,52,greedy,0,5
C1fin,6,40,52,sloppy,0,5
C1fin,6,40,53,greedy,0,3
C1fin,6,40,53,sloppy,0,2
C1fin,6,40,54,greedy,0,5
C1fin,6,40,54,sloppy,0,5
C1fin,6,40,55,greedy,0,4
C1fin,6,40,55,sloppy,0,2
C1fin,6,40,56,greedy,0,1
C1fin,6,40,56,sloppy,1,6
C1fin,6,40,57,greedy,0,2
C1fin,6,40,57,sloppy,0,2
C1fin,6,40,58,greedy,0,2
C1fin,6,40,58,sloppy,1,6
C1fin,6,40,59,greedy,0,5
C1fin,6,40,59,sloppy,0,5
C1fin,6,60,60,greedy,0,5
C1fin,6,60,60,sloppy,0,2
C1fin,6,60,61,greedy,0,2
C1fin,6,60,61,sloppy,0,4
C1fin,6,60,62,greedy,0,2
C1fin,6,60,62,sloppy,0,2
C1fin,6,60,63,greedy,0,1
C1fin,6,60,63,sloppy,0,3
C1fin,6,60,64,greedy,0,3
C1fin,6,60,64,sloppy,0,1
C1fin,6,60,65,greedy,0,2
C1fin,6,60,65,sloppy,0,2
C1fin,6,60,66,greedy,0,5
C1fin,6,60,66,sloppy,1,6
C1fin,6,60,67,greedy,0,1
C1fin,6,60,67,sloppy,0,1
C1fin,6,60,68,greedy,0,5
C1fin,6,60,68,sloppy,0,2
C1fin,6,60,69,greedy,0,2
C1fin,6,60,69,sloppy,0,4
C1fin,6,60,70,greedy,0,1
C1fin,6,60,70,sloppy,0,4
C1fin,6,60,71,greedy,0,2
C1fin,6,60,71,sloppy,0,2
C1fin,6,60,72,greedy,0,5
C1fin,6,60,72,sloppy,0,5
C1fin,6,60,73,greedy,0,5
C1fin,6,60,73,sloppy,0,5
C1fin,6,60,74,greedy,0,2
C1fin,6,60,74,sloppy,0,2
C1fin,6,60,75,greedy,0,5
C1fin,6,60,75,sloppy,0,5
C1fin,6,60,76,greedy,0,2
C1fin,6,60,76,sloppy,0,2
C1fin,6,60,77,greedy,0,2
C1fin,6,60,77,sloppy,1,6
C1fin,6,60,78,greedy,0,2
C1fin,6,60,78,sloppy,1,6
C1fin,6,60,79,greedy,0,5
C1fin,6,60,79,sloppy,0,2
C1fin,6,80,80,greedy,0,5
C1fin,6,80,80,sloppy,0,5
C1fin,6,80,81,greedy,0,3
C1fin,6,80,81,sloppy,0,3
C1fin,6,80,82,greedy,0,3
C1fin,6,80,82,sloppy,0,3
C1fin,6,80,83,greedy,0,0
C1fin,6,80,83,sloppy,0,3
C1fin,6,80,84,greedy,0,3
C1fin,6,80,84,sloppy,0,3
C1fin,6,80,85,greedy,0,5
C1fin,6,80,85,sloppy,1,6
C1fin,6,80,86,greedy,0,4
C1fin,6,80,86,sloppy,0,5
C1fin,6,80,87,greedy,0,1
C1fin,6,80,87,sloppy,0,1
C1fin,6,80,88,greedy,0,2
C1fin,6,80,88,sloppy,0,2
C1fin,6,80,89,greedy,0,4
C1fin,6,80,89,sloppy,0,2
C1fin,6,80,90,greedy,0,3
C1fin,6,80,90,sloppy,0,0
C1fin,6,80,91,greedy,1,6
C1fin,6,80,91,sloppy,0,4
C1fin,6,80,92,greedy,0,5
C1fin,6,80,92,sloppy,0,4
C1fin,6,80,93,greedy,0,1
C1fin,6,80,93,sloppy,0,3
C1fin,6,80,94,greedy,0,2
C1fin,6,80,94,sloppy,0,2
C1fin,6,80,95,greedy,1,6
C1fin,6,80,95,sloppy,0,1
C1fin,6,80,96,greedy,0,4
C1fin,6,80,96,sloppy,0,5
C1fin,6,80,97,greedy,0,4
C1fin,6,80,97,sloppy,0,4
C1fin,6,80,98,greedy,0,4
C1fin,6,80,98,sloppy,0,2
C1fin,6,80,99,greedy,0,3
C1fin,6,80,99,sloppy,1,6
C1fin,8,0,0,greedy,0,1
C1fin,8,0,0,sloppy,0,2
C1fin,8,0,1,greedy,0,2
C1fin,8,0,1,sloppy,0,5
C1fin,8,0,2,greedy,0,2
C1fin,8,0,2,sloppy,0,2
C1fin,8,0,3,greedy,0,4
C1fin,8,0,3,sloppy,0,4
C1fin,8,0,4,greedy,0,3
C1fin,8,0,4,sloppy,0,3
C1fin,8,0,5,greedy,0,4
C1fin,8,0,5,sloppy,0,1
C1fin,8,0,6,greedy,0,1
C1fin,8,0,6,sloppy,0,3
C1fin,8,0,7,greedy,0,2
C1fin,8,0,7,sloppy,0,2
C1fin,8,0,8,greedy,0,3
C1fin,8,0,8,sloppy,0,3
C1fin,8,0,9,greedy,0,2
C1fin,8,0,9,sloppy,0,3
C1fin,8,0,10,greedy,0,1
C1fin,8,0,10,sloppy,0,1
C1fin,8,0,11,greedy,0,2
C1fin,8,0,11,sloppy,0,2
C1fin,8,0,12,greedy,0,2
C1fin,8,0,12,sloppy,0,3
C1fin,8,0,13,greedy,0,5
C1fin,8,0,13,sloppy,0,5
C1fin,8,0,14,greedy,0,5
C1fin,8,0,14,sloppy,0,5
C1fin,8,0,15,greedy,1,6
C1fin,8,0,15,sloppy,0,3
C1fin,8,0,16,greedy,0,1
C1fin,8,0,16,sloppy,0,3
C1fin,8,0,17,greedy,0,4
C1fin,8,0,17,sloppy,0,4
C1fin,8,0,18,greedy,1,6
C1fin,8,0,18,sloppy,0,3
C1fin,8,0,19,greedy,0,4
C1fin,8,0,19,sloppy,0,3
C1fin,8,100,100,greedy,0,4
C1fin,8,100,100,sloppy,0,5
C1fin,8,100,101,greedy,0,3
C1fin,8,100,101,sloppy,0,3
C1fin,8,100,102,greedy,0,3
C1fin,8,100,102,sloppy,0,3
C1fin,8,100,103,greedy,0,5
C1fin,8,100,103,sloppy,1,6
C1fin,8,100,104,greedy,0,2
C1fin,8,100,104,sloppy,0,2
C1fin,8,100,105,greedy,0,3
C1fin,8,100,105,sloppy,0,3
C1fin,8,100,106,greedy,1,6
C1fin,8,100,106,sloppy,0,5
C1fin,8,100,107,greedy,0,5
C1fin,8,100,107,sloppy,1,6
C1fin,8,100,108,greedy,0,2
C1fin,8,100,108,sloppy,0,2
C1fin,8,100,109,greedy,0,2
C1fin,8,100,109,sloppy,0,3
C1fin,8,100,110,greedy,0,2
C1fin,8,100,110,sloppy,0,1
C1fin,8,100,111,greedy,0,2
C1fin,8,100,111,sloppy,0,2
C1fin,8,100,112,greedy,0,3
C1fin,8,100,112,sloppy,0,4
C1fin,8,100,113,greedy,0,5
C1fin,8,100,113,sloppy,0,4
C1fin,8,100,114,greedy,0,2
C1fin,8,100,114,sloppy,0,2
C1fin,8,100,115,greedy,0,2
C1fin,8,100,115,sloppy,0,3
C1fin,8,100,116,greedy,0,3
C1fin,8,100,116,sloppy,0,1
C1fin,8,100,117,greedy,0,2
C1fin,8,100,117,sloppy,0,2
C1fin,8,100,118,greedy,0,3
C1fin,8,100,118,sloppy,0,3
C1fin,8,100,119,greedy,0,1
C1fin,8,100,119,sloppy,0,1
C1fin,8,120,120,greedy,0,3
C1fin,8,120,120,sloppy,0,3
C1fin,8,120,121,greedy,0,2
C1fin,8,120,121,sloppy,0,2
C1fin,8,120,122,greedy,0,3
C1fin,8,120,122,sloppy,0,5
C1fin,8,120,123,greedy,0,5
C1fin,8,120,123,sloppy,1,6
C1fin,8,120,124,greedy,0,2
C1fin,8,120,124,sloppy,0,2
C1fin,8,120,125,greedy,0,1
C1fin,8,120,125,sloppy,0,3
C1fin,8,120,126,greedy,0,4
C1fin,8,120,126,sloppy,0,2
C1fin,8,120,127,greedy,0,3
C1fin,8,120,127,sloppy,0,3
C1fin,8,120,128,greedy,0,3
C1fin,8,120,128,sloppy,0,3
C1fin,8,120,129,greedy,0,1
C1fin,8,120,129,sloppy,0,5
C1fin,8,120,130,greedy,0,0
C1fin,8,120,130,sloppy,0,2
C1fin,8,120,131,greedy,0,4
C1fin,8,120,131,sloppy,1,6
C1fin,8,120,132,greedy,1,6
C1fin,8,120,132,sloppy,0,3
C1fin,8,120,133,greedy,0,1
C1fin,8,120,133,sloppy,0,3
C1fin,8,120,134,greedy,0,3
C1fin,8,120,134,sloppy,0,3
C1fin,8,120,135,greedy,0,5
C1fin,8,120,135,sloppy,0,4
C1fin,8,120,136,greedy,0,1
C1fin,8,120,136,sloppy,0,1
C1fin,8,120,137,greedy,0,5
C1fin,8,120,137,sloppy,0,5
C1fin,8,120,138,greedy,0,4
C1fin,8,120,138,sloppy,0,4
C1fin,8,120,139,greedy,0,2
C1fin,8,120,139,sloppy,0,2
C1fin,8,140,140,greedy,0,2
C1fin,8,140,140,sloppy,0,2
C1fin,8,140,141,greedy,0,2
C1fin,8,140,141,sloppy,0,2
C1fin,8,140,142,greedy,0,4
C1fin,8,140,142,sloppy,0,3
C1fin,8,140,143,greedy,0,3
C1fin,8,140,143,sloppy,0,3
C1fin,8,140,144,greedy,0,4
C1fin,8,140,144,sloppy,0,2
C1fin,8,140,145,greedy,0,1
C1fin,8,140,145,sloppy,0,2
C1fin,8,140,146,greedy,1,6
C1fin,8,140,146,sloppy,0,5
C1fin,8,140,147,greedy,0,1
C1fin,8,140,147,sloppy,0,1
C1fin,8,140,148,greedy,0,3
C1fin,8,140,148,sloppy,0,4
C1fin,8,140,149,greedy,0,1
C1fin,8,140,149,sloppy,0,2
C1fin,8,140,150,greedy,0,4
C1fin,8,140,150,sloppy,0,3
C1fin,8,140,151,greedy,0,0
C1fin,8,140,151,sloppy,0,3
C1fin,8,140,152,greedy,1,6
C1fin,8,140,152,sloppy,1,6
C1fin,8,140,153,greedy,0,4
C1fin,8,140,153,sloppy,0,1
C1fin,8,140,154,greedy,0,2
C1fin,8,140,154,sloppy,0,2
C1fin,8,140,155,greedy,1,6
C1fin,8,140,155,sloppy,0,1
C1fin,8,140,156,greedy,0,0
C1fin,8,140,156,sloppy,0,0
C1fin,8,140,157,greedy,0,3
C1fin,8,140,157,sloppy,0,5
C1fin,8,140,158,greedy,0,2
C1fin,8,140,158,sloppy,0,3
C1fin,8,140,159,greedy,1,6
C1fin,8,140,159,sloppy,0,1
C1fin,8,20,20,greedy,0,2
C1fin,8,20,20,sloppy,0,2
C1fin,8,20,21,greedy,0,3
C1fin,8,20,21,sloppy,0,4
C1fin,8,20,22,greedy,0,2
C1fin,8,20,22,sloppy,0,0
C1fin,8,20,23,greedy,0,2
C1fin,8,20,23,sloppy,0,1
C1fin,8,20,24,greedy,0,5
C1fin,8,20,24,sloppy,0,3
C1fin,8,20,25,greedy,0,1
C1fin,8,20,25,sloppy,0,5
C1fin,8,20,26,greedy,0,2
C1fin,8,20,26,sloppy,0,2
C1fin,8,20,27,greedy,1,6
C1fin,8,20,27,sloppy,0,0
C1fin,8,20,28,greedy,1,6
C1fin,8,20,28,sloppy,0,3
C1fin,8,20,29,greedy,0,3
C1fin,8,20,29,sloppy,0,3
C1fin,8,20,30,greedy,0,4
C1fin,8,20,30,sloppy,0,1
C1fin,8,20,31,greedy,0,3
C1fin,8,20,31,sloppy,0,3
C1fin,8,20,32,greedy,1,6
C1fin,8,20,32,sloppy,1,6
C1fin,8,20,33,greedy,0,4
C1fin,8,20,33,sloppy,0,4
C1fin,8,20,34,greedy,1,6
C1fin,8,20,34,sloppy,0,4
C1fin,8,20,35,greedy,0,1
C1fin,8,20,35,sloppy,0,2
C1fin,8,20,36,greedy,0,2
C1fin,8,20,36,sloppy,0,2
C1fin,8,20,37,greedy,0,5
C1fin,8,20,37,sloppy,1,6
C1fin,8,20,38,greedy,0,3
C1fin,8,20,38,sloppy,0,2
C1fin,8,20,39,greedy,0,2
C1fin,8,20,39,sloppy,0,2
C1fin,8,40,40,greedy,0,2
C1fin,8,40,40,sloppy,0,3
C1fin,8,40,41,greedy,0,5
C1fin,8,40,41,sloppy,0,3
C1fin,8,40,42,greedy,0,5
C1fin,8,40,42,sloppy,0,4
C1fin,8,40,43,greedy,0,3
C1fin,8,40,43,sloppy,0,3
C1fin,8,40,44,greedy,0,3
C1fin,8,40,44,sloppy,0,2
C1fin,8,40,45,greedy,0,4
C1fin,8,40,45,sloppy,0,4
C1fin,8,40,46,greedy,0,5
C1fin,8,40,46,sloppy,0,5
C1fin,8,40,47,greedy,0,3
C1fin,8,40,47,sloppy,0,5
C1fin,8,40,48,greedy,0,2
C1fin,8,40,48,sloppy,0,2
C1fin,8,40,49,greedy,0,3
C1fin,8,40,49,sloppy,0,3
C1fin,8,40,50,greedy,0,4
C1fin,8,40,50,sloppy,0,2
C1fin,8,40,51,greedy,0,1
C1fin,8,40,51,sloppy,0,0
C1fin,8,40,52,greedy,0,4
C1fin,8,40,52,sloppy,0,1
C1fin,8,40,53,greedy,0,2
C1fin,8,40,53,sloppy,0,2
C1fin,8,40,54,greedy,0,2
C1fin,8,40,54,sloppy,0,2
C1fin,8,40,55,greedy,0,3
C1fin,8,40,55,sloppy,0,2
C1fin,8,40,56,greedy,0,1
C1fin,8,40,56,sloppy,0,1
C1fin,8,40,57,greedy,0,2
C1fin,8,40,57,sloppy,0,3
C1fin,8,40,58,greedy,0,2
C1fin,8,40,58,sloppy,0,2
C1fin,8,40,59,greedy,0,5
C1fin,8,40,59,sloppy,0,2
C1fin,8,60,60,greedy,0,3
C1fin,8,60,60,sloppy,0,2
C1fin,8,60,61,greedy,0,2
C1fin,8,60,61,sloppy,0,5
C1fin,8,60,62,greedy,0,2
C1fin,8,60,62,sloppy,0,2
C1fin,8,60,63,greedy,1,6
C1fin,8,60,63,sloppy,0,3
C1fin,8,60,64,greedy,0,2
C1fin,8,60,64,sloppy,0,1
C1fin,8,60,65,greedy,0,1
C1fin,8,60,65,sloppy,0,1
C1fin,8,60,66,greedy,0,2
C1fin,8,60,66,sloppy,0,2
C1fin,8,60,67,greedy,0,1
C1fin,8,60,67,sloppy,0,2
C1fin,8,60,68,greedy,0,3
C1fin,8,60,68,sloppy,0,2
C1fin,8,60,69,greedy,0,5
C1fin,8,60,69,sloppy,0,3
C1fin,8,60,70,greedy,0,1
C1fin,8,60,70,sloppy,0,1
C1fin,8,60,71,greedy,0,2
C1fin,8,60,71,sloppy,0,2
C1fin,8,60,72,greedy,0,4
C1fin,8,60,72,sloppy,0,4
C1fin,8,60,73,greedy,1,6
C1fin,8,60,73,sloppy,0,5
C1fin,8,60,74,greedy,0,2
C1fin,8,60,74,sloppy,0,2
C1fin,8,60,75,greedy,0,1
C1fin,8,60,75,sloppy,0,5
C1fin,8,60,76,greedy,0,2
C1fin,8,60,76,sloppy,0,2
C1fin,8,60,77,greedy,0,2
C1fin,8,60,77,sloppy,1,6
C1fin,8,60,78,greedy,0,2
C1fin,8,60,78,sloppy,0,2
C1fin,8,60,79,greedy,0,3
C1fin,8,60,79,sloppy,0,2
C1fin,8,80,80,greedy,0,2
C1fin,8,80,80,sloppy,0,1
C1fin,8,80,81,greedy,0,3
C1fin,8,80,81,sloppy,1,6
C1fin,8,80,82,greedy,0,3
C1fin,8,80,82,sloppy,1,6
C1fin,8,80,83,greedy,0,0
C1fin,8,80,83,sloppy,0,3
C1fin,8,80,84,greedy,1,6
C1fin,8,80,84,sloppy,0,3
C1fin,8,80,85,greedy,0,5
C1fin,8,80,85,sloppy,0,5
C1fin,8,80,86,greedy,0,1
C1fin,8,80,86,sloppy,0,1
C1fin,8,80,87,greedy,0,1
C1fin,8,80,87,sloppy,0,1
C1fin,8,80,88,greedy,0,2
C1fin,8,80,88,sloppy,0,2
C1fin,8,80,89,greedy,0,2
C1fin,8,80,89,sloppy,0,3
C1fin,8,80,90,greedy,0,3
C1fin,8,80,90,sloppy,0,0
C1fin,8,80,91,greedy,0,2
C1fin,8,80,91,sloppy,0,3
C1fin,8,80,92,greedy,0,5
C1fin,8,80,92,sloppy,0,4
C1fin,8,80,93,greedy,0,1
C1fin,8,80,93,sloppy,0,1
C1fin,8,80,94,greedy,0,2
C1fin,8,80,94,sloppy,0,2
C1fin,8,80,95,greedy,0,2
C1fin,8,80,95,sloppy,0,1
C1fin,8,80,96,greedy,0,4
C1fin,8,80,96,sloppy,0,4
C1fin,8,80,97,greedy,0,3
C1fin,8,80,97,sloppy,0,4
C1fin,8,80,98,greedy,0,4
C1fin,8,80,98,sloppy,0,4
C1fin,8,80,99,greedy,0,4
C1fin,8,80,99,sloppy,1,6
C1fin0,0,0,0,greedy,1,6
C1fin0,0,0,0,sloppy,0,4
C1fin0,0,0,1,greedy,1,6
C1fin0,0,0,1,sloppy,1,6
C1fin0,0,0,2,greedy,0,2
C1fin0,0,0,2,sloppy,0,3
C1fin0,0,0,3,greedy,0,5
C1fin0,0,0,3,sloppy,1,6
C1fin0,0,0,4,greedy,0,5
C1fin0,0,0,4,sloppy,0,3
C1fin0,0,0,5,greedy,1,6
C1fin0,0,0,5,sloppy,1,6
C1fin0,0,0,6,greedy,1,6
C1fin0,0,0,6,sloppy,1,6
C1fin0,0,0,7,greedy,0,5
C1fin0,0,0,7,sloppy,1,6
C1fin0,0,0,8,greedy,0,2
C1fin0,0,0,8,sloppy,0,3
C1fin0,0,0,9,greedy,1,6
C1fin0,0,0,9,sloppy,1,6
C1fin0,0,0,10,greedy,0,1
C1fin0,0,0,10,sloppy,0,4
C1fin0,0,0,11,greedy,0,5
C1fin0,0,0,11,sloppy,0,3
C1fin0,0,0,12,greedy,0,5
C1fin0,0,0,12,sloppy,0,0
C1fin0,0,0,13,greedy,1,6
C1fin0,0,0,13,sloppy,1,6
C1fin0,0,0,14,greedy,0,3
C1fin0,0,0,14,sloppy,0,0
C1fin0,0,0,15,greedy,0,1
C1fin0,0,0,15,sloppy,1,6
C1fin0,0,0,16,greedy,0,1
C1fin0,0,0,16,sloppy,1,6
C1fin0,0,0,17,greedy,1,6
C1fin0,0,0,17,sloppy,1,6
C1fin0,0,0,18,greedy,1,6
C1fin0,0,0,18,sloppy,1,6
C1fin0,0,0,19,greedy,0,4
C1fin0,0,0,19,sloppy,1,6
C1fin0,0,100,100,greedy,0,4
C1fin0,0,100,100,sloppy,0,4
C1fin0,0,100,101,greedy,1,6
C1fin0,0,100,101,sloppy,1,6
C1fin0,0,100,102,greedy,0,4
C1fin0,0,100,102,sloppy,0,4
C1fin0,0,100,103,greedy,1,6
C1fin0,0,100,103,sloppy,0,3
C1fin0,0,100,104,greedy,0,3
C1fin0,0,100,104,sloppy,0,3
C1fin0,0,100,105,greedy,1,6
C1fin0,0,100,105,sloppy,0,0
C1fin0,0,100,106,greedy,0,1
C1fin0,0,100,106,sloppy,1,6
C1fin0,0,100,107,greedy,1,6
C1fin0,0,100,107,sloppy,0,3
C1fin0,0,100,108,greedy,1,6
C1fin0,0,100,108,sloppy,0,3
C1fin0,0,100,109,greedy,1,6
C1fin0,0,100,109,sloppy,1,6
C1fin0,0,100,110,greedy,0,0
C1fin0,0,100,110,sloppy,0,1
C1fin0,0,100,111,greedy,0,2
C1fin0,0,100,111,sloppy,1,6
C1fin0,0,100,112,greedy,0,0
C1fin0,0,100,112,sloppy,0,0
C1fin0,0,100,113,greedy,1,6
C1fin0,0,100,113,sloppy,0,4
C1fin0,0,100,114,greedy,1,6
C1fin0,0,100,114,sloppy,1,6
C1fin0,0,100,115,greedy,0,2
C1fin0,0,100,115,sloppy,0,2
C1fin0,0,100,116,greedy,0,1
C1fin0,0,100,116,sloppy,0,1
C1fin0,0,100,117,greedy,1,6
C1fin0,0,100,117,sloppy,0,2
C1fin0,0,100,118,greedy,1,6
C1fin0,0,100,118,sloppy,1,6
C1fin0,0,100,119,greedy,1,6
C1fin0,0,100,119,sloppy,1,6
C1fin0,0,120,120,greedy,1,6
C1fin0,0,120,120,sloppy,1,6
C1fin0,0,120,121,greedy,0,0
C1fin0,0,120,121,sloppy,1,6
C1fin0,0,120,122,greedy,1,6
C1fin0,0,120,122,sloppy,0,2
C1fin0,0,120,123,greedy,1,6
C1fin0,0,120,123,sloppy,1,6
C1fin0,0,120,124,greedy,0,5
C1fin0,0,120,124,sloppy,0,4
C1fin0,0,120,125,greedy,0,1
C1fin0,0,120,125,sloppy,0,3
C1fin0,0,120,126,greedy,0,4
C1fin0,0,120,126,sloppy,1,6
C1fin0,0,120,127,greedy,1,6
C1fin0,0,120,127,sloppy,0,4
C1fin0,0,120,128,greedy,0,3
C1fin0,0,120,128,sloppy,0,3
C1fin0,0,120,129,greedy,1,6
C1fin0,0,120,129,sloppy,1,6
C1fin0,0,120,130,greedy,0,2
C1fin0,0,120,130,sloppy,0,2
C1fin0,0,120,131,greedy,1,6
C1fin0,0,120,131,sloppy,1,6
C1fin0,0,120,132,greedy,0,1
C1fin0,0,120,132,sloppy,1,6
C1fin0,0,120,133,greedy,1,6
C1fin0,0,120,133,sloppy,0,5
C1fin0,0,120,134,greedy,0,4
C1fin0,0,120,134,sloppy,1,6
C1fin0,0,120,135,greedy,0,5
C1fin0,0,120,135,sloppy,1,6
C1fin0,0,120,136,greedy,0,4
C1fin0,0,120,136,sloppy,0,4
C1fin0,0,120,137,greedy,1,6
C1fin0,0,120,137,sloppy,1,6
C1fin0,0,120,138,greedy,0,4
C1fin0,0,120,138,sloppy,0,4
C1fin0,0,120,139,greedy,1,6
C1fin0,0,120,139,sloppy,0,2
C1fin0,0,140,140,greedy,0,5
C1fin0,0,140,140,sloppy,0,1
C1fin0,0,140,141,greedy,0,2
C1fin0,0,140,141,sloppy,0,2
C1fin0,0,140,142,greedy,0,3
C1fin0,0,140,142,sloppy,0,3
C1fin0,0,140,143,greedy,0,4
C1fin0,0,140,143,sloppy,1,6
C1fin0,0,140,144,greedy,0,5
C1fin0,0,140,144,sloppy,0,5
C1fin0,0,140,145,greedy,0,3
C1fin0,0,140,145,sloppy,0,3
C1fin0,0,140,146,greedy,0,1
C1fin0,0,140,146,sloppy,0,1
C1fin0,0,140,147,greedy,1,6
C1fin0,0,140,147,sloppy,0,1
C1fin0,0,140,148,greedy,0,5
C1fin0,0,140,148,sloppy,1,6
C1fin0,0,140,149,greedy,1,6
C1fin0,0,140,149,sloppy,1,6
C1fin0,0,140,150,greedy,0,1
C1fin0,0,140,150,sloppy,1,6
C1fin0,0,140,151,greedy,0,5
C1fin0,0,140,151,sloppy,1,6
C1fin0,0,140,152,greedy,1,6
C1fin0,0,140,152,sloppy,1,6
C1fin0,0,140,153,greedy,0,4
C1fin0,0,140,153,sloppy,0,4
C1fin0,0,140,154,greedy,0,4
C1fin0,0,140,154,sloppy,0,5
C1fin0,0,140,155,greedy,1,6
C1fin0,0,140,155,sloppy,1,6
C1fin0,0,140,156,greedy,1,6
C1fin0,0,140,156,sloppy,0,0
C1fin0,0,140,157,greedy,1,6
C1fin0,0,140,157,sloppy,1,6
C1fin0,0,140,158,greedy,0,2
C1fin0,0,140,158,sloppy,0,2
C1fin0,0,140,159,greedy,1,6
C1fin0,0,140,159,sloppy,1,6
C1fin0,0,20,20,greedy,0,2
C1fin0,0,20,20,sloppy,0,4
C1fin0,0,20,21,greedy,0,4
C1fin0,0,20,21,sloppy,0,4
C1fin0,0,20,22,greedy,0,4
C1fin0,0,20,22,sloppy,1,6
C1fin0,0,20,23,greedy,0,5
C1fin0,0,20,23,sloppy,1,6
C1fin0,0,20,24,greedy,0,5
C1fin0,0,20,24,sloppy,0,0
C1fin0,0,20,25,greedy,1,6
C1fin0,0,20,25,sloppy,0,5
C1fin0,0,20,26,greedy,0,2
C1fin0,0,20,26,sloppy,0,2
C1fin0,0,20,27,greedy,0,5
C1fin0,0,20,27,sloppy,1,6
C1fin0,0,20,28,greedy,1,6
C1fin0,0,20,28,sloppy,1,6
C1fin0,0,20,29,greedy,0,3
C1fin0,0,20,29,sloppy,0,1
C1fin0,0,20,30,greedy,0,5
C1fin0,0,20,30,sloppy,1,6
C1fin0,0,20,31,greedy,1,6
C1fin0,0,20,31,sloppy,1,6
C1fin0,0,20,32,greedy,1,6
C1fin0,0,20,32,sloppy,0,4
C1fin0,0,20,33,greedy,0,0
C1fin0,0,20,33,sloppy,0,2
C1fin0,0,20,34,greedy,0,4
C1fin0,0,20,34,sloppy,1,6
C1fin0,0,20,35,greedy,0,2
C1fin0,0,20,35,sloppy,0,3
C1fin0,0,20,36,greedy,0,2
C1fin0,0,20,36,sloppy,0,2
C1fin0,0,20,37,greedy,1,6
C1fin0,0,20,37,sloppy,0,1
C1fin0,0,20,38,greedy,1,6
C1fin0,0,20,38,sloppy,1,6
C1fin0,0,20,39,greedy,0,3
C1fin0,0,20,39,sloppy,0,4
C1fin0,0,40,40,greedy,0,5
C1fin0,0,40,40,sloppy,1,6
C1fin0,0,40,41,greedy,1,6
C1fin0,0,40,41,sloppy,0,5
C1fin0,0,40,42,greedy,1,6
C1fin0,0,40,42,sloppy,0,0
C1fin0,0,40,43,greedy,0,2
C1fin0,0,40,43,sloppy,0,2
C1fin0,0,40,44,greedy,1,6
C1fin0,0,40,44,sloppy,1,6
C1fin0,0,40,45,greedy,0,1
C1fin0,0,40,45,sloppy,0,1
C1fin0,0,40,46,greedy,0,0
C1fin0,0,40,46,sloppy,0,0
C1fin0,0,40,47,greedy,1,6
C1fin0,0,40,47,sloppy,0,5
C1fin0,0,40,48,greedy,0,2
C1fin0,0,40,48,sloppy,0,2
C1fin0,0,40,49,greedy,1,6
C1fin0,0,40,49,sloppy,0,5
C1fin0,0,40,50,greedy,0,4
C1fin0,0,40,50,sloppy,0,4
C1fin0,0,40,51,greedy,1,6
C1fin0,0,40,51,sloppy,1,6
C1fin0,0,40,52,greedy,1,6
C1fin0,0,40,52,sloppy,0,1
C1fin0,0,40,53,greedy,1,6
C1fin0,0,40,53,sloppy,0,3
C1fin0,0,40,54,greedy,1,6
C1fin0,0,40,54,sloppy,1,6
C1fin0,0,40,55,greedy,1,6
C1fin0,0,40,55,sloppy,1,6
C1fin0,0,40,56,greedy,1,6
C1fin0,0,40,56,sloppy,1,6
C1fin0,0,40,57,greedy,0,5
C1fin0,0,40,57,sloppy,1,6
C1fin0,0,40,58,greedy,0,4
C1fin0,0,40,58,sloppy,0,2
C1fin0,0,40,59,greedy,1,6
C1fin0,0,40,59,sloppy,1,6
C1fin0,0,60,60,greedy,1,6
C1fin0,0,60,60,sloppy,1,6
C1fin0,0,60,61,greedy,1,6
C1fin0,0,60,61,sloppy,0,5
C1fin0,0,60,62,greedy,1,6
C1fin0,0,60,62,sloppy,1,6
C1fin0,0,60,63,greedy,0,3
C1fin0,0,60,63,sloppy,0,3
C1fin0,0,60,64,greedy,0,4
C1fin0,0,60,64,sloppy,0,1
C1fin0,0,60,65,greedy,1,6
C1fin0,0,60,65,sloppy,1,6
C1fin0,0,60,66,greedy,0,3
C1fin0,0,60,66,sloppy,0,3
C1fin0,0,60,67,greedy,0,4
C1fin0,0,60,67,sloppy,0,4
C1fin0,0,60,68,greedy,1,6
C1fin0,0,60,68,sloppy,0,3
C1fin0,0,60,69,greedy,0,5
C1fin0,0,60,69,sloppy,1,6
C1fin0,0,60,70,greedy,1,6
C1fin0,0,60,70,sloppy,0,4
C1fin0,0,60,71,greedy,1,6
C1fin0,0,60,71,sloppy,0,4
C1fin0,0,60,72,greedy,0,4
C1fin0,0,60,72,sloppy,0,4
C1fin0,0,60,73,greedy,1,6
C1fin0,0,60,73,sloppy,0,3
C1fin0,0,60,74,greedy,1,6
C1fin0,0,60,74,sloppy,0,2
C1fin0,0,60,75,greedy,1,6
C1fin0,0,60,75,sloppy,1,6
C1fin0,0,60,76,greedy,1,6
C1fin0,0,60,76,sloppy,1,6
C1fin0,0,60,77,greedy,0,1
C1fin0,0,60,77,sloppy,1,6
C1fin0,0,60,78,greedy,1,6
C1fin0,0,60,78,sloppy,1,6
C1fin0,0,60,79,greedy,1,6
C1fin0,0,60,79,sloppy,1,6
C1fin0,0,80,80,greedy,0,5
C1fin0,0,80,80,sloppy,0,2
C1fin0,0,80,81,greedy,0,2
C1fin0,0,80,81,sloppy,0,3
C1fin0,0,80,82,greedy,0,4
C1fin0,0,80,82,sloppy,0,5
C1fin0,0,80,83,greedy,1,6
C1fin0,0,80,83,sloppy,0,5
C1fin0,0,80,84,greedy,0,5
C1fin0,0,80,84,sloppy,1,6
C1fin0,0,80,85,greedy,0,3
C1fin0,0,80,85,sloppy,0,3
C1fin0,0,80,86,greedy,0,1
C1fin0,0,80,86,sloppy,1,6
C1fin0,0,80,87,greedy,0,1
C1fin0,0,80,87,sloppy,0,1
C1fin0,0,80,88,greedy,0,2
C1fin0,0,80,88,sloppy,1,6
C1fin0,0,80,89,greedy,0,1
C1fin0,0,80,89,sloppy,1,6
C1fin0,0,80,90,greedy,0,5
C1fin0,0,80,90,sloppy,1,6
C1fin0,0,80,91,greedy,1,6
C1fin0,0,80,91,sloppy,0,4
C1fin0,0,80,92,greedy,1,6
C1fin0,0,80,92,sloppy,0,2
C1fin0,0,80,93,greedy,0,5
C1fin0,0,80,93,sloppy,1,6
C1fin0,0,80,94,greedy,0,4
C1fin0,0,80,94,sloppy,0,4
C1fin0,0,80,95,greedy,1,6
C1fin0,0,80,95,sloppy,1,6
C1fin0,0,80,96,greedy,1,6
C1fin0,0,80,96,sloppy,0,4
C1fin0,0,80,97,greedy,1,6
C1fin0,0,80,97,sloppy,0,2
C1fin0,0,80,98,greedy,0,3
C1fin0,0,80,98,sloppy,0,2
C1fin0,0,80,99,greedy,0,4
C1fin0,0,80,99,sloppy,0,5
C1fin0,6,0,0,greedy,1,6
C1fin0,6,0,0,sloppy,0,2
C1fin0,6,0,1,greedy,0,4
C1fin0,6,0,1,sloppy,1,6
C1fin0,6,0,2,greedy,0,2
C1fin0,6,0,2,sloppy,0,5
C1fin0,6,0,3,greedy,0,4
C1fin0,6,0,3,sloppy,0,4
C1fin0,6,0,4,greedy,0,3
C1fin0,6,0,4,sloppy,0,3
C1fin0,6,0,5,greedy,0,5
C1fin0,6,0,5,sloppy,1,6
C1fin0,6,0,6,greedy,0,3
C1fin0,6,0,6,sloppy,1,6
C1fin0,6,0,7,greedy,0,4
C1fin0,6,0,7,sloppy,0,4
C1fin0,6,0,8,greedy,0,3
C1fin0,6,0,8,sloppy,0,3
C1fin0,6,0,9,greedy,0,3
C1fin0,6,0,9,sloppy,1,6
C1fin0,6,0,10,greedy,1,6
C1fin0,6,0,10,sloppy,0,1
C1fin0,6,0,11,greedy,0,5
C1fin0,6,0,11,sloppy,1,6
C1fin0,6,0,12,greedy,0,2
C1fin0,6,0,12,sloppy,0,3
C1fin0,6,0,13,greedy,0,5
C1fin0,6,0,13,sloppy,0,5
C1fin0,6,0,14,greedy,0,3
C1fin0,6,0,14,sloppy,0,3
C1fin0,6,0,15,greedy,0,5
C1fin0,6,0,15,sloppy,0,5
C1fin0,6,0,16,greedy,0,1
C1fin0,6,0,16,sloppy,0,1
C1fin0,6,0,17,greedy,1,6
C1fin0,6,0,17,sloppy,0,5
C1fin0,6,0,18,greedy,1,6
C1fin0,6,0,18,sloppy,1,6
C1fin0,6,0,19,greedy,0,3
C1fin0,6,0,19,sloppy,0,4
C1fin0,6,100,100,greedy,0,5
C1fin0,6,100,100,sloppy,1,6
C1fin0,6,100,101,greedy,0,3
C1fin0,6,100,101,sloppy,1,6
C1fin0,6,100,102,greedy,0,4
C1fin0,6,100,102,sloppy,0,4
C1fin0,6,100,103,greedy,0,5
C1fin0,6,100,103,sloppy,1,6
C1fin0,6,100,104,greedy,0,2
C1fin0,6,100,104,sloppy,0,2
C1fin0,6,100,105,greedy,0,3
C1fin0,6,100,105,sloppy,0,1
C1fin0,6,100,106,greedy,0,3
C1fin0,6,100,106,sloppy,0,3
C1fin0,6,100,107,greedy,0,5
C1fin0,6,100,107,sloppy,0,5
C1fin0,6,100,108,greedy,0,2
C1fin0,6,100,108,sloppy,0,2
C1fin0,6,100,109,greedy,1,6
C1fin0,6,100,109,sloppy,0,4
C1fin0,6,100,110,greedy,0,3
C1fin0,6,100,110,sloppy,0,1
C1fin0,6,100,111,greedy,0,2
C1fin0,6,100,111,sloppy,0,2
C1fin0,6,100,112,greedy,0,5
C1fin0,6,100,112,sloppy,0,4
C1fin0,6,100,113,greedy,1,6
C1fin0,6,100,113,sloppy,0,5
C1fin0,6,100,114,greedy,1,6
C1fin0,6,100,114,sloppy,0,2
C1fin0,6,100,115,greedy,0,2
C1fin0,6,100,115,sloppy,0,2
C1fin0,6,100,116,greedy,0,1
C1fin0,6,100,116,sloppy,0,1
C1fin0,6,100,117,greedy,0,2
C1fin0,6,100,117,sloppy,0,2
C1fin0,6,100,118,greedy,0,5
C1fin0,6,100,118,sloppy,0,5
C1fin0,6,100,119,greedy,0,3
C1fin0,6,100,119,sloppy,0,4
C1fin0,6,120,120,greedy,0,3
C1fin0,6,120,120,sloppy,0,3
C1fin0,6,120,121,greedy,0,2
C1fin0,6,120,121,sloppy,0,2
C1fin0,6,120,122,greedy,1,6
C1fin0,6,120,122,sloppy,0,3
C1fin0,6,120,123,greedy,0,5
C1fin0,6,120,123,sloppy,1,6
C1fin0,6,120,124,greedy,0,2
C1fin0,6,120,124,sloppy,0,2
C1fin0,6,120,125,greedy,0,1
C1fin0,6,120,125,sloppy,0,1
C1fin0,6,120,126,greedy,0,1
C1fin0,6,120,126,sloppy,0,4
C1fin0,6,120,127,greedy,1,6
C1fin0,6,120,127,sloppy,1,6
C1fin0,6,120,128,greedy,0,3
C1fin0,6,120,128,sloppy,1,6
C1fin0,6,120,129,greedy,0,5
C1fin0,6,120,129,sloppy,1,6
C1fin0,6,120,130,greedy,0,0
C1fin0,6,120,130,sloppy,0,2
C1fin0,6,120,131,greedy,1,6
C1fin0,6,120,131,sloppy,0,5
C1fin0,6,120,132,greedy,0,5
C1fin0,6,120,132,sloppy,0,3
C1fin0,6,120,133,greedy,0,5
C1fin0,6,120,133,sloppy,0,5
C1fin0,6,120,134,greedy,0,5
C1fin0,6,120,134,sloppy,0,3
C1fin0,6,120,135,greedy,0,5
C1fin0,6,120,135,sloppy,0,4
C1fin0,6,120,136,greedy,0,5
C1fin0,6,120,136,sloppy,0,1
C1fin0,6,120,137,greedy,0,5
C1fin0,6,120,137,sloppy,0,5
C1fin0,6,120,138,greedy,0,4
C1fin0,6,120,138,sloppy,0,4
C1fin0,6,120,139,greedy,0,2
C1fin0,6,120,139,sloppy,0,2
C1fin0,6,140,140,greedy,0,2
C1fin0,6,140,140,sloppy,0,2
C1fin0,6,140,141,greedy,0,2
C1fin0,6,140,141,sloppy,0,2
C1fin0,6,140,142,greedy,0,3
C1fin0,6,140,142,sloppy,0,3
C1fin0,6,140,143,greedy,1,6
C1fin0,6,140,143,sloppy,1,6
C1fin0,6,140,144,greedy,0,5
C1fin0,6,140,144,sloppy,0,5
C1fin0,6,140,145,greedy,0,2
C1fin0,6,140,145,sloppy,0,5
C1fin0,6,140,146,greedy,0,4
C1fin0,6,140,146,sloppy,0,1
C1fin0,6,140,147,greedy,1,6
C1fin0,6,140,147,sloppy,1,6
C1fin0,6,140,148,greedy,0,5
C1fin0,6,140,148,sloppy,0,4
C1fin0,6,140,149,greedy,0,2
C1fin0,6,140,149,sloppy,0,5
C1fin0,6,140,150,greedy,0,3
C1fin0,6,140,150,sloppy,1,6
C1fin0,6,140,151,greedy,0,0
C1fin0,6,140,151,sloppy,0,5
C1fin0,6,140,152,greedy,0,5
C1fin0,6,140,152,sloppy,1,6
C1fin0,6,140,153,greedy,0,4
C1fin0,6,140,153,sloppy,0,4
C1fin0,6,140,154,greedy,0,2
C1fin0,6,140,154,sloppy,0,2
C1fin0,6,140,155,greedy,0,3
C1fin0,6,140,155,sloppy,1,6
C1fin0,6,140,156,greedy,0,0
C1fin0,6,140,156,sloppy,0,0
C1fin0,6,140,157,greedy,0,5
C1fin0,6,140,157,sloppy,0,3
C1fin0,6,140,158,greedy,0,2
C1fin0,6,140,158,sloppy,1,6
C1fin0,6,140,159,greedy,0,1
C1fin0,6,140,159,sloppy,0,2
C1fin0,6,20,20,greedy,0,4
C1fin0,6,20,20,sloppy,0,2
C1fin0,6,20,21,greedy,0,4
C1fin0,6,20,21,sloppy,0,4
C1fin0,6,20,22,greedy,0,2
C1fin0,6,20,22,sloppy,0,0
C1fin0,6,20,23,greedy,0,1
C1fin0,6,20,23,sloppy,0,2
C1fin0,6,20,24,greedy,0,3
C1fin0,6,20,24,sloppy,0,3
C1fin0,6,20,25,greedy,0,1
C1fin0,6,20,25,sloppy,0,5
C1fin0,6,20,26,greedy,0,2
C1fin0,6,20,26,sloppy,0,2
C1fin0,6,20,27,greedy,0,4
C1fin0,6,20,27,sloppy,0,4
C1fin0,6,20,28,greedy,0,3
C1fin0,6,20,28,sloppy,0,2
C1fin0,6,20,29,greedy,0,1
C1fin0,6,20,29,sloppy,0,1
C1fin0,6,20,30,greedy,0,1
C1fin0,6,20,30,sloppy,1,6
C1fin0,6,20,31,greedy,1,6
C1fin0,6,20,31,sloppy,0,3
C1fin0,6,20,32,greedy,0,3
C1fin0,6,20,32,sloppy,0,5
C1fin0,6,20,33,greedy,1,6
C1fin0,6,20,33,sloppy,0,3
C1fin0,6,20,34,greedy,0,4
C1fin0,6,20,34,sloppy,1,6
C1fin0,6,20,35,greedy,0,2
C1fin0,6,20,35,sloppy,0,2
C1fin0,6,20,36,greedy,0,5
C1fin0,6,20,36,sloppy,0,2
C1fin0,6,20,37,greedy,1,6
C1fin0,6,20,37,sloppy,1,6
C1fin0,6,20,38,greedy,0,3
C1fin0,6,20,38,sloppy,0,3
C1fin0,6,20,39,greedy,0,2
C1fin0,6,20,39,sloppy,0,2
C1fin0,6,40,40,greedy,0,3
C1fin0,6,40,40,sloppy,0,5
C1fin0,6,40,41,greedy,0,3
C1fin0,6,40,41,sloppy,0,5
C1fin0,6,40,42,greedy,1,6
C1fin0,6,40,42,sloppy,0,4
C1fin0,6,40,43,greedy,0,4
C1fin0,6,40,43,sloppy,0,4
C1fin0,6,40,44,greedy,0,3
C1fin0,6,40,44,sloppy,0,2
C1fin0,6,40,45,greedy,0,3
C1fin0,6,40,45,sloppy,0,3
C1fin0,6,40,46,greedy,0,2
C1fin0,6,40,46,sloppy,0,5
C1fin0,6,40,47,greedy,1,6
C1fin0,6,40,47,sloppy,0,3
C1fin0,6,40,48,greedy,0,2
C1fin0,6,40,48,sloppy,0,2
C1fin0,6,40,49,greedy,0,5
C1fin0,6,40,49,sloppy,0,2
C1fin0,6,40,50,greedy,0,2
C1fin0,6,40,50,sloppy,0,4
C1fin0,6,40,51,greedy,0,1
C1fin0,6,40,51,sloppy,0,0
C1fin0,6,40,52,greedy,0,5
C1fin0,6,40,52,sloppy,0,5
C1fin0,6,40,53,greedy,0,2
C1fin0,6,40,53,sloppy,1,6
C1fin0,6,40,54,greedy,1,6
C1fin0,6,40,54,sloppy,1,6
C1fin0,6,40,55,greedy,0,2
C1fin0,6,40,55,sloppy,0,5
C1fin0,6,40,56,greedy,0,1
C1fin0,6,40,56,sloppy,1,6
C1fin0,6,40,57,greedy,0,2
C1fin0,6,40,57,sloppy,0,2
C1fin0,6,40,58,greedy,0,2
C1fin0,6,40,58,sloppy,1,6
C1fin0,6,40,59,greedy,0,5
C1fin0,6,40,59,sloppy,1,6
C1fin0,6,60,60,greedy,0,5
C1fin0,6,60,60,sloppy,0,5
C1fin0,6,60,61,greedy,0,5
C1fin0,6,60,61,sloppy,0,4
C1fin0,6,60,62,greedy,0,4
C1fin0,6,60,62,sloppy,0,2
C1fin0,6,60,63,greedy,0,1
C1fin0,6,60,63,sloppy,0,3
C1fin0,6,60,64,greedy,1,6
C1fin0,6,60,64,sloppy,0,1
C1fin0,6,60,65,greedy,0,2
C1fin0,6,60,65,sloppy,1,6
C1fin0,6,60,66,greedy,1,6
C1fin0,6,60,66,sloppy,1,6
C1fin0,6,60,67,greedy,0,1
C1fin0,6,60,67,sloppy,0,1
C1fin0,6,60,68,greedy,1,6
C1fin0,6,60,68,sloppy,0,5
C1fin0,6,60,69,greedy,0,5
C1fin0,6,60,69,sloppy,0,3
C1fin0,6,60,70,greedy,0,1
C1fin0,6,60,70,sloppy,0,5
C1fin0,6,60,71,greedy,0,2
C1fin0,6,60,71,sloppy,0,2
C1fin0,6,60,72,greedy,1,6
C1fin0,6,60,72,sloppy,0,5
C1fin0,6,60,73,greedy,0,5
C1fin0,6,60,73,sloppy,0,5
C1fin0,6,60,74,greedy,0,2
C1fin0,6,60,74,sloppy,0,2
C1fin0,6,60,75,greedy,0,2
C1fin0,6,60,75,sloppy,0,5
C1fin0,6,60,76,greedy,0,2
C1fin0,6,60,76,sloppy,0,2
C1fin0,6,60,77,greedy,0,2
C1fin0,6,60,77,sloppy,1,6
C1fin0,6,60,78,greedy,0,5
C1fin0,6,60,78,sloppy,0,2
C1fin0,6,60,79,greedy,0,3
C1fin0,6,60,79,sloppy,1,6
C1fin0,6,80,80,greedy,0,5
C1fin0,6,80,80,sloppy,0,5
C1fin0,6,80,81,greedy,0,3
C1fin0,6,80,81,sloppy,0,3
C1fin0,6,80,82,greedy,0,3
C1fin0,6,80,82,sloppy,0,3
C1fin0,6,80,83,greedy,0,0
C1fin0,6,80,83,sloppy,0,3
C1fin0,6,80,84,greedy,0,2
C1fin0,6,80,84,sloppy,1,6
C1fin0,6,80,85,greedy,0,5
C1fin0,6,80,85,sloppy,0,5
C1fin0,6,80,86,greedy,0,4
C1fin0,6,80,86,sloppy,0,4
C1fin0,6,80,87,greedy,0,1
C1fin0,6,80,87,sloppy,0,1
C1fin0,6,80,88,greedy,0,2
C1fin0,6,80,88,sloppy,0,5
C1fin0,6,80,89,greedy,0,3
C1fin0,6,80,89,sloppy,1,6
C1fin0,6,80,90,greedy,0,5
C1fin0,6,80,90,sloppy,0,0
C1fin0,6,80,91,greedy,0,5
C1fin0,6,80,91,sloppy,0,3
C1fin0,6,80,92,greedy,0,4
C1fin0,6,80,92,sloppy,1,6
C1fin0,6,80,93,greedy,0,1
C1fin0,6,80,93,sloppy,0,5
C1fin0,6,80,94,greedy,0,2
C1fin0,6,80,94,sloppy,0,2
C1fin0,6,80,95,greedy,1,6
C1fin0,6,80,95,sloppy,0,1
C1fin0,6,80,96,greedy,0,4
C1fin0,6,80,96,sloppy,1,6
C1fin0,6,80,97,greedy,0,4
C1fin0,6,80,97,sloppy,0,4
C1fin0,6,80,98,greedy,0,4
C1fin0,6,80,98,sloppy,0,4
C1fin0,6,80,99,greedy,0,3
C1fin0,6,80,99,sloppy,1,6
C1fin0,8,0,0,greedy,0,1
C1fin0,8,0,0,sloppy,0,2
C1fin0,8,0,1,greedy,0,2
C1fin0,8,0,1,sloppy,0,5
C1fin0,8,0,2,greedy,0,2
C1fin0,8,0,2,sloppy,0,2
C1fin0,8,0,3,greedy,0,4
C1fin0,8,0,3,sloppy,0,4
C1fin0,8,0,4,greedy,0,3
C1fin0,8,0,4,sloppy,0,3
C1fin0,8,0,5,greedy,0,4
C1fin0,8,0,5,sloppy,0,1
C1fin0,8,0,6,greedy,0,1
C1fin0,8,0,6,sloppy,0,3
C1fin0,8,0,7,greedy,0,2
C1fin0,8,0,7,sloppy,0,2
C1fin0,8,0,8,greedy,0,3
C1fin0,8,0,8,sloppy,0,3
C1fin0,8,0,9,greedy,0,2
C1fin0,8,0,9,sloppy,0,3
C1fin0,8,0,10,greedy,0,1
C1fin0,8,0,10,sloppy,0,1
C1fin0,8,0,11,greedy,0,2
C1fin0,8,0,11,sloppy,0,2
C1fin0,8,0,12,greedy,0,2
C1fin0,8,0,12,sloppy,0,3
C1fin0,8,0,13,greedy,0,5
C1fin0,8,0,13,sloppy,0,5
C1fin0,8,0,14,greedy,0,5
C1fin0,8,0,14,sloppy,0,5
C1fin0,8,0,15,greedy,1,6
C1fin0,8,0,15,sloppy,0,3
C1fin0,8,0,16,greedy,0,1
C1fin0,8,0,16,sloppy,0,3
C1fin0,8,0,17,greedy,0,4
C1fin0,8,0,17,sloppy,0,4
C1fin0,8,0,18,greedy,1,6
C1fin0,8,0,18,sloppy,0,3
C1fin0,8,0,19,greedy,0,4
C1fin0,8,0,19,sloppy,0,3
C1fin0,8,100,100,greedy,0,4
C1fin0,8,100,100,sloppy,0,5
C1fin0,8,100,101,greedy,0,3
C1fin0,8,100,101,sloppy,0,3
C1fin0,8,100,102,greedy,0,3
C1fin0,8,100,102,sloppy,0,3
C1fin0,8,100,103,greedy,0,5
C1fin0,8,100,103,sloppy,1,6
C1fin0,8,100,104,greedy,0,2
C1fin0,8,100,104,sloppy,0,2
C1fin0,8,100,105,greedy,0,3
C1fin0,8,100,105,sloppy,0,3
C1fin0,8,100,106,greedy,1,6
C1fin0,8,100,106,sloppy,0,5
C1fin0,8,100,107,greedy,0,5
C1fin0,8,100,107,sloppy,1,6
C1fin0,8,100,108,greedy,0,2
C1fin0,8,100,108,sloppy,0,2
C1fin0,8,100,109,greedy,0,2
C1fin0,8,100,109,sloppy,0,3
C1fin0,8,100,110,greedy,0,2
C1fin0,8,100,110,sloppy,0,1
C1fin0,8,100,111,greedy,0,2
C1fin0,8,100,111,sloppy,0,2
C1fin0,8,100,112,greedy,0,3
C1fin0,8,100,112,sloppy,0,4
C1fin0,8,100,113,greedy,0,5
C1fin0,8,100,113,sloppy,0,4
C1fin0,8,100,114,greedy,0,2
C1fin0,8,100,114,sloppy,0,2
C1fin0,8,100,115,greedy,0,2
C1fin0,8,100,115,sloppy,0,3
C1fin0,8,100,116,greedy,0,3
C1fin0,8,100,116,sloppy,0,1
C1fin0,8,100,117,greedy,0,2
C1fin0,8,100,117,sloppy,0,2
C1fin0,8,100,118,greedy,0,3
C1fin0,8,100,118,sloppy,0,3
C1fin0,8,100,119,greedy,0,1
C1fin0,8,100,119,sloppy,0,1
C1fin0,8,120,120,greedy,0,3
C1fin0,8,120,120,sloppy,0,3
C1fin0,8,120,121,greedy,0,2
C1fin0,8,120,121,sloppy,0,2
C1fin0,8,120,122,greedy,0,3
C1fin0,8,120,122,sloppy,0,5
C1fin0,8,120,123,greedy,0,5
C1fin0,8,120,123,sloppy,1,6
C1fin0,8,120,124,greedy,0,2
C1fin0,8,120,124,sloppy,0,2
C1fin0,8,120,125,greedy,0,1
C1fin0,8,120,125,sloppy,0,3
C1fin0,8,120,126,greedy,0,4
C1fin0,8,120,126,sloppy,0,2
C1fin0,8,120,127,greedy,0,3
C1fin0,8,120,127,sloppy,0,3
C1fin0,8,120,128,greedy,0,3
C1fin0,8,120,128,sloppy,0,3
C1fin0,8,120,129,greedy,0,1
C1fin0,8,120,129,sloppy,0,5
C1fin0,8,120,130,greedy,0,0
C1fin0,8,120,130,sloppy,0,2
C1fin0,8,120,131,greedy,0,4
C1fin0,8,120,131,sloppy,1,6
C1fin0,8,120,132,greedy,1,6
C1fin0,8,120,132,sloppy,0,3
C1fin0,8,120,133,greedy,0,1
C1fin0,8,120,133,sloppy,0,3
C1fin0,8,120,134,greedy,0,3
C1fin0,8,120,134,sloppy,0,3
C1fin0,8,120,135,greedy,0,5
C1fin0,8,120,135,sloppy,0,4
C1fin0,8,120,136,greedy,0,1
C1fin0,8,120,136,sloppy,0,1
C1fin0,8,120,137,greedy,0,5
C1fin0,8,120,137,sloppy,0,5
C1fin0,8,120,138,greedy,0,4
C1fin0,8,120,138,sloppy,0,4
C1fin0,8,120,139,greedy,0,2
C1fin0,8,120,139,sloppy,0,2
C1fin0,8,140,140,greedy,0,2
C1fin0,8,140,140,sloppy,0,2
C1fin0,8,140,141,greedy,0,2
C1fin0,8,140,141,sloppy,0,2
C1fin0,8,140,142,greedy,0,4
C1fin0,8,140,142,sloppy,0,3
C1fin0,8,140,143,greedy,0,3
C1fin0,8,140,143,sloppy,0,3
C1fin0,8,140,144,greedy,0,4
C1fin0,8,140,144,sloppy,0,2
C1fin0,8,140,145,greedy,0,1
C1fin0,8,140,145,sloppy,0,2
C1fin0,8,140,146,greedy,1,6
C1fin0,8,140,146,sloppy,0,5
C1fin0,8,140,147,greedy,0,1
C1fin0,8,140,147,sloppy,0,1
C1fin0,8,140,148,greedy,0,3
C1fin0,8,140,148,sloppy,0,4
C1fin0,8,140,149,greedy,0,1
C1fin0,8,140,149,sloppy,0,2
C1fin0,8,140,150,greedy,0,4
C1fin0,8,140,150,sloppy,0,3
C1fin0,8,140,151,greedy,0,0
C1fin0,8,140,151,sloppy,0,3
C1fin0,8,140,152,greedy,1,6
C1fin0,8,140,152,sloppy,1,6
C1fin0,8,140,153,greedy,0,4
C1fin0,8,140,153,sloppy,0,1
C1fin0,8,140,154,greedy,0,2
C1fin0,8,140,154,sloppy,0,2
C1fin0,8,140,155,greedy,1,6
C1fin0,8,140,155,sloppy,0,1
C1fin0,8,140,156,greedy,0,0
C1fin0,8,140,156,sloppy,0,0
C1fin0,8,140,157,greedy,0,3
C1fin0,8,140,157,sloppy,0,5
C1fin0,8,140,158,greedy,0,2
C1fin0,8,140,158,sloppy,0,3
C1fin0,8,140,159,greedy,1,6
C1fin0,8,140,159,sloppy,0,1
C1fin0,8,20,20,greedy,0,2
C1fin0,8,20,20,sloppy,0,2
C1fin0,8,20,21,greedy,0,3
C1fin0,8,20,21,sloppy,0,4
C1fin0,8,20,22,greedy,0,2
C1fin0,8,20,22,sloppy,0,0
C1fin0,8,20,23,greedy,0,2
C1fin0,8,20,23,sloppy,0,1
C1fin0,8,20,24,greedy,0,5
C1fin0,8,20,24,sloppy,0,3
C1fin0,8,20,25,greedy,0,1
C1fin0,8,20,25,sloppy,0,5
C1fin0,8,20,26,greedy,0,2
C1fin0,8,20,26,sloppy,0,2
C1fin0,8,20,27,greedy,1,6
C1fin0,8,20,27,sloppy,0,0
C1fin0,8,20,28,greedy,1,6
C1fin0,8,20,28,sloppy,0,3
C1fin0,8,20,29,greedy,0,3
C1fin0,8,20,29,sloppy,0,3
C1fin0,8,20,30,greedy,0,4
C1fin0,8,20,30,sloppy,0,1
C1fin0,8,20,31,greedy,0,3
C1fin0,8,20,31,sloppy,0,3
C1fin0,8,20,32,greedy,1,6
C1fin0,8,20,32,sloppy,1,6
C1fin0,8,20,33,greedy,0,4
C1fin0,8,20,33,sloppy,0,4
C1fin0,8,20,34,greedy,1,6
C1fin0,8,20,34,sloppy,0,4
C1fin0,8,20,35,greedy,0,1
C1fin0,8,20,35,sloppy,0,2
C1fin0,8,20,36,greedy,0,2
C1fin0,8,20,36,sloppy,0,2
C1fin0,8,20,37,greedy,0,5
C1fin0,8,20,37,sloppy,1,6
C1fin0,8,20,38,greedy,0,3
C1fin0,8,20,38,sloppy,0,2
C1fin0,8,20,39,greedy,0,2
C1fin0,8,20,39,sloppy,0,2
C1fin0,8,40,40,greedy,0,2
C1fin0,8,40,40,sloppy,0,3
C1fin0,8,40,41,greedy,0,5
C1fin0,8,40,41,sloppy,0,3
C1fin0,8,40,42,greedy,0,5
C1fin0,8,40,42,sloppy,0,4
C1fin0,8,40,43,greedy,0,3
C1fin0,8,40,43,sloppy,0,3
C1fin0,8,40,44,greedy,0,3
C1fin0,8,40,44,sloppy,0,2
C1fin0,8,40,45,greedy,0,4
C1fin0,8,40,45,sloppy,0,4
C1fin0,8,40,46,greedy,0,5
C1fin0,8,40,46,sloppy,0,5
C1fin0,8,40,47,greedy,0,3
C1fin0,8,40,47,sloppy,0,5
C1fin0,8,40,48,greedy,0,2
C1fin0,8,40,48,sloppy,0,2
C1fin0,8,40,49,greedy,0,3
C1fin0,8,40,49,sloppy,0,3
C1fin0,8,40,50,greedy,0,4
C1fin0,8,40,50,sloppy,0,2
C1fin0,8,40,51,greedy,0,1
C1fin0,8,40,51,sloppy,0,0
C1fin0,8,40,52,greedy,0,4
C1fin0,8,40,52,sloppy,0,1
C1fin0,8,40,53,greedy,0,2
C1fin0,8,40,53,sloppy,0,2
C1fin0,8,40,54,greedy,0,2
C1fin0,8,40,54,sloppy,0,2
C1fin0,8,40,55,greedy,0,3
C1fin0,8,40,55,sloppy,0,2
C1fin0,8,40,56,greedy,0,1
C1fin0,8,40,56,sloppy,0,1
C1fin0,8,40,57,greedy,0,2
C1fin0,8,40,57,sloppy,0,3
C1fin0,8,40,58,greedy,0,2
C1fin0,8,40,58,sloppy,0,2
C1fin0,8,40,59,greedy,0,5
C1fin0,8,40,59,sloppy,0,2
C1fin0,8,60,60,greedy,0,3
C1fin0,8,60,60,sloppy,0,2
C1fin0,8,60,61,greedy,0,2
C1fin0,8,60,61,sloppy,0,5
C1fin0,8,60,62,greedy,0,2
C1fin0,8,60,62,sloppy,0,2
C1fin0,8,60,63,greedy,1,6
C1fin0,8,60,63,sloppy,0,3
C1fin0,8,60,64,greedy,0,2
C1fin0,8,60,64,sloppy,0,1
C1fin0,8,60,65,greedy,0,1
C1fin0,8,60,65,sloppy,0,1
C1fin0,8,60,66,greedy,0,2
C1fin0,8,60,66,sloppy,0,2
C1fin0,8,60,67,greedy,0,1
C1fin0,8,60,67,sloppy,0,2
C1fin0,8,60,68,greedy,0,3
C1fin0,8,60,68,sloppy,0,2
C1fin0,8,60,69,greedy,0,5
C1fin0,8,60,69,sloppy,0,3
C1fin0,8,60,70,greedy,0,1
C1fin0,8,60,70,sloppy,0,1
C1fin0,8,60,71,greedy,0,2
C1fin0,8,60,71,sloppy,0,2
C1fin0,8,60,72,greedy,0,4
C1fin0,8,60,72,sloppy,0,4
C1fin0,8,60,73,greedy,1,6
C1fin0,8,60,73,sloppy,0,5
C1fin0,8,60,74,greedy,0,2
C1fin0,8,60,74,sloppy,0,2
C1fin0,8,60,75,greedy,0,1
C1fin0,8,60,75,sloppy,0,5
C1fin0,8,60,76,greedy,0,2
C1fin0,8,60,76,sloppy,0,2
C1fin0,8,60,77,greedy,0,2
C1fin0,8,60,77,sloppy,1,6
C1fin0,8,60,78,greedy,0,2
C1fin0,8,60,78,sloppy,0,2
C1fin0,8,60,79,greedy,0,3
C1fin0,8,60,79,sloppy,0,2
C1fin0,8,80,80,greedy,0,2
C1fin0,8,80,80,sloppy,0,1
C1fin0,8,80,81,greedy,0,3
C1fin0,8,80,81,sloppy,1,6
C1fin0,8,80,82,greedy,0,3
C1fin0,8,80,82,sloppy,1,6
C1fin0,8,80,83,greedy,0,0
C1fin0,8,80,83,sloppy,0,3
C1fin0,8,80,84,greedy,1,6
C1fin0,8,80,84,sloppy,0,3
C1fin0,8,80,85,greedy,0,5
C1fin0,8,80,85,sloppy,0,5
C1fin0,8,80,86,greedy,0,1
C1fin0,8,80,86,sloppy,0,1
C1fin0,8,80,87,greedy,0,1
C1fin0,8,80,87,sloppy,0,1
C1fin0,8,80,88,greedy,0,2
C1fin0,8,80,88,sloppy,0,2
C1fin0,8,80,89,greedy,0,2
C1fin0,8,80,89,sloppy,0,3
C1fin0,8,80,90,greedy,0,3
C1fin0,8,80,90,sloppy,0,0
C1fin0,8,80,91,greedy,0,2
C1fin0,8,80,91,sloppy,0,3
C1fin0,8,80,92,greedy,0,5
C1fin0,8,80,92,sloppy,0,4
C1fin0,8,80,93,greedy,0,1
C1fin0,8,80,93,sloppy,0,1
C1fin0,8,80,94,greedy,0,2
C1fin0,8,80,94,sloppy,0,2
C1fin0,8,80,95,greedy,0,2
C1fin0,8,80,95,sloppy,0,1
C1fin0,8,80,96,greedy,0,4
C1fin0,8,80,96,sloppy,0,4
C1fin0,8,80,97,greedy,0,3
C1fin0,8,80,97,sloppy,0,4
C1fin0,8,80,98,greedy,0,4
C1fin0,8,80,98,sloppy,0,4
C1fin0,8,80,99,greedy,0,4
C1fin0,8,80,99,sloppy,1,6
C1m1,-1,0,0,greedy,1,6
C1m1,-1,0,0,sloppy,1,6
C1m1,-1,0,1,greedy,1,6
C1m1,-1,0,1,sloppy,1,6
C1m1,-1,0,2,greedy,0,2
C1m1,-1,0,2,sloppy,1,6
C1m1,-1,0,3,greedy,1,6
C1m1,-1,0,3,sloppy,1,6
C1m1,-1,0,4,greedy,0,2
C1m1,-1,0,4,sloppy,1,6
C1m1,-1,0,5,greedy,1,6
C1m1,-1,0,5,sloppy,1,6
C1m1,-1,0,6,greedy,1,6
C1m1,-1,0,6,sloppy,1,6
C1m1,-1,0,7,greedy,1,6
C1m1,-1,0,7,sloppy,1,6
C1m1,-1,0,8,greedy,0,3
C1m1,-1,0,8,sloppy,1,6
C1m1,-1,0,9,greedy,1,6
C1m1,-1,0,9,sloppy,1,6
C1m1,-1,0,10,greedy,0,5
C1m1,-1,0,10,sloppy,0,1
C1m1,-1,0,11,greedy,1,6
C1m1,-1,0,11,sloppy,1,6
C1m1,-1,0,12,greedy,0,4
C1m1,-1,0,12,sloppy,1,6
C1m1,-1,0,13,greedy,1,6
C1m1,-1,0,13,sloppy,1,6
C1m1,-1,0,14,greedy,1,6
C1m1,-1,0,14,sloppy,1,6
C1m1,-1,0,15,greedy,1,6
C1m1,-1,0,15,sloppy,1,6
C1m1,-1,0,16,greedy,0,5
C1m1,-1,0,16,sloppy,1,6
C1m1,-1,0,17,greedy,1,6
C1m1,-1,0,17,sloppy,1,6
C1m1,-1,0,18,greedy,1,6
C1m1,-1,0,18,sloppy,1,6
C1m1,-1,0,19,greedy,0,4
C1m1,-1,0,19,sloppy,0,4
C1m1,-1,100,100,greedy,0,5
C1m1,-1,100,100,sloppy,1,6
C1m1,-1,100,101,greedy,1,6
C1m1,-1,100,101,sloppy,1,6
C1m1,-1,100,102,greedy,0,5
C1m1,-1,100,102,sloppy,1,6
C1m1,-1,100,103,greedy,1,6
C1m1,-1,100,103,sloppy,1,6
C1m1,-1,100,104,greedy,1,6
C1m1,-1,100,104,sloppy,0,3
C1m1,-1,100,105,greedy,1,6
C1m1,-1,100,105,sloppy,0,4
C1m1,-1,100,106,greedy,1,6
C1m1,-1,100,106,sloppy,1,6
C1m1,-1,100,107,greedy,1,6
C1m1,-1,100,107,sloppy,1,6
C1m1,-1,100,108,greedy,1,6
C1m1,-1,100,108,sloppy,0,3
C1m1,-1,100,109,greedy,1,6
C1m1,-1,100,109,sloppy,1,6
C1m1,-1,100,110,greedy,1,6
C1m1,-1,100,110,sloppy,1,6
C1m1,-1,100,111,greedy,0,2
C1m1,-1,100,111,sloppy,0,5
C1m1,-1,100,112,greedy,0,5
C1m1,-1,100,112,sloppy,0,5
C1m1,-1,100,113,greedy,1,6
C1m1,-1,100,113,sloppy,1,6
C1m1,-1,100,114,greedy,1,6
C1m1,-1,100,114,sloppy,1,6
C1m1,-1,100,115,greedy,0,2
C1m1,-1,100,115,sloppy,0,2
C1m1,-1,100,116,greedy,1,6
C1m1,-1,100,116,sloppy,1,6
C1m1,-1,100,117,greedy,0,2
C1m1,-1,100,117,sloppy,0,2
C1m1,-1,100,118,greedy,1,6
C1m1,-1,100,118,sloppy,1,6
C1m1,-1,100,119,greedy,1,6
C1m1,-1,100,119,sloppy,1,6
C1m1,-1,120,120,greedy,1,6
C1m1,-1,120,120,sloppy,1,6
C1m1,-1,120,121,greedy,0,1
C1m1,-1,120,121,sloppy,1,6
C1m1,-1,120,122,greedy,1,6
C1m1,-1,120,122,sloppy,0,5
C1m1,-1,120,123,greedy,1,6
C1m1,-1,120,123,sloppy,1,6
C1m1,-1,120,124,greedy,0,5
C1m1,-1,120,124,sloppy,0,2
C1m1,-1,120,125,greedy,1,6
C1m1,-1,120,125,sloppy,1,6
C1m1,-1,120,126,greedy,1,6
C1m1,-1,120,126,sloppy,1,6
C1m1,-1,120,127,greedy,1,6
C1m1,-1,120,127,sloppy,1,6
C1m1,-1,120,128,greedy,1,6
C1m1,-1,120,128,sloppy,0,3
C1m1,-1,120,129,greedy,1,6
C1m1,-1,120,129,sloppy,1,6
C1m1,-1,120,130,greedy,1,6
C1m1,-1,120,130,sloppy,1,6
C1m1,-1,120,131,greedy,1,6
C1m1,-1,120,131,sloppy,1,6
C1m1,-1,120,132,greedy,1,6
C1m1,-1,120,132,sloppy,1,6
C1m1,-1,120,133,greedy,1,6
C1m1,-1,120,133,sloppy,1,6
C1m1,-1,120,134,greedy,1,6
C1m1,-1,120,134,sloppy,1,6
C1m1,-1,120,135,greedy,1,6
C1m1,-1,120,135,sloppy,0,5
C1m1,-1,120,136,greedy,1,6
C1m1,-1,120,136,sloppy,1,6
C1m1,-1,120,137,greedy,1,6
C1m1,-1,120,137,sloppy,1,6
C1m1,-1,120,138,greedy,0,5
C1m1,-1,120,138,sloppy,0,5
C1m1,-1,120,139,greedy,0,2
C1m1,-1,120,139,sloppy,0,2
C1m1,-1,140,140,greedy,0,2
C1m1,-1,140,140,sloppy,1,6
C1m1,-1,140,141,greedy,0,2
C1m1,-1,140,141,sloppy,0,2
C1m1,-1,140,142,greedy,0,3
C1m1,-1,140,142,sloppy,0,4
C1m1,-1,140,143,greedy,1,6
C1m1,-1,140,143,sloppy,1,6
C1m1,-1,140,144,greedy,1,6
C1m1,-1,140,144,sloppy,0,3
C1m1,-1,140,145,greedy,1,6
C1m1,-1,140,145,sloppy,0,5
C1m1,-1,140,146,greedy,0,4
C1m1,-1,140,146,sloppy,1,6
C1m1,-1,140,147,greedy,1,6
C1m1,-1,140,147,sloppy,1,6
C1m1,-1,140,148,greedy,1,6
C1m1,-1,140,148,sloppy,1,6
C1m1,-1,140,149,greedy,1,6
C1m1,-1,140,149,sloppy,1,6
C1m1,-1,140,150,greedy,1,6
C1m1,-1,140,150,sloppy,1,6
C1m1,-1,140,151,greedy,1,6
C1m1,-1,140,151,sloppy,1,6
C1m1,-1,140,152,greedy,1,6
C1m1,-1,140,152,sloppy,1,6
C1m1,-1,140,153,greedy,1,6
C1m1,-1,140,153,sloppy,0,5
C1m1,-1,140,154,greedy,0,4
C1m1,-1,140,154,sloppy,0,4
C1m1,-1,140,155,greedy,0,1
C1m1,-1,140,155,sloppy,1,6
C1m1,-1,140,156,greedy,1,6
C1m1,-1,140,156,sloppy,1,6
C1m1,-1,140,157,greedy,1,6
C1m1,-1,140,157,sloppy,1,6
C1m1,-1,140,158,greedy,0,2
C1m1,-1,140,158,sloppy,0,2
C1m1,-1,140,159,greedy,0,2
C1m1,-1,140,159,sloppy,0,2
C1m1,-1,20,20,greedy,1,6
C1m1,-1,20,20,sloppy,1,6
C1m1,-1,20,21,greedy,1,6
C1m1,-1,20,21,sloppy,0,4
C1m1,-1,20,22,greedy,1,6
C1m1,-1,20,22,sloppy,1,6
C1m1,-1,20,23,greedy,1,6
C1m1,-1,20,23,sloppy,1,6
C1m1,-1,20,24,greedy,1,6
C1m1,-1,20,24,sloppy,1,6
C1m1,-1,20,25,greedy,1,6
C1m1,-1,20,25,sloppy,1,6
C1m1,-1,20,26,greedy,1,6
C1m1,-1,20,26,sloppy,1,6
C1m1,-1,20,27,greedy,0,5
C1m1,-1,20,27,sloppy,1,6
C1m1,-1,20,28,greedy,1,6
C1m1,-1,20,28,sloppy,1,6
C1m1,-1,20,29,greedy,0,3
C1m1,-1,20,29,sloppy,0,1
C1m1,-1,20,30,greedy,1,6
C1m1,-1,20,30,sloppy,1,6
C1m1,-1,20,31,greedy,1,6
C1m1,-1,20,31,sloppy,1,6
C1m1,-1,20,32,greedy,0,4
C1m1,-1,20,32,sloppy,0,5
C1m1,-1,20,33,greedy,0,4
C1m1,-1,20,33,sloppy,1,6
C1m1,-1,20,34,greedy,0,4
C1m1,-1,20,34,sloppy,1,6
C1m1,-1,20,35,greedy,0,2
C1m1,-1,20,35,sloppy,0,2
C1m1,-1,20,36,greedy,0,2
C1m1,-1,20,36,sloppy,0,2
C1m1,-1,20,37,greedy,1,6
C1m1,-1,20,37,sloppy,1,6
C1m1,-1,20,38,greedy,1,6
C1m1,-1,20,38,sloppy,1,6
C1m1,-1,20,39,greedy,1,6
C1m1,-1,20,39,sloppy,0,2
C1m1,-1,40,40,greedy,1,6
C1m1,-1,40,40,sloppy,0,5
C1m1,-1,40,41,greedy,1,6
C1m1,-1,40,41,sloppy,1,6
C1m1,-1,40,42,greedy,1,6
C1m1,-1,40,42,sloppy,0,4
C1m1,-1,40,43,greedy,1,6
C1m1,-1,40,43,sloppy,0,4
C1m1,-1,40,44,greedy,1,6
C1m1,-1,40,44,sloppy,0,5
C1m1,-1,40,45,greedy,1,6
C1m1,-1,40,45,sloppy,1,6
C1m1,-1,40,46,greedy,1,6
C1m1,-1,40,46,sloppy,1,6
C1m1,-1,40,47,greedy,1,6
C1m1,-1,40,47,sloppy,1,6
C1m1,-1,40,48,greedy,1,6
C1m1,-1,40,48,sloppy,1,6
C1m1,-1,40,49,greedy,1,6
C1m1,-1,40,49,sloppy,0,3
C1m1,-1,40,50,greedy,1,6
C1m1,-1,40,50,sloppy,0,4
C1m1,-1,40,51,greedy,1,6
C1m1,-1,40,51,sloppy,1,6
C1m1,-1,40,52,greedy,0,5
C1m1,-1,40,52,sloppy,1,6
C1m1,-1,40,53,greedy,1,6
C1m1,-1,40,53,sloppy,0,3
C1m1,-1,40,54,greedy,1,6
C1m1,-1,40,54,sloppy,0,5
C1m1,-1,40,55,greedy,1,6
C1m1,-1,40,55,sloppy,1,6
C1m1,-1,40,56,greedy,0,5
C1m1,-1,40,56,sloppy,1,6
C1m1,-1,40,57,greedy,1,6
C1m1,-1,40,57,sloppy,1,6
C1m1,-1,40,58,greedy,1,6
C1m1,-1,40,58,sloppy,1,6
C1m1,-1,40,59,greedy,1,6
C1m1,-1,40,59,sloppy,1,6
C1m1,-1,60,60,greedy,1,6
C1m1,-1,60,60,sloppy,1,6
C1m1,-1,60,61,greedy,1,6
C1m1,-1,60,61,sloppy,0,5
C1m1,-1,60,62,greedy,1,6
C1m1,-1,60,62,sloppy,1,6
C1m1,-1,60,63,greedy,1,6
C1m1,-1,60,63,sloppy,1,6
C1m1,-1,60,64,greedy,1,6
C1m1,-1,60,64,sloppy,0,2
C1m1,-1,60,65,greedy,0,1
C1m1,-1,60,65,sloppy,1,6
C1m1,-1,60,66,greedy,0,3
C1m1,-1,60,66,sloppy,1,6
C1m1,-1,60,67,greedy,1,6
C1m1,-1,60,67,sloppy,0,4
C1m1,-1,60,68,greedy,1,6
C1m1,-1,60,68,sloppy,1,6
C1m1,-1,60,69,greedy,1,6
C1m1,-1,60,69,sloppy,1,6
C1m1,-1,60,70,greedy,0,4
C1m1,-1,60,70,sloppy,0,4
C1m1,-1,60,71,greedy,1,6
C1m1,-1,60,71,sloppy,0,5
C1m1,-1,60,72,greedy,1,6
C1m1,-1,60,72,sloppy,0,4
C1m1,-1,60,73,greedy,1,6
C1m1,-1,60,73,sloppy,0,5
C1m1,-1,60,74,greedy,1,6
C1m1,-1,60,74,sloppy,0,2
C1m1,-1,60,75,greedy,1,6
C1m1,-1,60,75,sloppy,1,6
C1m1,-1,60,76,greedy,1,6
C1m1,-1,60,76,sloppy,0,2
C1m1,-1,60,77,greedy,1,6
C1m1,-1,60,77,sloppy,1,6
C1m1,-1,60,78,greedy,1,6
C1m1,-1,60,78,sloppy,1,6
C1m1,-1,60,79,greedy,0,3
C1m1,-1,60,79,sloppy,0,3
C1m1,-1,80,80,greedy,1,6
C1m1,-1,80,80,sloppy,1,6
C1m1,-1,80,81,greedy,0,3
C1m1,-1,80,81,sloppy,1,6
C1m1,-1,80,82,greedy,1,6
C1m1,-1,80,82,sloppy,0,3
C1m1,-1,80,83,greedy,1,6
C1m1,-1,80,83,sloppy,1,6
C1m1,-1,80,84,greedy,0,5
C1m1,-1,80,84,sloppy,1,6
C1m1,-1,80,85,greedy,0,5
C1m1,-1,80,85,sloppy,1,6
C1m1,-1,80,86,greedy,1,6
C1m1,-1,80,86,sloppy,1,6
C1m1,-1,80,87,greedy,0,1
C1m1,-1,80,87,sloppy,0,1
C1m1,-1,80,88,greedy,0,2
C1m1,-1,80,88,sloppy,0,2
C1m1,-1,80,89,greedy,0,4
C1m1,-1,80,89,sloppy,1,6
C1m1,-1,80,90,greedy,1,6
C1m1,-1,80,90,sloppy,0,1
C1m1,-1,80,91,greedy,1,6
C1m1,-1,80,91,sloppy,1,6
C1m1,-1,80,92,greedy,1,6
C1m1,-1,80,92,sloppy,1,6
C1m1,-1,80,93,greedy,1,6
C1m1,-1,80,93,sloppy,1,6
C1m1,-1,80,94,greedy,1,6
C1m1,-1,80,94,sloppy,1,6
C1m1,-1,80,95,greedy,1,6
C1m1,-1,80,95,sloppy,1,6
C1m1,-1,80,96,greedy,1,6
C1m1,-1,80,96,sloppy,0,5
C1m1,-1,80,97,greedy,1,6
C1m1,-1,80,97,sloppy,1,6
C1m1,-1,80,98,greedy,1,6
C1m1,-1,80,98,sloppy,1,6
C1m1,-1,80,99,greedy,1,6
C1m1,-1,80,99,sloppy,1,6
C1m1,0,0,0,greedy,1,6
C1m1,0,0,0,sloppy,0,4
C1m1,0,0,1,greedy,1,6
C1m1,0,0,1,sloppy,1,6
C1m1,0,0,2,greedy,0,2
C1m1,0,0,2,sloppy,0,3
C1m1,0,0,3,greedy,0,5
C1m1,0,0,3,sloppy,1,6
C1m1,0,0,4,greedy,0,5
C1m1,0,0,4,sloppy,0,3
C1m1,0,0,5,greedy,1,6
C1m1,0,0,5,sloppy,1,6
C1m1,0,0,6,greedy,1,6
C1m1,0,0,6,sloppy,1,6
C1m1,0,0,7,greedy,0,5
C1m1,0,0,7,sloppy,1,6
C1m1,0,0,8,greedy,0,2
C1m1,0,0,8,sloppy,0,3
C1m1,0,0,9,greedy,1,6
C1m1,0,0,9,sloppy,1,6
C1m1,0,0,10,greedy,0,1
C1m1,0,0,10,sloppy,0,4
C1m1,0,0,11,greedy,0,5
C1m1,0,0,11,sloppy,0,3
C1m1,0,0,12,greedy,0,5
C1m1,0,0,12,sloppy,0,0
C1m1,0,0,13,greedy,1,6
C1m1,0,0,13,sloppy,1,6
C1m1,0,0,14,greedy,0,3
C1m1,0,0,14,sloppy,0,0
C1m1,0,0,15,greedy,0,1
C1m1,0,0,15,sloppy,1,6
C1m1,0,0,16,greedy,0,1
C1m1,0,0,16,sloppy,1,6
C1m1,0,0,17,greedy,1,6
C1m1,0,0,17,sloppy,1,6
C1m1,0,0,18,greedy,1,6
C1m1,0,0,18,sloppy,1,6
C1m1,0,0,19,greedy,0,4
C1m1,0,0,19,sloppy,1,6
C1m1,0,100,100,greedy,0,4
C1m1,0,100,100,sloppy,0,4
C1m1,0,100,101,greedy,1,6
C1m1,0,100,101,sloppy,1,6
C1m1,0,100,102,greedy,0,4
C1m1,0,100,102,sloppy,0,4
C1m1,0,100,103,greedy,1,6
C1m1,0,100,103,sloppy,0,3
C1m1,0,100,104,greedy,0,3
C1m1,0,100,104,sloppy,0,3
C1m1,0,100,105,greedy,1,6
C1m1,0,100,105,sloppy,0,0
C1m1,0,100,106,greedy,0,1
C1m1,0,100,106,sloppy,1,6
C1m1,0,100,107,greedy,1,6
C1m1,0,100,107,sloppy,0,3
C1m1,0,100,108,greedy,1,6
C1m1,0,100,108,sloppy,0,3
C1m1,0,100,109,greedy,1,6
C1m1,0,100,109,sloppy,1,6
C1m1,0,100,110,greedy,0,0
C1m1,0,100,110,sloppy,0,1
C1m1,0,100,111,greedy,0,2
C1m1,0,100,111,sloppy,1,6
C1m1,0,100,112,greedy,0,0
C1m1,0,100,112,sloppy,0,0
C1m1,0,100,113,greedy,1,6
C1m1,0,100,113,sloppy,0,4
C1m1,0,100,114,greedy,1,6
C1m1,0,100,114,sloppy,1,6
C1m1,0,100,115,greedy,0,2
C1m1,0,100,115,sloppy,0,2
C1m1,0,100,116,greedy,0,1
C1m1,0,100,116,sloppy,0,1
C1m1,0,100,117,greedy,1,6
C1m1,0,100,117,sloppy,0,2
C1m1,0,100,118,greedy,1,6
C1m1,0,100,118,sloppy,1,6
C1m1,0,100,119,greedy,1,6
C1m1,0,100,119,sloppy,1,6
C1m1,0,120,120,greedy,1,6
C1m1,0,120,120,sloppy,1,6
C1m1,0,120,121,greedy,0,0
C1m1,0,120,121,sloppy,1,6
C1m1,0,120,122,greedy,1,6
C1m1,0,120,122,sloppy,0,2
C1m1,0,120,123,greedy,1,6
C1m1,0,120,123,sloppy,1,6
C1m1,0,120,124,greedy,0,5
C1m1,0,120,124,sloppy,0,4
C1m1,0,120,125,greedy,0,1
C1m1,0,120,125,sloppy,0,3
C1m1,0,120,126,greedy,0,4
C1m1,0,120,126,sloppy,1,6
C1m1,0,120,127,greedy,1,6
C1m1,0,120,127,sloppy,0,4
C1m1,0,120,128,greedy,0,3
C1m1,0,120,128,sloppy,0,3
C1m1,0,120,129,greedy,1,6
C1m1,0,120,129,sloppy,1,6
C1m1,0,120,130,greedy,0,2
C1m1,0,120,130,sloppy,0,2
C1m1,0,120,131,greedy,1,6
C1m1,0,120,131,sloppy,1,6
C1m1,0,120,132,greedy,0,1
C1m1,0,120,132,sloppy,1,6
C1m1,0,120,133,greedy,1,6
C1m1,0,120,133,sloppy,0,5
C1m1,0,120,134,greedy,0,4
C1m1,0,120,134,sloppy,1,6
C1m1,0,120,135,greedy,0,5
C1m1,0,120,135,sloppy,1,6
C1m1,0,120,136,greedy,0,4
C1m1,0,120,136,sloppy,0,4
C1m1,0,120,137,greedy,1,6
C1m1,0,120,137,sloppy,1,6
C1m1,0,120,138,greedy,0,4
C1m1,0,120,138,sloppy,0,4
C1m1,0,120,139,greedy,1,6
C1m1,0,120,139,sloppy,0,2
C1m1,0,140,140,greedy,0,5
C1m1,0,140,140,sloppy,0,1
C1m1,0,140,141,greedy,0,2
C1m1,0,140,141,sloppy,0,2
C1m1,0,140,142,greedy,0,3
C1m1,0,140,142,sloppy,0,3
C1m1,0,140,143,greedy,0,4
C1m1,0,140,143,sloppy,1,6
C1m1,0,140,144,greedy,0,5
C1m1,0,140,144,sloppy,0,5
C1m1,0,140,145,greedy,0,3
C1m1,0,140,145,sloppy,0,3
C1m1,0,140,146,greedy,0,1
C1m1,0,140,146,sloppy,0,1
C1m1,0,140,147,greedy,1,6
C1m1,0,140,147,sloppy,0,1
C1m1,0,140,148,greedy,0,5
C1m1,0,140,148,sloppy,1,6
C1m1,0,140,149,greedy,1,6
C1m1,0,140,149,sloppy,1,6
C1m1,0,140,150,greedy,0,1
C1m1,0,140,150,sloppy,1,6
C1m1,0,140,151,greedy,0,5
C1m1,0,140,151,sloppy,1,6
C1m1,0,140,152,greedy,1,6
C1m1,0,140,152,sloppy,1,6
C1m1,0,140,153,greedy,0,4
C1m1,0,140,153,sloppy,0,4
C1m1,0,140,154,greedy,0,4
C1m1,0,140,154,sloppy,0,5
C1m1,0,140,155,greedy,1,6
C1m1,0,140,155,sloppy,1,6
C1m1,0,140,156,greedy,1,6
C1m1,0,140,156,sloppy,0,0
C1m1,0,140,157,greedy,1,6
C1m1,0,140,157,sloppy,1,6
C1m1,0,140,158,greedy,0,2
C1m1,0,140,158,sloppy,0,2
C1m1,0,140,159,greedy,1,6
C1m1,0,140,159,sloppy,1,6
C1m1,0,20,20,greedy,0,2
C1m1,0,20,20,sloppy,0,4
C1m1,0,20,21,greedy,0,4
C1m1,0,20,21,sloppy,0,4
C1m1,0,20,22,greedy,0,4
C1m1,0,20,22,sloppy,1,6
C1m1,0,20,23,greedy,0,5
C1m1,0,20,23,sloppy,1,6
C1m1,0,20,24,greedy,0,5
C1m1,0,20,24,sloppy,0,0
C1m1,0,20,25,greedy,1,6
C1m1,0,20,25,sloppy,0,5
C1m1,0,20,26,greedy,0,2
C1m1,0,20,26,sloppy,0,2
C1m1,0,20,27,greedy,0,5
C1m1,0,20,27,sloppy,1,6
C1m1,0,20,28,greedy,1,6
C1m1,0,20,28,sloppy,1,6
C1m1,0,20,29,greedy,0,3
C1m1,0,20,29,sloppy,0,1
C1m1,0,20,30,greedy,0,5
C1m1,0,20,30,sloppy,1,6
C1m1,0,20,31,greedy,1,6
C1m1,0,20,31,sloppy,1,6
C1m1,0,20,32,greedy,1,6
C1m1,0,20,32,sloppy,0,4
C1m1,0,20,33,greedy,0,0
C1m1,0,20,33,sloppy,0,2
C1m1,0,20,34,greedy,0,4
C1m1,0,20,34,sloppy,1,6
C1m1,0,20,35,greedy,0,2
C1m1,0,20,35,sloppy,0,3
C1m1,0,20,36,greedy,0,2
C1m1,0,20,36,sloppy,0,2
C1m1,0,20,37,greedy,1,6
C1m1,0,20,37,sloppy,0,1
C1m1,0,20,38,greedy,1,6
C1m1,0,20,38,sloppy,1,6
C1m1,0,20,39,greedy,0,3
C1m1,0,20,39,sloppy,0,4
C1m1,0,40,40,greedy,0,5
C1m1,0,40,40,sloppy,1,6
C1m1,0,40,41,greedy,1,6
C1m1,0,40,41,sloppy,0,5
C1m1,0,40,42,greedy,1,6
C1m1,0,40,42,sloppy,0,0
C1m1,0,40,43,greedy,0,2
C1m1,0,40,43,sloppy,0,2
C1m1,0,40,44,greedy,1,6
C1m1,0,40,44,sloppy,1,6
C1m1,0,40,45,greedy,0,1
C1m1,0,40,45,sloppy,0,1
C1m1,0,40,46,greedy,0,0
C1m1,0,40,46,sloppy,0,0
C1m1,0,40,47,greedy,1,6
C1m1,0,40,47,sloppy,0,5
C1m1,0,40,48,greedy,0,2
C1m1,0,40,48,sloppy,0,2
C1m1,0,40,49,greedy,1,6
C1m1,0,40,49,sloppy,0,5
C1m1,0,40,50,greedy,0,4
C1m1,0,40,50,sloppy,0,4
C1m1,0,40,51,greedy,1,6
C1m1,0,40,51,sloppy,1,6
C1m1,0,40,52,greedy,1,6
C1m1,0,40,52,sloppy,0,1
C1m1,0,40,53,greedy,1,6
C1m1,0,40,53,sloppy,0,3
C1m1,0,40,54,greedy,1,6
C1m1,0,40,54,sloppy,1,6
C1m1,0,40,55,greedy,1,6
C1m1,0,40,55,sloppy,1,6
C1m1,0,40,56,greedy,1,6
C1m1,0,40,56,sloppy,1,6
C1m1,0,40,57,greedy,0,5
C1m1,0,40,57,sloppy,1,6
C1m1,0,40,58,greedy,0,4
C1m1,0,40,58,sloppy,0,2
C1m1,0,40,59,greedy,1,6
C1m1,0,40,59,sloppy,1,6
C1m1,0,60,60,greedy,1,6
C1m1,0,60,60,sloppy,1,6
C1m1,0,60,61,greedy,1,6
C1m1,0,60,61,sloppy,0,5
C1m1,0,60,62,greedy,1,6
C1m1,0,60,62,sloppy,1,6
C1m1,0,60,63,greedy,0,3
C1m1,0,60,63,sloppy,0,3
C1m1,0,60,64,greedy,0,4
C1m1,0,60,64,sloppy,0,1
C1m1,0,60,65,greedy,1,6
C1m1,0,60,65,sloppy,1,6
C1m1,0,60,66,greedy,0,3
C1m1,0,60,66,sloppy,0,3
C1m1,0,60,67,greedy,0,4
C1m1,0,60,67,sloppy,0,4
C1m1,0,60,68,greedy,1,6
C1m1,0,60,68,sloppy,0,3
C1m1,0,60,69,greedy,0,5
C1m1,0,60,69,sloppy,1,6
C1m1,0,60,70,greedy,1,6
C1m1,0,60,70,sloppy,0,4
C1m1,0,60,71,greedy,1,6
C1m1,0,60,71,sloppy,0,4
C1m1,0,60,72,greedy,0,4
C1m1,0,60,72,sloppy,0,4
C1m1,0,60,73,greedy,1,6
C1m1,0,60,73,sloppy,0,3
C1m1,0,60,74,greedy,1,6
C1m1,0,60,74,sloppy,0,2
C1m1,0,60,75,greedy,1,6
C1m1,0,60,75,sloppy,1,6
C1m1,0,60,76,greedy,1,6
C1m1,0,60,76,sloppy,1,6
C1m1,0,60,77,greedy,0,1
C1m1,0,60,77,sloppy,1,6
C1m1,0,60,78,greedy,1,6
C1m1,0,60,78,sloppy,1,6
C1m1,0,60,79,greedy,1,6
C1m1,0,60,79,sloppy,1,6
C1m1,0,80,80,greedy,0,5
C1m1,0,80,80,sloppy,0,2
C1m1,0,80,81,greedy,0,2
C1m1,0,80,81,sloppy,0,3
C1m1,0,80,82,greedy,0,4
C1m1,0,80,82,sloppy,0,5
C1m1,0,80,83,greedy,1,6
C1m1,0,80,83,sloppy,0,5
C1m1,0,80,84,greedy,0,5
C1m1,0,80,84,sloppy,1,6
C1m1,0,80,85,greedy,0,3
C1m1,0,80,85,sloppy,0,3
C1m1,0,80,86,greedy,0,1
C1m1,0,80,86,sloppy,1,6
C1m1,0,80,87,greedy,0,1
C1m1,0,80,87,sloppy,0,1
C1m1,0,80,88,greedy,0,2
C1m1,0,80,88,sloppy,1,6
C1m1,0,80,89,greedy,0,1
C1m1,0,80,89,sloppy,1,6
C1m1,0,80,90,greedy,0,5
C1m1,0,80,90,sloppy,1,6
C1m1,0,80,91,greedy,1,6
C1m1,0,80,91,sloppy,0,4
C1m1,0,80,92,greedy,1,6
C1m1,0,80,92,sloppy,0,2
C1m1,0,80,93,greedy,0,5
C1m1,0,80,93,sloppy,1,6
C1m1,0,80,94,greedy,0,4
C1m1,0,80,94,sloppy,0,4
C1m1,0,80,95,greedy,1,6
C1m1,0,80,95,sloppy,1,6
C1m1,0,80,96,greedy,1,6
C1m1,0,80,96,sloppy,0,4
C1m1,0,80,97,greedy,1,6
C1m1,0,80,97,sloppy,0,2
C1m1,0,80,98,greedy,0,3
C1m1,0,80,98,sloppy,0,2
C1m1,0,80,99,greedy,0,4
C1m1,0,80,99,sloppy,0,5
C1m1,1,0,0,greedy,1,6
C1m1,1,0,0,sloppy,0,4
C1m1,1,0,1,greedy,0,4
C1m1,1,0,1,sloppy,0,4
C1m1,1,0,2,greedy,0,2
C1m1,1,0,2,sloppy,1,6
C1m1,1,0,3,greedy,1,6
C1m1,1,0,3,sloppy,1,6
C1m1,1,0,4,greedy,0,4
C1m1,1,0,4,sloppy,0,3
C1m1,1,0,5,greedy,1,6
C1m1,1,0,5,sloppy,1,6
C1m1,1,0,6,greedy,0,5
C1m1,1,0,6,sloppy,0,5
C1m1,1,0,7,greedy,1,6
C1m1,1,0,7,sloppy,1,6
C1m1,1,0,8,greedy,0,3
C1m1,1,0,8,sloppy,0,2
C1m1,1,0,9,greedy,1,6
C1m1,1,0,9,sloppy,1,6
C1m1,1,0,10,greedy,0,4
C1m1,1,0,10,sloppy,0,1
C1m1,1,0,11,greedy,1,6
C1m1,1,0,11,sloppy,0,3
C1m1,1,0,12,greedy,0,1
C1m1,1,0,12,sloppy,0,0
C1m1,1,0,13,greedy,0,3
C1m1,1,0,13,sloppy,0,3
C1m1,1,0,14,greedy,1,6
C1m1,1,0,14,sloppy,0,0
C1m1,1,0,15,greedy,0,1
C1m1,1,0,15,sloppy,1,6
C1m1,1,0,16,greedy,0,1
C1m1,1,0,16,sloppy,1,6
C1m1,1,0,17,greedy,1,6
C1m1,1,0,17,sloppy,1,6
C1m1,1,0,18,greedy,1,6
C1m1,1,0,18,sloppy,1,6
C1m1,1,0,19,greedy,0,4
C1m1,1,0,19,sloppy,0,4
C1m1,1,100,100,greedy,0,4
C1m1,1,100,100,sloppy,1,6
C1m1,1,100,101,greedy,0,4
C1m1,1,100,101,sloppy,1,6
C1m1,1,100,102,greedy,0,4
C1m1,1,100,102,sloppy,0,4
C1m1,1,100,103,greedy,0,5
C1m1,1,100,103,sloppy,0,3
C1m1,1,100,104,greedy,0,3
C1m1,1,100,104,sloppy,0,3
C1m1,1,100,105,greedy,1,6
C1m1,1,100,105,sloppy,0,0
C1m1,1,100,106,greedy,0,1
C1m1,1,100,106,sloppy,1,6
C1m1,1,100,107,greedy,1,6
C1m1,1,100,107,sloppy,0,5
C1m1,1,100,108,greedy,0,2
C1m1,1,100,108,sloppy,0,2
C1m1,1,100,109,greedy,0,4
C1m1,1,100,109,sloppy,0,2
C1m1,1,100,110,greedy,0,0
C1m1,1,100,110,sloppy,0,1
C1m1,1,100,111,greedy,0,2
C1m1,1,100,111,sloppy,0,2
C1m1,1,100,112,greedy,0,0
C1m1,1,100,112,sloppy,0,0
C1m1,1,100,113,greedy,0,5
C1m1,1,100,113,sloppy,0,4
C1m1,1,100,114,greedy,1,6
C1m1,1,100,114,sloppy,1,6
C1m1,1,100,115,greedy,0,2
C1m1,1,100,115,sloppy,0,5
C1m1,1,100,116,greedy,0,1
C1m1,1,100,116,sloppy,0,1
C1m1,1,100,117,greedy,0,2
C1m1,1,100,117,sloppy,0,2
C1m1,1,100,118,greedy,0,2
C1m1,1,100,118,sloppy,0,5
C1m1,1,100,119,greedy,1,6
C1m1,1,100,119,sloppy,0,2
C1m1,1,120,120,greedy,1,6
C1m1,1,120,120,sloppy,1,6
C1m1,1,120,121,greedy,0,0
C1m1,1,120,121,sloppy,0,4
C1m1,1,120,122,greedy,0,5
C1m1,1,120,122,sloppy,0,5
C1m1,1,120,123,greedy,1,6
C1m1,1,120,123,sloppy,0,3
C1m1,1,120,124,greedy,0,2
C1m1,1,120,124,sloppy,1,6
C1m1,1,120,125,greedy,0,2
C1m1,1,120,125,sloppy,0,1
C1m1,1,120,126,greedy,1,6
C1m1,1,120,126,sloppy,0,4
C1m1,1,120,127,greedy,0,4
C1m1,1,120,127,sloppy,1,6
C1m1,1,120,128,greedy,0,3
C1m1,1,120,128,sloppy,0,3
C1m1,1,120,129,greedy,0,5
C1m1,1,120,129,sloppy,1,6
C1m1,1,120,130,greedy,0,2
C1m1,1,120,130,sloppy,0,2
C1m1,1,120,131,greedy,1,6
C1m1,1,120,131,sloppy,1,6
C1m1,1,120,132,greedy,0,1
C1m1,1,120,132,sloppy,0,3
C1m1,1,120,133,greedy,0,5
C1m1,1,120,133,sloppy,0,5
C1m1,1,120,134,greedy,0,5
C1m1,1,120,134,sloppy,1,6
C1m1,1,120,135,greedy,0,5
C1m1,1,120,135,sloppy,1,6
C1m1,1,120,136,greedy,1,6
C1m1,1,120,136,sloppy,0,5
C1m1,1,120,137,greedy,0,5
C1m1,1,120,137,sloppy,1,6
C1m1,1,120,138,greedy,0,5
C1m1,1,120,138,sloppy,0,4
C1m1,1,120,139,greedy,0,2
C1m1,1,120,139,sloppy,0,3
C1m1,1,140,140,greedy,0,2
C1m1,1,140,140,sloppy,0,1
C1m1,1,140,141,greedy,0,2
C1m1,1,140,141,sloppy,0,2
C1m1,1,140,142,greedy,1,6
C1m1,1,140,142,sloppy,0,3
C1m1,1,140,143,greedy,1,6
C1m1,1,140,143,sloppy,1,6
C1m1,1,140,144,greedy,0,1
C1m1,1,140,144,sloppy,1,6
C1m1,1,140,145,greedy,0,5
C1m1,1,140,145,sloppy,1,6
C1m1,1,140,146,greedy,0,1
C1m1,1,140,146,sloppy,0,1
C1m1,1,140,147,greedy,1,6
C1m1,1,140,147,sloppy,0,1
C1m1,1,140,148,greedy,1,6
C1m1,1,140,148,sloppy,0,5
C1m1,1,140,149,greedy,1,6
C1m1,1,140,149,sloppy,1,6
C1m1,1,140,150,greedy,0,1
C1m1,1,140,150,sloppy,1,6
C1m1,1,140,151,greedy,1,6
C1m1,1,140,151,sloppy,0,5
C1m1,1,140,152,greedy,1,6
C1m1,1,140,152,sloppy,0,1
C1m1,1,140,153,greedy,0,5
C1m1,1,140,153,sloppy,0,5
C1m1,1,140,154,greedy,0,4
C1m1,1,140,154,sloppy,1,6
C1m1,1,140,155,greedy,0,5
C1m1,1,140,155,sloppy,0,5
C1m1,1,140,156,greedy,1,6
C1m1,1,140,156,sloppy,0,0
C1m1,1,140,157,greedy,1,6
C1m1,1,140,157,sloppy,1,6
C1m1,1,140,158,greedy,0,2
C1m1,1,140,158,sloppy,0,4
C1m1,1,140,159,greedy,1,6
C1m1,1,140,159,sloppy,0,5
C1m1,1,20,20,greedy,0,4
C1m1,1,20,20,sloppy,1,6
C1m1,1,20,21,greedy,1,6
C1m1,1,20,21,sloppy,1,6
C1m1,1,20,22,greedy,0,3
C1m1,1,20,22,sloppy,1,6
C1m1,1,20,23,greedy,1,6
C1m1,1,20,23,sloppy,1,6
C1m1,1,20,24,greedy,0,5
C1m1,1,20,24,sloppy,0,0
C1m1,1,20,25,greedy,0,5
C1m1,1,20,25,sloppy,0,5
C1m1,1,20,26,greedy,0,5
C1m1,1,20,26,sloppy,1,6
C1m1,1,20,27,greedy,0,5
C1m1,1,20,27,sloppy,1,6
C1m1,1,20,28,greedy,0,5
C1m1,1,20,28,sloppy,0,4
C1m1,1,20,29,greedy,0,3
C1m1,1,20,29,sloppy,0,1
C1m1,1,20,30,greedy,1,6
C1m1,1,20,30,sloppy,1,6
C1m1,1,20,31,greedy,0,5
C1m1,1,20,31,sloppy,1,6
C1m1,1,20,32,greedy,1,6
C1m1,1,20,32,sloppy,1,6
C1m1,1,20,33,greedy,0,0
C1m1,1,20,33,sloppy,0,4
C1m1,1,20,34,greedy,1,6
C1m1,1,20,34,sloppy,0,4
C1m1,1,20,35,greedy,0,2
C1m1,1,20,35,sloppy,0,2
C1m1,1,20,36,greedy,0,2
C1m1,1,20,36,sloppy,0,2
C1m1,1,20,37,greedy,0,1
C1m1,1,20,37,sloppy,0,1
C1m1,1,20,38,greedy,1,6
C1m1,1,20,38,sloppy,1,6
C1m1,1,20,39,greedy,1,6
C1m1,1,20,39,sloppy,0,4
C1m1,1,40,40,greedy,1,6
C1m1,1,40,40,sloppy,1,6
C1m1,1,40,41,greedy,1,6
C1m1,1,40,41,sloppy,0,3
C1m1,1,40,42,greedy,1,6
C1m1,1,40,42,sloppy,0,0
C1m1,1,40,43,greedy,0,2
C1m1,1,40,43,sloppy,0,2
C1m1,1,40,44,greedy,0,3
C1m1,1,40,44,sloppy,0,3
C1m1,1,40,45,greedy,0,1
C1m1,1,40,45,sloppy,0,1
C1m1,1,40,46,greedy,0,0
C1m1,1,40,46,sloppy,0,0
C1m1,1,40,47,greedy,1,6
C1m1,1,40,47,sloppy,1,6
C1m1,1,40,48,greedy,0,2
C1m1,1,40,48,sloppy,0,2
C1m1,1,40,49,greedy,1,6
C1m1,1,40,49,sloppy,1,6
C1m1,1,40,50,greedy,1,6
C1m1,1,40,50,sloppy,0,4
C1m1,1,40,51,greedy,0,4
C1m1,1,40,51,sloppy,0,5
C1m1,1,40,52,greedy,1,6
C1m1,1,40,52,sloppy,0,1
C1m1,1,40,53,greedy,1,6
C1m1,1,40,53,sloppy,0,3
C1m1,1,40,54,greedy,0,5
C1m1,1,40,54,sloppy,1,6
C1m1,1,40,55,greedy,1,6
C1m1,1,40,55,sloppy,1,6
C1m1,1,40,56,greedy,0,5
C1m1,1,40,56,sloppy,1,6
C1m1,1,40,57,greedy,1,6
C1m1,1,40,57,sloppy,1,6
C1m1,1,40,58,greedy,0,2
C1m1,1,40,58,sloppy,0,2
C1m1,1,40,59,greedy,1,6
C1m1,1,40,59,sloppy,0,5
C1m1,1,60,60,greedy,1,6
C1m1,1,60,60,sloppy,1,6
C1m1,1,60,61,greedy,0,2
C1m1,1,60,61,sloppy,1,6
C1m1,1,60,62,greedy,0,4
C1m1,1,60,62,sloppy,1,6
C1m1,1,60,63,greedy,0,5
C1m1,1,60,63,sloppy,0,3
C1m1,1,60,64,greedy,0,5
C1m1,1,60,64,sloppy,0,1
C1m1,1,60,65,greedy,0,5
C1m1,1,60,65,sloppy,1,6
C1m1,1,60,66,greedy,0,1
C1m1,1,60,66,sloppy,1,6
C1m1,1,60,67,greedy,0,4
C1m1,1,60,67,sloppy,0,4
C1m1,1,60,68,greedy,0,3
C1m1,1,60,68,sloppy,0,3
C1m1,1,60,69,greedy,1,6
C1m1,1,60,69,sloppy,1,6
C1m1,1,60,70,greedy,0,4
C1m1,1,60,70,sloppy,0,4
C1m1,1,60,71,greedy,1,6
C1m1,1,60,71,sloppy,1,6
C1m1,1,60,72,greedy,0,4
C1m1,1,60,72,sloppy,0,4
C1m1,1,60,73,greedy,0,3
C1m1,1,60,73,sloppy,0,5
C1m1,1,60,74,greedy,0,2
C1m1,1,60,74,sloppy,1,6
C1m1,1,60,75,greedy,1,6
C1m1,1,60,75,sloppy,1,6
C1m1,1,60,76,greedy,0,5
C1m1,1,60,76,sloppy,1,6
C1m1,1,60,77,greedy,0,4
C1m1,1,60,77,sloppy,0,5
C1m1,1,60,78,greedy,0,5
C1m1,1,60,78,sloppy,0,5
C1m1,1,60,79,greedy,1,6
C1m1,1,60,79,sloppy,1,6
C1m1,1,80,80,greedy,1,6
C1m1,1,80,80,sloppy,0,2
C1m1,1,80,81,greedy,0,2
C1m1,1,80,81,sloppy,0,3
C1m1,1,80,82,greedy,0,2
C1m1,1,80,82,sloppy,0,3
C1m1,1,80,83,greedy,1,6
C1m1,1,80,83,sloppy,0,5
C1m1,1,80,84,greedy,1,6
C1m1,1,80,84,sloppy,0,5
C1m1,1,80,85,greedy,1,6
C1m1,1,80,85,sloppy,0,5
C1m1,1,80,86,greedy,0,1
C1m1,1,80,86,sloppy,1,6
C1m1,1,80,87,greedy,0,1
C1m1,1,80,87,sloppy,1,6
C1m1,1,80,88,greedy,0,2
C1m1,1,80,88,sloppy,0,2
C1m1,1,80,89,greedy,0,1
C1m1,1,80,89,sloppy,0,4
C1m1,1,80,90,greedy,1,6
C1m1,1,80,90,sloppy,0,5
C1m1,1,80,91,greedy,0,4
C1m1,1,80,91,sloppy,0,2
C1m1,1,80,92,greedy,1,6
C1m1,1,80,92,sloppy,0,4
C1m1,1,80,93,greedy,1,6
C1m1,1,80,93,sloppy,0,5
C1m1,1,80,94,greedy,0,2
C1m1,1,80,94,sloppy,0,5
C1m1,1,80,95,greedy,1,6
C1m1,1,80,95,sloppy,1,6
C1m1,1,80,96,greedy,0,4
C1m1,1,80,96,sloppy,0,4
C1m1,1,80,97,greedy,0,2
C1m1,1,80,97,sloppy,0,2
C1m1,1,80,98,greedy,0,3
C1m1,1,80,98,sloppy,1,6
C1m1,1,80,99,greedy,1,6
C1m1,1,80,99,sloppy,0,5
C1m1,2,0,0,greedy,1,6
C1m1,2,0,0,sloppy,1,6
C1m1,2,0,1,greedy,1,6
C1m1,2,0,1,sloppy,0,2
C1m1,2,0,2,greedy,0,2
C1m1,2,0,2,sloppy,1,6
C1m1,2,0,3,greedy,0,3
C1m1,2,0,3,sloppy,0,5
C1m1,2,0,4,greedy,0,2
C1m1,2,0,4,sloppy,0,2
C1m1,2,0,5,greedy,1,6
C1m1,2,0,5,sloppy,1,6
C1m1,2,0,6,greedy,1,6
C1m1,2,0,6,sloppy,0,5
C1m1,2,0,7,greedy,1,6
C1m1,2,0,7,sloppy,0,5
C1m1,2,0,8,greedy,0,5
C1m1,2,0,8,sloppy,0,3
C1m1,2,0,9,greedy,1,6
C1m1,2,0,9,sloppy,0,5
C1m1,2,0,10,greedy,0,1
C1m1,2,0,10,sloppy,0,1
C1m1,2,0,11,greedy,0,3
C1m1,2,0,11,sloppy,0,3
C1m1,2,0,12,greedy,0,1
C1m1,2,0,12,sloppy,0,0
C1m1,2,0,13,greedy,0,5
C1m1,2,0,13,sloppy,0,3
C1m1,2,0,14,greedy,0,2
C1m1,2,0,14,sloppy,0,0
C1m1,2,0,15,greedy,0,5
C1m1,2,0,15,sloppy,0,3
C1m1,2,0,16,greedy,0,1
C1m1,2,0,16,sloppy,0,1
C1m1,2,0,17,greedy,1,6
C1m1,2,0,17,sloppy,1,6
C1m1,2,0,18,greedy,0,1
C1m1,2,0,18,sloppy,0,3
C1m1,2,0,19,greedy,0,4
C1m1,2,0,19,sloppy,0,4
C1m1,2,100,100,greedy,0,5
C1m1,2,100,100,sloppy,1,6
C1m1,2,100,101,greedy,0,4
C1m1,2,100,101,sloppy,1,6
C1m1,2,100,102,greedy,0,4
C1m1,2,100,102,sloppy,0,4
C1m1,2,100,103,greedy,0,5
C1m1,2,100,103,sloppy,0,3
C1m1,2,100,104,greedy,0,3
C1m1,2,100,104,sloppy,0,3
C1m1,2,100,105,greedy,1,6
C1m1,2,100,105,sloppy,0,0
C1m1,2,100,106,greedy,0,1
C1m1,2,100,106,sloppy,1,6
C1m1,2,100,107,greedy,0,5
C1m1,2,100,107,sloppy,1,6
C1m1,2,100,108,greedy,0,2
C1m1,2,100,108,sloppy,0,2
C1m1,2,100,109,greedy,1,6
C1m1,2,100,109,sloppy,1,6
C1m1,2,100,110,greedy,0,0
C1m1,2,100,110,sloppy,0,1
C1m1,2,100,111,greedy,0,2
C1m1,2,100,111,sloppy,0,2
C1m1,2,100,112,greedy,0,0
C1m1,2,100,112,sloppy,0,0
C1m1,2,100,113,greedy,1,6
C1m1,2,100,113,sloppy,0,4
C1m1,2,100,114,greedy,1,6
C1m1,2,100,114,sloppy,1,6
C1m1,2,100,115,greedy,0,2
C1m1,2,100,115,sloppy,0,2
C1m1,2,100,116,greedy,0,1
C1m1,2,100,116,sloppy,0,1
C1m1,2,100,117,greedy,0,2
C1m1,2,100,117,sloppy,0,2
C1m1,2,100,118,greedy,0,2
C1m1,2,100,118,sloppy,0,5
C1m1,2,100,119,greedy,0,4
C1m1,2,100,119,sloppy,0,3
C1m1,2,120,120,greedy,1,6
C1m1,2,120,120,sloppy,0,5
C1m1,2,120,121,greedy,0,0
C1m1,2,120,121,sloppy,0,4
C1m1,2,120,122,greedy,1,6
C1m1,2,120,122,sloppy,0,5
C1m1,2,120,123,greedy,1,6
C1m1,2,120,123,sloppy,0,3
C1m1,2,120,124,greedy,0,2
C1m1,2,120,124,sloppy,0,2
C1m1,2,120,125,greedy,0,2
C1m1,2,120,125,sloppy,0,1
C1m1,2,120,126,greedy,0,4
C1m1,2,120,126,sloppy,0,4
C1m1,2,120,127,greedy,1,6
C1m1,2,120,127,sloppy,1,6
C1m1,2,120,128,greedy,0,3
C1m1,2,120,128,sloppy,0,3
C1m1,2,120,129,greedy,1,6
C1m1,2,120,129,sloppy,1,6
C1m1,2,120,130,greedy,0,4
C1m1,2,120,130,sloppy,0,5
C1m1,2,120,131,greedy,1,6
C1m1,2,120,131,sloppy,0,5
C1m1,2,120,132,greedy,0,1
C1m1,2,120,132,sloppy,1,6
C1m1,2,120,133,greedy,0,3
C1m1,2,120,133,sloppy,1,6
C1m1,2,120,134,greedy,1,6
C1m1,2,120,134,sloppy,0,2
C1m1,2,120,135,greedy,1,6
C1m1,2,120,135,sloppy,1,6
C1m1,2,120,136,greedy,1,6
C1m1,2,120,136,sloppy,1,6
C1m1,2,120,137,greedy,0,5
C1m1,2,120,137,sloppy,0,1
C1m1,2,120,138,greedy,1,6
C1m1,2,120,138,sloppy,0,4
C1m1,2,120,139,greedy,0,2
C1m1,2,120,139,sloppy,0,2
C1m1,2,140,140,greedy,1,6
C1m1,2,140,140,sloppy,0,1
C1m1,2,140,141,greedy,0,2
C1m1,2,140,141,sloppy,0,2
C1m1,2,140,142,greedy,0,3
C1m1,2,140,142,sloppy,0,3
C1m1,2,140,143,greedy,1,6
C1m1,2,140,143,sloppy,1,6
C1m1,2,140,144,greedy,0,1
C1m1,2,140,144,sloppy,0,5
C1m1,2,140,145,greedy,0,1
C1m1,2,140,145,sloppy,0,3
C1m1,2,140,146,greedy,0,4
C1m1,2,140,146,sloppy,0,4
C1m1,2,140,147,greedy,1,6
C1m1,2,140,147,sloppy,0,1
C1m1,2,140,148,greedy,1,6
C1m1,2,140,148,sloppy,1,6
C1m1,2,140,149,greedy,1,6
C1m1,2,140,149,sloppy,1,6
C1m1,2,140,150,greedy,0,1
C1m1,2,140,150,sloppy,0,5
C1m1,2,140,151,greedy,1,6
C1m1,2,140,151,sloppy,1,6
C1m1,2,140,152,greedy,1,6
C1m1,2,140,152,sloppy,1,6
C1m1,2,140,153,greedy,0,4
C1m1,2,140,153,sloppy,1,6
C1m1,2,140,154,greedy,0,3
C1m1,2,140,154,sloppy,0,3
C1m1,2,140,155,greedy,1,6
C1m1,2,140,155,sloppy,1,6
C1m1,2,140,156,greedy,1,6
C1m1,2,140,156,sloppy,0,0
C1m1,2,140,157,greedy,1,6
C1m1,2,140,157,sloppy,1,6
C1m1,2,140,158,greedy,0,2
C1m1,2,140,158,sloppy,0,4
C1m1,2,140,159,greedy,1,6
C1m1,2,140,159,sloppy,0,5
C1m1,2,20,20,greedy,0,4
C1m1,2,20,20,sloppy,0,4
C1m1,2,20,21,greedy,0,4
C1m1,2,20,21,sloppy,1,6
C1m1,2,20,22,greedy,1,6
C1m1,2,20,22,sloppy,0,3
C1m1,2,20,23,greedy,0,5
C1m1,2,20,23,sloppy,0,5
C1m1,2,20,24,greedy,1,6
C1m1,2,20,24,sloppy,0,0
C1m1,2,20,25,greedy,0,5
C1m1,2,20,25,sloppy,0,5
C1m1,2,20,26,greedy,0,2
C1m1,2,20,26,sloppy,0,5
C1m1,2,20,27,greedy,1,6
C1m1,2,20,27,sloppy,0,1
C1m1,2,20,28,greedy,0,4
C1m1,2,20,28,sloppy,0,5
C1m1,2,20,29,greedy,0,1
C1m1,2,20,29,sloppy,0,1
C1m1,2,20,30,greedy,1,6
C1m1,2,20,30,sloppy,0,5
C1m1,2,20,31,greedy,0,5
C1m1,2,20,31,sloppy,0,5
C1m1,2,20,32,greedy,0,4
C1m1,2,20,32,sloppy,0,5
C1m1,2,20,33,greedy,0,0
C1m1,2,20,33,sloppy,0,4
C1m1,2,20,34,greedy,0,4
C1m1,2,20,34,sloppy,0,4
C1m1,2,20,35,greedy,0,1
C1m1,2,20,35,sloppy,0,2
C1m1,2,20,36,greedy,0,2
C1m1,2,20,36,sloppy,0,2
C1m1,2,20,37,greedy,0,1
C1m1,2,20,37,sloppy,0,1
C1m1,2,20,38,greedy,1,6
C1m1,2,20,38,sloppy,0,3
C1m1,2,20,39,greedy,0,3
C1m1,2,20,39,sloppy,0,3
C1m1,2,40,40,greedy,0,5
C1m1,2,40,40,sloppy,0,2
C1m1,2,40,41,greedy,0,5
C1m1,2,40,41,sloppy,1,6
C1m1,2,40,42,greedy,1,6
C1m1,2,40,42,sloppy,0,0
C1m1,2,40,43,greedy,0,2
C1m1,2,40,43,sloppy,0,2
C1m1,2,40,44,greedy,1,6
C1m1,2,40,44,sloppy,0,3
C1m1,2,40,45,greedy,0,1
C1m1,2,40,45,sloppy,1,6
C1m1,2,40,46,greedy,0,0
C1m1,2,40,46,sloppy,0,0
C1m1,2,40,47,greedy,1,6
C1m1,2,40,47,sloppy,1,6
C1m1,2,40,48,greedy,1,6
C1m1,2,40,48,sloppy,0,2
C1m1,2,40,49,greedy,0,5
C1m1,2,40,49,sloppy,1,6
C1m1,2,40,50,greedy,0,4
C1m1,2,40,50,sloppy,0,4
C1m1,2,40,51,greedy,1,6
C1m1,2,40,51,sloppy,0,4
C1m1,2,40,52,greedy,1,6
C1m1,2,40,52,sloppy,0,1
C1m1,2,40,53,greedy,1,6
C1m1,2,40,53,sloppy,0,3
C1m1,2,40,54,greedy,0,5
C1m1,2,40,54,sloppy,1,6
C1m1,2,40,55,greedy,1,6
C1m1,2,40,55,sloppy,0,5
C1m1,2,40,56,greedy,1,6
C1m1,2,40,56,sloppy,0,1
C1m1,2,40,57,greedy,0,5
C1m1,2,40,57,sloppy,1,6
C1m1,2,40,58,greedy,0,5
C1m1,2,40,58,sloppy,0,4
C1m1,2,40,59,greedy,1,6
C1m1,2,40,59,sloppy,0,1
C1m1,2,60,60,greedy,1,6
C1m1,2,60,60,sloppy,1,6
C1m1,2,60,61,greedy,0,5
C1m1,2,60,61,sloppy,0,5
C1m1,2,60,62,greedy,0,4
C1m1,2,60,62,sloppy,0,4
C1m1,2,60,63,greedy,1,6
C1m1,2,60,63,sloppy,0,3
C1m1,2,60,64,greedy,0,4
C1m1,2,60,64,sloppy,0,1
C1m1,2,60,65,greedy,1,6
C1m1,2,60,65,sloppy,1,6
C1m1,2,60,66,greedy,0,5
C1m1,2,60,66,sloppy,1,6
C1m1,2,60,67,greedy,1,6
C1m1,2,60,67,sloppy,0,4
C1m1,2,60,68,greedy,0,3
C1m1,2,60,68,sloppy,0,3
C1m1,2,60,69,greedy,1,6
C1m1,2,60,69,sloppy,1,6
C1m1,2,60,70,greedy,0,4
C1m1,2,60,70,sloppy,0,4
C1m1,2,60,71,greedy,1,6
C1m1,2,60,71,sloppy,1,6
C1m1,2,60,72,greedy,0,4
C1m1,2,60,72,sloppy,0,2
C1m1,2,60,73,greedy,0,5
C1m1,2,60,73,sloppy,0,5
C1m1,2,60,74,greedy,0,2
C1m1,2,60,74,sloppy,0,2
C1m1,2,60,75,greedy,0,5
C1m1,2,60,75,sloppy,0,5
C1m1,2,60,76,greedy,0,2
C1m1,2,60,76,sloppy,1,6
C1m1,2,60,77,greedy,1,6
C1m1,2,60,77,sloppy,1,6
C1m1,2,60,78,greedy,1,6
C1m1,2,60,78,sloppy,0,5
C1m1,2,60,79,greedy,1,6
C1m1,2,60,79,sloppy,1,6
C1m1,2,80,80,greedy,1,6
C1m1,2,80,80,sloppy,0,5
C1m1,2,80,81,greedy,0,2
C1m1,2,80,81,sloppy,0,3
C1m1,2,80,82,greedy,0,2
C1m1,2,80,82,sloppy,0,4
C1m1,2,80,83,greedy,0,5
C1m1,2,80,83,sloppy,0,5
C1m1,2,80,84,greedy,1,6
C1m1,2,80,84,sloppy,0,5
C1m1,2,80,85,greedy,1,6
C1m1,2,80,85,sloppy,0,3
C1m1,2,80,86,greedy,0,5
C1m1,2,80,86,sloppy,0,5
C1m1,2,80,87,greedy,0,1
C1m1,2,80,87,sloppy,0,5
C1m1,2,80,88,greedy,0,2
C1m1,2,80,88,sloppy,0,2
C1m1,2,80,89,greedy,0,4
C1m1,2,80,89,sloppy,0,4
C1m1,2,80,90,greedy,0,4
C1m1,2,80,90,sloppy,1,6
C1m1,2,80,91,greedy,0,4
C1m1,2,80,91,sloppy,0,4
C1m1,2,80,92,greedy,0,4
C1m1,2,80,92,sloppy,0,2
C1m1,2,80,93,greedy,1,6
C1m1,2,80,93,sloppy,1,6
C1m1,2,80,94,greedy,1,6
C1m1,2,80,94,sloppy,0,4
C1m1,2,80,95,greedy,0,1
C1m1,2,80,95,sloppy,0,4
C1m1,2,80,96,greedy,0,3
C1m1,2,80,96,sloppy,0,4
C1m1,2,80,97,greedy,0,2
C1m1,2,80,97,sloppy,0,2
C1m1,2,80,98,greedy,0,5
C1m1,2,80,98,sloppy,1,6
C1m1,2,80,99,greedy,0,5
C1m1,2,80,99,sloppy,1,6
C1m1,3,0,0,greedy,1,6
C1m1,3,0,0,sloppy,1,6
C1m1,3,0,1,greedy,1,6
C1m1,3,0,1,sloppy,0,2
C1m1,3,0,2,greedy,0,2
C1m1,3,0,2,sloppy,0,5
C1m1,3,0,3,greedy,0,3
C1m1,3,0,3,sloppy,0,5
C1m1,3,0,4,greedy,0,2
C1m1,3,0,4,sloppy,0,2
C1m1,3,0,5,greedy,0,5
C1m1,3,0,5,sloppy,1,6
C1m1,3,0,6,greedy,1,6
C1m1,3,0,6,sloppy,1,6
C1m1,3,0,7,greedy,1,6
C1m1,3,0,7,sloppy,0,5
C1m1,3,0,8,greedy,0,2
C1m1,3,0,8,sloppy,0,2
C1m1,3,0,9,greedy,1,6
C1m1,3,0,9,sloppy,1,6
C1m1,3,0,10,greedy,0,1
C1m1,3,0,10,sloppy,1,6
C1m1,3,0,11,greedy,0,3
C1m1,3,0,11,sloppy,1,6
C1m1,3,0,12,greedy,1,6
C1m1,3,0,12,sloppy,0,0
C1m1,3,0,13,greedy,0,3
C1m1,3,0,13,sloppy,0,3
C1m1,3,0,14,greedy,0,2
C1m1,3,0,14,sloppy,0,0
C1m1,3,0,15,greedy,1,6
C1m1,3,0,15,sloppy,1,6
C1m1,3,0,16,greedy,0,1
C1m1,3,0,16,sloppy,0,3
C1m1,3,0,17,greedy,0,5
C1m1,3,0,17,sloppy,0,5
C1m1,3,0,18,greedy,0,5
C1m1,3,0,18,sloppy,0,2
C1m1,3,0,19,greedy,0,2
C1m1,3,0,19,sloppy,0,3
C1m1,3,100,100,greedy,0,4
C1m1,3,100,100,sloppy,0,5
C1m1,3,100,101,greedy,0,4
C1m1,3,100,101,sloppy,1,6
C1m1,3,100,102,greedy,0,4
C1m1,3,100,102,sloppy,0,4
C1m1,3,100,103,greedy,1,6
C1m1,3,100,103,sloppy,0,2
C1m1,3,100,104,greedy,0,3
C1m1,3,100,104,sloppy,0,3
C1m1,3,100,105,greedy,0,4
C1m1,3,100,105,sloppy,0,0
C1m1,3,100,106,greedy,1,6
C1m1,3,100,106,sloppy,1,6
C1m1,3,100,107,greedy,1,6
C1m1,3,100,107,sloppy,0,5
C1m1,3,100,108,greedy,0,2
C1m1,3,100,108,sloppy,0,2
C1m1,3,100,109,greedy,0,5
C1m1,3,100,109,sloppy,1,6
C1m1,3,100,110,greedy,0,0
C1m1,3,100,110,sloppy,0,3
C1m1,3,100,111,greedy,0,2
C1m1,3,100,111,sloppy,0,2
C1m1,3,100,112,greedy,0,0
C1m1,3,100,112,sloppy,0,0
C1m1,3,100,113,greedy,0,4
C1m1,3,100,113,sloppy,0,1
C1m1,3,100,114,greedy,0,4
C1m1,3,100,114,sloppy,1,6
C1m1,3,100,115,greedy,1,6
C1m1,3,100,115,sloppy,0,2
C1m1,3,100,116,greedy,0,1
C1m1,3,100,116,sloppy,0,1
C1m1,3,100,117,greedy,0,2
C1m1,3,100,117,sloppy,0,2
C1m1,3,100,118,greedy,0,2
C1m1,3,100,118,sloppy,0,5
C1m1,3,100,119,greedy,1,6
C1m1,3,100,119,sloppy,0,3
C1m1,3,120,120,greedy,1,6
C1m1,3,120,120,sloppy,1,6
C1m1,3,120,121,greedy,0,0
C1m1,3,120,121,sloppy,0,4
C1m1,3,120,122,greedy,1,6
C1m1,3,120,122,sloppy,1,6
C1m1,3,120,123,greedy,1,6
C1m1,3,120,123,sloppy,0,3
C1m1,3,120,124,greedy,0,4
C1m1,3,120,124,sloppy,0,2
C1m1,3,120,125,greedy,0,1
C1m1,3,120,125,sloppy,0,1
C1m1,3,120,126,greedy,0,4
C1m1,3,120,126,sloppy,0,2
C1m1,3,120,127,greedy,1,6
C1m1,3,120,127,sloppy,1,6
C1m1,3,120,128,greedy,0,3
C1m1,3,120,128,sloppy,0,2
C1m1,3,120,129,greedy,0,2
C1m1,3,120,129,sloppy,1,6
C1m1,3,120,130,greedy,0,2
C1m1,3,120,130,sloppy,0,2
C1m1,3,120,131,greedy,0,3
C1m1,3,120,131,sloppy,1,6
C1m1,3,120,132,greedy,0,1
C1m1,3,120,132,sloppy,0,5
C1m1,3,120,133,greedy,0,3
C1m1,3,120,133,sloppy,0,5
C1m1,3,120,134,greedy,1,6
C1m1,3,120,134,sloppy,1,6
C1m1,3,120,135,greedy,1,6
C1m1,3,120,135,sloppy,0,5
C1m1,3,120,136,greedy,0,1
C1m1,3,120,136,sloppy,0,5
C1m1,3,120,137,greedy,0,5
C1m1,3,120,137,sloppy,1,6
C1m1,3,120,138,greedy,0,4
C1m1,3,120,138,sloppy,0,4
C1m1,3,120,139,greedy,0,2
C1m1,3,120,139,sloppy,0,3
C1m1,3,140,140,greedy,0,5
C1m1,3,140,140,sloppy,0,5
C1m1,3,140,141,greedy,0,2
C1m1,3,140,141,sloppy,0,2
C1m1,3,140,142,greedy,0,3
C1m1,3,140,142,sloppy,0,3
C1m1,3,140,143,greedy,1,6
C1m1,3,140,143,sloppy,1,6
C1m1,3,140,144,greedy,0,5
C1m1,3,140,144,sloppy,1,6
C1m1,3,140,145,greedy,0,1
C1m1,3,140,145,sloppy,1,6
C1m1,3,140,146,greedy,0,4
C1m1,3,140,146,sloppy,0,1
C1m1,3,140,147,greedy,0,1
C1m1,3,140,147,sloppy,1,6
C1m1,3,140,148,greedy,1,6
C1m1,3,140,148,sloppy,0,5
C1m1,3,140,149,greedy,1,6
C1m1,3,140,149,sloppy,1,6
C1m1,3,140,150,greedy,1,6
C1m1,3,140,150,sloppy,0,1
C1m1,3,140,151,greedy,0,5
C1m1,3,140,151,sloppy,0,3
C1m1,3,140,152,greedy,0,2
C1m1,3,140,152,sloppy,1,6
C1m1,3,140,153,greedy,0,4
C1m1,3,140,153,sloppy,0,4
C1m1,3,140,154,greedy,1,6
C1m1,3,140,154,sloppy,0,1
C1m1,3,140,155,greedy,0,5
C1m1,3,140,155,sloppy,1,6
C1m1,3,140,156,greedy,1,6
C1m1,3,140,156,sloppy,0,0
C1m1,3,140,157,greedy,0,1
C1m1,3,140,157,sloppy,0,5
C1m1,3,140,158,greedy,0,2
C1m1,3,140,158,sloppy,0,2
C1m1,3,140,159,greedy,0,2
C1m1,3,140,159,sloppy,0,2
C1m1,3,20,20,greedy,0,2
C1m1,3,20,20,sloppy,0,2
C1m1,3,20,21,greedy,1,6
C1m1,3,20,21,sloppy,0,4
C1m1,3,20,22,greedy,1,6
C1m1,3,20,22,sloppy,0,3
C1m1,3,20,23,greedy,0,5
C1m1,3,20,23,sloppy,0,5
C1m1,3,20,24,greedy,0,3
C1m1,3,20,24,sloppy,0,0
C1m1,3,20,25,greedy,0,5
C1m1,3,20,25,sloppy,0,5
C1m1,3,20,26,greedy,0,2
C1m1,3,20,26,sloppy,0,2
C1m1,3,20,27,greedy,1,6
C1m1,3,20,27,sloppy,0,1
C1m1,3,20,28,greedy,0,4
C1m1,3,20,28,sloppy,0,4
C1m1,3,20,29,greedy,0,1
C1m1,3,20,29,sloppy,0,3
C1m1,3,20,30,greedy,1,6
C1m1,3,20,30,sloppy,1,6
C1m1,3,20,31,greedy,1,6
C1m1,3,20,31,sloppy,1,6
C1m1,3,20,32,greedy,1,6
C1m1,3,20,32,sloppy,1,6
C1m1,3,20,33,greedy,0,0
C1m1,3,20,33,sloppy,0,4
C1m1,3,20,34,greedy,0,4
C1m1,3,20,34,sloppy,0,2
C1m1,3,20,35,greedy,0,1
C1m1,3,20,35,sloppy,0,2
C1m1,3,20,36,greedy,0,2
C1m1,3,20,36,sloppy,0,2
C1m1,3,20,37,greedy,0,5
C1m1,3,20,37,sloppy,1,6
C1m1,3,20,38,greedy,1,6
C1m1,3,20,38,sloppy,0,3
C1m1,3,20,39,greedy,0,4
C1m1,3,20,39,sloppy,0,5
C1m1,3,40,40,greedy,0,2
C1m1,3,40,40,sloppy,1,6
C1m1,3,40,41,greedy,1,6
C1m1,3,40,41,sloppy,0,5
C1m1,3,40,42,greedy,1,6
C1m1,3,40,42,sloppy,0,0
C1m1,3,40,43,greedy,0,3
C1m1,3,40,43,sloppy,0,3
C1m1,3,40,44,greedy,0,3
C1m1,3,40,44,sloppy,0,3
C1m1,3,40,45,greedy,0,5
C1m1,3,40,45,sloppy,1,6
C1m1,3,40,46,greedy,0,0
C1m1,3,40,46,sloppy,0,0
C1m1,3,40,47,greedy,0,5
C1m1,3,40,47,sloppy,1,6
C1m1,3,40,48,greedy,0,2
C1m1,3,40,48,sloppy,0,2
C1m1,3,40,49,greedy,1,6
C1m1,3,40,49,sloppy,1,6
C1m1,3,40,50,greedy,1,6
C1m1,3,40,50,sloppy,0,4
C1m1,3,40,51,greedy,0,4
C1m1,3,40,51,sloppy,0,1
C1m1,3,40,52,greedy,0,1
C1m1,3,40,52,sloppy,0,1
C1m1,3,40,53,greedy,0,3
C1m1,3,40,53,sloppy,1,6
C1m1,3,40,54,greedy,1,6
C1m1,3,40,54,sloppy,0,5
C1m1,3,40,55,greedy,1,6
C1m1,3,40,55,sloppy,1,6
C1m1,3,40,56,greedy,1,6
C1m1,3,40,56,sloppy,0,5
C1m1,3,40,57,greedy,0,3
C1m1,3,40,57,sloppy,0,5
C1m1,3,40,58,greedy,0,2
C1m1,3,40,58,sloppy,0,3
C1m1,3,40,59,greedy,0,5
C1m1,3,40,59,sloppy,0,1
C1m1,3,60,60,greedy,1,6
C1m1,3,60,60,sloppy,0,5
C1m1,3,60,61,greedy,0,5
C1m1,3,60,61,sloppy,0,2
C1m1,3,60,62,greedy,0,1
C1m1,3,60,62,sloppy,0,1
C1m1,3,60,63,greedy,0,3
C1m1,3,60,63,sloppy,0,3
C1m1,3,60,64,greedy,0,1
C1m1,3,60,64,sloppy,0,3
C1m1,3,60,65,greedy,0,3
C1m1,3,60,65,sloppy,0,1
C1m1,3,60,66,greedy,0,3
C1m1,3,60,66,sloppy,1,6
C1m1,3,60,67,greedy,0,4
C1m1,3,60,67,sloppy,0,4
C1m1,3,60,68,greedy,0,3
C1m1,3,60,68,sloppy,0,5
C1m1,3,60,69,greedy,1,6
C1m1,3,60,69,sloppy,0,2
C1m1,3,60,70,greedy,0,5
C1m1,3,60,70,sloppy,0,4
C1m1,3,60,71,greedy,0,5
C1m1,3,60,71,sloppy,1,6
C1m1,3,60,72,greedy,0,2
C1m1,3,60,72,sloppy,0,2
C1m1,3,60,73,greedy,0,3
C1m1,3,60,73,sloppy,0,5
C1m1,3,60,74,greedy,0,2
C1m1,3,60,74,sloppy,0,2
C1m1,3,60,75,greedy,0,5
C1m1,3,60,75,sloppy,0,5
C1m1,3,60,76,greedy,1,6
C1m1,3,60,76,sloppy,0,2
C1m1,3,60,77,greedy,1,6
C1m1,3,60,77,sloppy,1,6
C1m1,3,60,78,greedy,0,5
C1m1,3,60,78,sloppy,0,5
C1m1,3,60,79,greedy,1,6
C1m1,3,60,79,sloppy,1,6
C1m1,3,80,80,greedy,1,6
C1m1,3,80,80,sloppy,0,5
C1m1,3,80,81,greedy,0,3
C1m1,3,80,81,sloppy,0,3
C1m1,3,80,82,greedy,0,2
C1m1,3,80,82,sloppy,0,3
C1m1,3,80,83,greedy,1,6
C1m1,3,80,83,sloppy,0,5
C1m1,3,80,84,greedy,1,6
C1m1,3,80,84,sloppy,0,5
C1m1,3,80,85,greedy,0,4
C1m1,3,80,85,sloppy,1,6
C1m1,3,80,86,greedy,0,5
C1m1,3,80,86,sloppy,0,5
C1m1,3,80,87,greedy,0,1
C1m1,3,80,87,sloppy,0,1
C1m1,3,80,88,greedy,0,2
C1m1,3,80,88,sloppy,0,2
C1m1,3,80,89,greedy,0,4
C1m1,3,80,89,sloppy,0,4
C1m1,3,80,90,greedy,0,4
C1m1,3,80,90,sloppy,0,5
C1m1,3,80,91,greedy,0,1
C1m1,3,80,91,sloppy,0,4
C1m1,3,80,92,greedy,0,5
C1m1,3,80,92,sloppy,1,6
C1m1,3,80,93,greedy,0,5
C1m1,3,80,93,sloppy,1,6
C1m1,3,80,94,greedy,0,4
C1m1,3,80,94,sloppy,0,2
C1m1,3,80,95,greedy,0,1
C1m1,3,80,95,sloppy,0,1
C1m1,3,80,96,greedy,0,4
C1m1,3,80,96,sloppy,0,3
C1m1,3,80,97,greedy,0,2
C1m1,3,80,97,sloppy,0,2
C1m1,3,80,98,greedy,0,2
C1m1,3,80,98,sloppy,0,5
C1m1,3,80,99,greedy,0,5
C1m1,3,80,99,sloppy,0,4
C1m1,4,0,0,greedy,0,4
C1m1,4,0,0,sloppy,0,2
C1m1,4,0,1,greedy,1,6
C1m1,4,0,1,sloppy,0,2
C1m1,4,0,2,greedy,0,3
C1m1,4,0,2,sloppy,0,2
C1m1,4,0,3,greedy,0,5
C1m1,4,0,3,sloppy,0,5
C1m1,4,0,4,greedy,0,2
C1m1,4,0,4,sloppy,0,2
C1m1,4,0,5,greedy,1,6
C1m1,4,0,5,sloppy,1,6
C1m1,4,0,6,greedy,0,5
C1m1,4,0,6,sloppy,0,2
C1m1,4,0,7,greedy,1,6
C1m1,4,0,7,sloppy,1,6
C1m1,4,0,8,greedy,0,3
C1m1,4,0,8,sloppy,0,3
C1m1,4,0,9,greedy,0,5
C1m1,4,0,9,sloppy,1,6
C1m1,4,0,10,greedy,0,5
C1m1,4,0,10,sloppy,0,1
C1m1,4,0,11,greedy,0,3
C1m1,4,0,11,sloppy,0,5
C1m1,4,0,12,greedy,1,6
C1m1,4,0,12,sloppy,1,6
C1m1,4,0,13,greedy,0,5
C1m1,4,0,13,sloppy,0,5
C1m1,4,0,14,greedy,0,2
C1m1,4,0,14,sloppy,0,3
C1m1,4,0,15,greedy,1,6
C1m1,4,0,15,sloppy,1,6
C1m1,4,0,16,greedy,0,5
C1m1,4,0,16,sloppy,0,1
C1m1,4,0,17,greedy,0,5
C1m1,4,0,17,sloppy,1,6
C1m1,4,0,18,greedy,0,2
C1m1,4,0,18,sloppy,0,2
C1m1,4,0,19,greedy,0,5
C1m1,4,0,19,sloppy,0,3
C1m1,4,100,100,greedy,0,1
C1m1,4,100,100,sloppy,0,5
C1m1,4,100,101,greedy,1,6
C1m1,4,100,101,sloppy,1,6
C1m1,4,100,102,greedy,0,1
C1m1,4,100,102,sloppy,0,4
C1m1,4,100,103,greedy,0,2
C1m1,4,100,103,sloppy,0,2
C1m1,4,100,104,greedy,0,3
C1m1,4,100,104,sloppy,0,3
C1m1,4,100,105,greedy,0,5
C1m1,4,100,105,sloppy,1,6
C1m1,4,100,106,greedy,0,5
C1m1,4,100,106,sloppy,1,6
C1m1,4,100,107,greedy,0,5
C1m1,4,100,107,sloppy,0,5
C1m1,4,100,108,greedy,0,2
C1m1,4,100,108,sloppy,0,2
C1m1,4,100,109,greedy,1,6
C1m1,4,100,109,sloppy,0,4
C1m1,4,100,110,greedy,0,0
C1m1,4,100,110,sloppy,0,3
C1m1,4,100,111,greedy,0,2
C1m1,4,100,111,sloppy,0,2
C1m1,4,100,112,greedy,0,0
C1m1,4,100,112,sloppy,0,0
C1m1,4,100,113,greedy,0,1
C1m1,4,100,113,sloppy,0,1
C1m1,4,100,114,greedy,1,6
C1m1,4,100,114,sloppy,1,6
C1m1,4,100,115,greedy,0,5
C1m1,4,100,115,sloppy,0,2
C1m1,4,100,116,greedy,0,1
C1m1,4,100,116,sloppy,0,1
C1m1,4,100,117,greedy,0,2
C1m1,4,100,117,sloppy,0,2
C1m1,4,100,118,greedy,1,6
C1m1,4,100,118,sloppy,0,5
C1m1,4,100,119,greedy,0,3
C1m1,4,100,119,sloppy,0,2
C1m1,4,120,120,greedy,1,6
C1m1,4,120,120,sloppy,0,5
C1m1,4,120,121,greedy,0,0
C1m1,4,120,121,sloppy,0,4
C1m1,4,120,122,greedy,1,6
C1m1,4,120,122,sloppy,1,6
C1m1,4,120,123,greedy,0,3
C1m1,4,120,123,sloppy,0,5
C1m1,4,120,124,greedy,0,5
C1m1,4,120,124,sloppy,0,2
C1m1,4,120,125,greedy,0,1
C1m1,4,120,125,sloppy,0,5
C1m1,4,120,126,greedy,0,1
C1m1,4,120,126,sloppy,0,4
C1m1,4,120,127,greedy,0,4
C1m1,4,120,127,sloppy,0,4
C1m1,4,120,128,greedy,0,3
C1m1,4,120,128,sloppy,0,3
C1m1,4,120,129,greedy,0,2
C1m1,4,120,129,sloppy,1,6
C1m1,4,120,130,greedy,0,2
C1m1,4,120,130,sloppy,0,2
C1m1,4,120,131,greedy,0,1
C1m1,4,120,131,sloppy,0,3
C1m1,4,120,132,greedy,0,3
C1m1,4,120,132,sloppy,0,1
C1m1,4,120,133,greedy,1,6
C1m1,4,120,133,sloppy,0,3
C1m1,4,120,134,greedy,1,6
C1m1,4,120,134,sloppy,0,2
C1m1,4,120,135,greedy,0,5
C1m1,4,120,135,sloppy,1,6
C1m1,4,120,136,greedy,0,5
C1m1,4,120,136,sloppy,0,4
C1m1,4,120,137,greedy,1,6
C1m1,4,120,137,sloppy,0,5
C1m1,4,120,138,greedy,0,4
C1m1,4,120,138,sloppy,0,3
C1m1,4,120,139,greedy,0,2
C1m1,4,120,139,sloppy,0,3
C1m1,4,140,140,greedy,0,1
C1m1,4,140,140,sloppy,0,2
C1m1,4,140,141,greedy,0,2
C1m1,4,140,141,sloppy,0,2
C1m1,4,140,142,greedy,0,3
C1m1,4,140,142,sloppy,0,4
C1m1,4,140,143,greedy,1,6
C1m1,4,140,143,sloppy,1,6
C1m1,4,140,144,greedy,0,5
C1m1,4,140,144,sloppy,0,4
C1m1,4,140,145,greedy,0,3
C1m1,4,140,145,sloppy,1,6
C1m1,4,140,146,greedy,0,4
C1m1,4,140,146,sloppy,0,1
C1m1,4,140,147,greedy,0,1
C1m1,4,140,147,sloppy,0,5
C1m1,4,140,148,greedy,0,2
C1m1,4,140,148,sloppy,0,2
C1m1,4,140,149,greedy,0,5
C1m1,4,140,149,sloppy,1,6
C1m1,4,140,150,greedy,1,6
C1m1,4,140,150,sloppy,0,1
C1m1,4,140,151,greedy,0,5
C1m1,4,140,151,sloppy,0,3
C1m1,4,140,152,greedy,1,6
C1m1,4,140,152,sloppy,1,6
C1m1,4,140,153,greedy,0,5
C1m1,4,140,153,sloppy,0,5
C1m1,4,140,154,greedy,0,3
C1m1,4,140,154,sloppy,1,6
C1m1,4,140,155,greedy,0,5
C1m1,4,140,155,sloppy,0,5
C1m1,4,140,156,greedy,1,6
C1m1,4,140,156,sloppy,0,0
C1m1,4,140,157,greedy,0,1
C1m1,4,140,157,sloppy,0,5
C1m1,4,140,158,greedy,0,2
C1m1,4,140,158,sloppy,0,2
C1m1,4,140,159,greedy,0,2
C1m1,4,140,159,sloppy,0,5
C1m1,4,20,20,greedy,0,2
C1m1,4,20,20,sloppy,0,2
C1m1,4,20,21,greedy,1,6
C1m1,4,20,21,sloppy,0,1
C1m1,4,20,22,greedy,0,3
C1m1,4,20,22,sloppy,0,5
C1m1,4,20,23,greedy,1,6
C1m1,4,20,23,sloppy,0,5
C1m1,4,20,24,greedy,0,5
C1m1,4,20,24,sloppy,0,0
C1m1,4,20,25,greedy,0,5
C1m1,4,20,25,sloppy,0,5
C1m1,4,20,26,greedy,0,2
C1m1,4,20,26,sloppy,0,2
C1m1,4,20,27,greedy,0,5
C1m1,4,20,27,sloppy,1,6
C1m1,4,20,28,greedy,0,4
C1m1,4,20,28,sloppy,0,4
C1m1,4,20,29,greedy,0,3
C1m1,4,20,29,sloppy,0,3
C1m1,4,20,30,greedy,1,6
C1m1,4,20,30,sloppy,0,5
C1m1,4,20,31,greedy,1,6
C1m1,4,20,31,sloppy,1,6
C1m1,4,20,32,greedy,0,5
C1m1,4,20,32,sloppy,1,6
C1m1,4,20,33,greedy,0,0
C1m1,4,20,33,sloppy,0,4
C1m1,4,20,34,greedy,0,2
C1m1,4,20,34,sloppy,0,4
C1m1,4,20,35,greedy,0,4
C1m1,4,20,35,sloppy,0,2
C1m1,4,20,36,greedy,0,2
C1m1,4,20,36,sloppy,0,2
C1m1,4,20,37,greedy,1,6
C1m1,4,20,37,sloppy,0,5
C1m1,4,20,38,greedy,0,3
C1m1,4,20,38,sloppy,0,3
C1m1,4,20,39,greedy,1,6
C1m1,4,20,39,sloppy,0,5
C1m1,4,40,40,greedy,0,2
C1m1,4,40,40,sloppy,0,2
C1m1,4,40,41,greedy,0,5
C1m1,4,40,41,sloppy,0,5
C1m1,4,40,42,greedy,0,5
C1m1,4,40,42,sloppy,0,0
C1m1,4,40,43,greedy,0,4
C1m1,4,40,43,sloppy,0,2
C1m1,4,40,44,greedy,0,5
C1m1,4,40,44,sloppy,0,3
C1m1,4,40,45,greedy,0,4
C1m1,4,40,45,sloppy,0,4
C1m1,4,40,46,greedy,0,0
C1m1,4,40,46,sloppy,0,0
C1m1,4,40,47,greedy,1,6
C1m1,4,40,47,sloppy,1,6
C1m1,4,40,48,greedy,0,2
C1m1,4,40,48,sloppy,0,2
C1m1,4,40,49,greedy,0,5
C1m1,4,40,49,sloppy,0,5
C1m1,4,40,50,greedy,1,6
C1m1,4,40,50,sloppy,0,4
C1m1,4,40,51,greedy,0,1
C1m1,4,40,51,sloppy,0,1
C1m1,4,40,52,greedy,0,1
C1m1,4,40,52,sloppy,0,1
C1m1,4,40,53,greedy,0,3
C1m1,4,40,53,sloppy,0,3
C1m1,4,40,54,greedy,0,5
C1m1,4,40,54,sloppy,0,5
C1m1,4,40,55,greedy,1,6
C1m1,4,40,55,sloppy,1,6
C1m1,4,40,56,greedy,1,6
C1m1,4,40,56,sloppy,1,6
C1m1,4,40,57,greedy,0,5
C1m1,4,40,57,sloppy,0,3
C1m1,4,40,58,greedy,0,2
C1m1,4,40,58,sloppy,0,3
C1m1,4,40,59,greedy,0,5
C1m1,4,40,59,sloppy,0,5
C1m1,4,60,60,greedy,0,5
C1m1,4,60,60,sloppy,1,6
C1m1,4,60,61,greedy,0,5
C1m1,4,60,61,sloppy,0,2
C1m1,4,60,62,greedy,0,4
C1m1,4,60,62,sloppy,0,3
C1m1,4,60,63,greedy,0,3
C1m1,4,60,63,sloppy,0,3
C1m1,4,60,64,greedy,0,1
C1m1,4,60,64,sloppy,0,3
C1m1,4,60,65,greedy,1,6
C1m1,4,60,65,sloppy,0,5
C1m1,4,60,66,greedy,1,6
C1m1,4,60,66,sloppy,0,5
C1m1,4,60,67,greedy,0,4
C1m1,4,60,67,sloppy,0,4
C1m1,4,60,68,greedy,0,3
C1m1,4,60,68,sloppy,0,5
C1m1,4,60,69,greedy,1,6
C1m1,4,60,69,sloppy,0,2
C1m1,4,60,70,greedy,1,6
C1m1,4,60,70,sloppy,0,4
C1m1,4,60,71,greedy,1,6
C1m1,4,60,71,sloppy,0,5
C1m1,4,60,72,greedy,0,4
C1m1,4,60,72,sloppy,0,4
C1m1,4,60,73,greedy,0,5
C1m1,4,60,73,sloppy,0,3
C1m1,4,60,74,greedy,0,4
C1m1,4,60,74,sloppy,0,5
C1m1,4,60,75,greedy,0,5
C1m1,4,60,75,sloppy,0,5
C1m1,4,60,76,greedy,0,2
C1m1,4,60,76,sloppy,0,1
C1m1,4,60,77,greedy,1,6
C1m1,4,60,77,sloppy,1,6
C1m1,4,60,78,greedy,1,6
C1m1,4,60,78,sloppy,0,3
C1m1,4,60,79,greedy,1,6
C1m1,4,60,79,sloppy,1,6
C1m1,4,80,80,greedy,1,6
C1m1,4,80,80,sloppy,0,5
C1m1,4,80,81,greedy,0,2
C1m1,4,80,81,sloppy,0,3
C1m1,4,80,82,greedy,0,2
C1m1,4,80,82,sloppy,0,2
C1m1,4,80,83,greedy,0,5
C1m1,4,80,83,sloppy,0,5
C1m1,4,80,84,greedy,1,6
C1m1,4,80,84,sloppy,0,5
C1m1,4,80,85,greedy,0,3
C1m1,4,80,85,sloppy,0,5
C1m1,4,80,86,greedy,0,5
C1m1,4,80,86,sloppy,0,5
C1m1,4,80,87,greedy,0,1
C1m1,4,80,87,sloppy,0,1
C1m1,4,80,88,greedy,0,2
C1m1,4,80,88,sloppy,0,2
C1m1,4,80,89,greedy,0,2
C1m1,4,80,89,sloppy,0,4
C1m1,4,80,90,greedy,0,4
C1m1,4,80,90,sloppy,0,5
C1m1,4,80,91,greedy,0,1
C1m1,4,80,91,sloppy,0,4
C1m1,4,80,92,greedy,0,4
C1m1,4,80,92,sloppy,0,5
C1m1,4,80,93,greedy,1,6
C1m1,4,80,93,sloppy,0,5
C1m1,4,80,94,greedy,0,3
C1m1,4,80,94,sloppy,0,2
C1m1,4,80,95,greedy,0,5
C1m1,4,80,95,sloppy,1,6
C1m1,4,80,96,greedy,0,4
C1m1,4,80,96,sloppy,0,4
C1m1,4,80,97,greedy,0,2
C1m1,4,80,97,sloppy,0,2
C1m1,4,80,98,greedy,0,2
C1m1,4,80,98,sloppy,0,3
C1m1,4,80,99,greedy,0,3
C1m1,4,80,99,sloppy,0,5
C1m1,5,0,0,greedy,1,6
C1m1,5,0,0,sloppy,0,2
C1m1,5,0,1,greedy,0,3
C1m1,5,0,1,sloppy,0,5
C1m1,5,0,2,greedy,1,6
C1m1,5,0,2,sloppy,0,2
C1m1,5,0,3,greedy,0,3
C1m1,5,0,3,sloppy,0,3
C1m1,5,0,4,greedy,0,2
C1m1,5,0,4,sloppy,0,3
C1m1,5,0,5,greedy,1,6
C1m1,5,0,5,sloppy,1,6
C1m1,5,0,6,greedy,0,2
C1m1,5,0,6,sloppy,0,3
C1m1,5,0,7,greedy,0,5
C1m1,5,0,7,sloppy,0,2
C1m1,5,0,8,greedy,0,2
C1m1,5,0,8,sloppy,0,3
C1m1,5,0,9,greedy,1,6
C1m1,5,0,9,sloppy,0,5
C1m1,5,0,10,greedy,0,1
C1m1,5,0,10,sloppy,0,1
C1m1,5,0,11,greedy,0,5
C1m1,5,0,11,sloppy,0,3
C1m1,5,0,12,greedy,0,3
C1m1,5,0,12,sloppy,1,6
C1m1,5,0,13,greedy,0,2
C1m1,5,0,13,sloppy,0,5
C1m1,5,0,14,greedy,0,3
C1m1,5,0,14,sloppy,0,3
C1m1,5,0,15,greedy,0,5
C1m1,5,0,15,sloppy,0,5
C1m1,5,0,16,greedy,0,5
C1m1,5,0,16,sloppy,0,1
C1m1,5,0,17,greedy,0,2
C1m1,5,0,17,sloppy,0,5
C1m1,5,0,18,greedy,0,2
C1m1,5,0,18,sloppy,0,2
C1m1,5,0,19,greedy,0,3
C1m1,5,0,19,sloppy,1,6
C1m1,5,100,100,greedy,0,4
C1m1,5,100,100,sloppy,0,5
C1m1,5,100,101,greedy,0,5
C1m1,5,100,101,sloppy,1,6
C1m1,5,100,102,greedy,0,1
C1m1,5,100,102,sloppy,0,4
C1m1,5,100,103,greedy,0,2
C1m1,5,100,103,sloppy,1,6
C1m1,5,100,104,greedy,0,3
C1m1,5,100,104,sloppy,0,3
C1m1,5,100,105,greedy,0,5
C1m1,5,100,105,sloppy,0,3
C1m1,5,100,106,greedy,0,5
C1m1,5,100,106,sloppy,0,5
C1m1,5,100,107,greedy,0,5
C1m1,5,100,107,sloppy,0,5
C1m1,5,100,108,greedy,0,2
C1m1,5,100,108,sloppy,0,2
C1m1,5,100,109,greedy,1,6
C1m1,5,100,109,sloppy,1,6
C1m1,5,100,110,greedy,0,0
C1m1,5,100,110,sloppy,0,1
C1m1,5,100,111,greedy,0,2
C1m1,5,100,111,sloppy,0,4
C1m1,5,100,112,greedy,0,0
C1m1,5,100,112,sloppy,0,0
C1m1,5,100,113,greedy,0,1
C1m1,5,100,113,sloppy,0,4
C1m1,5,100,114,greedy,0,5
C1m1,5,100,114,sloppy,1,6
C1m1,5,100,115,greedy,0,2
C1m1,5,100,115,sloppy,0,2
C1m1,5,100,116,greedy,0,1
C1m1,5,100,116,sloppy,0,1
C1m1,5,100,117,greedy,0,2
C1m1,5,100,117,sloppy,0,2
C1m1,5,100,118,greedy,1,6
C1m1,5,100,118,sloppy,0,5
C1m1,5,100,119,greedy,0,2
C1m1,5,100,119,sloppy,0,3
C1m1,5,120,120,greedy,1,6
C1m1,5,120,120,sloppy,1,6
C1m1,5,120,121,greedy,0,0
C1m1,5,120,121,sloppy,0,4
C1m1,5,120,122,greedy,1,6
C1m1,5,120,122,sloppy,0,3
C1m1,5,120,123,greedy,0,3
C1m1,5,120,123,sloppy,1,6
C1m1,5,120,124,greedy,0,2
C1m1,5,120,124,sloppy,0,5
C1m1,5,120,125,greedy,0,1
C1m1,5,120,125,sloppy,1,6
C1m1,5,120,126,greedy,0,1
C1m1,5,120,126,sloppy,0,4
C1m1,5,120,127,greedy,1,6
C1m1,5,120,127,sloppy,1,6
C1m1,5,120,128,greedy,0,2
C1m1,5,120,128,sloppy,0,2
C1m1,5,120,129,greedy,0,5
C1m1,5,120,129,sloppy,1,6
C1m1,5,120,130,greedy,0,2
C1m1,5,120,130,sloppy,0,2
C1m1,5,120,131,greedy,0,1
C1m1,5,120,131,sloppy,0,4
C1m1,5,120,132,greedy,0,5
C1m1,5,120,132,sloppy,0,1
C1m1,5,120,133,greedy,0,3
C1m1,5,120,133,sloppy,0,3
C1m1,5,120,134,greedy,0,4
C1m1,5,120,134,sloppy,1,6
C1m1,5,120,135,greedy,0,5
C1m1,5,120,135,sloppy,1,6
C1m1,5,120,136,greedy,0,4
C1m1,5,120,136,sloppy,0,5
C1m1,5,120,137,greedy,1,6
C1m1,5,120,137,sloppy,0,5
C1m1,5,120,138,greedy,0,4
C1m1,5,120,138,sloppy,0,3
C1m1,5,120,139,greedy,0,2
C1m1,5,120,139,sloppy,0,2
C1m1,5,140,140,greedy,0,1
C1m1,5,140,140,sloppy,0,2
C1m1,5,140,141,greedy,0,2
C1m1,5,140,141,sloppy,0,2
C1m1,5,140,142,greedy,0,4
C1m1,5,140,142,sloppy,0,3
C1m1,5,140,143,greedy,0,1
C1m1,5,140,143,sloppy,0,1
C1m1,5,140,144,greedy,1,6
C1m1,5,140,144,sloppy,0,3
C1m1,5,140,145,greedy,1,6
C1m1,5,140,145,sloppy,0,3
C1m1,5,140,146,greedy,0,1
C1m1,5,140,146,sloppy,0,1
C1m1,5,140,147,greedy,0,1
C1m1,5,140,147,sloppy,1,6
C1m1,5,140,148,greedy,0,4
C1m1,5,140,148,sloppy,1,6
C1m1,5,140,149,greedy,1,6
C1m1,5,140,149,sloppy,1,6
C1m1,5,140,150,greedy,0,1
C1m1,5,140,150,sloppy,1,6
C1m1,5,140,151,greedy,0,3
C1m1,5,140,151,sloppy,0,3
C1m1,5,140,152,greedy,0,2
C1m1,5,140,152,sloppy,0,2
C1m1,5,140,153,greedy,0,4
C1m1,5,140,153,sloppy,0,4
C1m1,5,140,154,greedy,0,1
C1m1,5,140,154,sloppy,0,4
C1m1,5,140,155,greedy,1,6
C1m1,5,140,155,sloppy,0,5
C1m1,5,140,156,greedy,1,6
C1m1,5,140,156,sloppy,0,0
C1m1,5,140,157,greedy,0,1
C1m1,5,140,157,sloppy,0,1
C1m1,5,140,158,greedy,0,5
C1m1,5,140,158,sloppy,0,2
C1m1,5,140,159,greedy,0,5
C1m1,5,140,159,sloppy,0,2
C1m1,5,20,20,greedy,0,2
C1m1,5,20,20,sloppy,0,4
C1m1,5,20,21,greedy,0,4
C1m1,5,20,21,sloppy,0,1
C1m1,5,20,22,greedy,0,3
C1m1,5,20,22,sloppy,0,2
C1m1,5,20,23,greedy,0,5
C1m1,5,20,23,sloppy,1,6
C1m1,5,20,24,greedy,0,5
C1m1,5,20,24,sloppy,0,0
C1m1,5,20,25,greedy,0,5
C1m1,5,20,25,sloppy,0,5
C1m1,5,20,26,greedy,0,4
C1m1,5,20,26,sloppy,0,2
C1m1,5,20,27,greedy,1,6
C1m1,5,20,27,sloppy,0,5
C1m1,5,20,28,greedy,0,4
C1m1,5,20,28,sloppy,0,4
C1m1,5,20,29,greedy,0,3
C1m1,5,20,29,sloppy,0,3
C1m1,5,20,30,greedy,0,5
C1m1,5,20,30,sloppy,0,4
C1m1,5,20,31,greedy,0,3
C1m1,5,20,31,sloppy,0,5
C1m1,5,20,32,greedy,0,5
C1m1,5,20,32,sloppy,0,5
C1m1,5,20,33,greedy,0,0
C1m1,5,20,33,sloppy,0,2
C1m1,5,20,34,greedy,0,4
C1m1,5,20,34,sloppy,1,6
C1m1,5,20,35,greedy,0,2
C1m1,5,20,35,sloppy,0,2
C1m1,5,20,36,greedy,0,3
C1m1,5,20,36,sloppy,0,2
C1m1,5,20,37,greedy,0,5
C1m1,5,20,37,sloppy,1,6
C1m1,5,20,38,greedy,0,3
C1m1,5,20,38,sloppy,1,6
C1m1,5,20,39,greedy,0,4
C1m1,5,20,39,sloppy,0,4
C1m1,5,40,40,greedy,0,2
C1m1,5,40,40,sloppy,0,2
C1m1,5,40,41,greedy,0,5
C1m1,5,40,41,sloppy,0,5
C1m1,5,40,42,greedy,1,6
C1m1,5,40,42,sloppy,0,0
C1m1,5,40,43,greedy,0,3
C1m1,5,40,43,sloppy,0,2
C1m1,5,40,44,greedy,0,3
C1m1,5,40,44,sloppy,0,3
C1m1,5,40,45,greedy,0,4
C1m1,5,40,45,sloppy,0,4
C1m1,5,40,46,greedy,0,0
C1m1,5,40,46,sloppy,0,0
C1m1,5,40,47,greedy,0,5
C1m1,5,40,47,sloppy,1,6
C1m1,5,40,48,greedy,0,2
C1m1,5,40,48,sloppy,0,2
C1m1,5,40,49,greedy,0,5
C1m1,5,40,49,sloppy,0,5
C1m1,5,40,50,greedy,0,4
C1m1,5,40,50,sloppy,0,4
C1m1,5,40,51,greedy,0,5
C1m1,5,40,51,sloppy,1,6
C1m1,5,40,52,greedy,0,1
C1m1,5,40,52,sloppy,0,1
C1m1,5,40,53,greedy,1,6
C1m1,5,40,53,sloppy,0,5
C1m1,5,40,54,greedy,1,6
C1m1,5,40,54,sloppy,0,5
C1m1,5,40,55,greedy,0,5
C1m1,5,40,55,sloppy,1,6
C1m1,5,40,56,greedy,0,5
C1m1,5,40,56,sloppy,0,5
C1m1,5,40,57,greedy,0,2
C1m1,5,40,57,sloppy,0,5
C1m1,5,40,58,greedy,0,2
C1m1,5,40,58,sloppy,0,2
C1m1,5,40,59,greedy,0,4
C1m1,5,40,59,sloppy,0,5
C1m1,5,60,60,greedy,0,1
C1m1,5,60,60,sloppy,0,5
C1m1,5,60,61,greedy,0,2
C1m1,5,60,61,sloppy,0,2
C1m1,5,60,62,greedy,0,5
C1m1,5,60,62,sloppy,1,6
C1m1,5,60,63,greedy,0,3
C1m1,5,60,63,sloppy,1,6
C1m1,5,60,64,greedy,0,1
C1m1,5,60,64,sloppy,0,3
C1m1,5,60,65,greedy,1,6
C1m1,5,60,65,sloppy,0,2
C1m1,5,60,66,greedy,0,5
C1m1,5,60,66,sloppy,0,2
C1m1,5,60,67,greedy,0,4
C1m1,5,60,67,sloppy,0,4
C1m1,5,60,68,greedy,0,5
C1m1,5,60,68,sloppy,0,3
C1m1,5,60,69,greedy,1,6
C1m1,5,60,69,sloppy,1,6
C1m1,5,60,70,greedy,1,6
C1m1,5,60,70,sloppy,0,4
C1m1,5,60,71,greedy,1,6
C1m1,5,60,71,sloppy,1,6
C1m1,5,60,72,greedy,0,2
C1m1,5,60,72,sloppy,0,2
C1m1,5,60,73,greedy,0,3
C1m1,5,60,73,sloppy,0,5
C1m1,5,60,74,greedy,0,2
C1m1,5,60,74,sloppy,1,6
C1m1,5,60,75,greedy,0,5
C1m1,5,60,75,sloppy,0,5
C1m1,5,60,76,greedy,0,2
C1m1,5,60,76,sloppy,0,1
C1m1,5,60,77,greedy,0,2
C1m1,5,60,77,sloppy,1,6
C1m1,5,60,78,greedy,1,6
C1m1,5,60,78,sloppy,0,5
C1m1,5,60,79,greedy,0,5
C1m1,5,60,79,sloppy,0,2
C1m1,5,80,80,greedy,0,3
C1m1,5,80,80,sloppy,1,6
C1m1,5,80,81,greedy,0,5
C1m1,5,80,81,sloppy,0,2
C1m1,5,80,82,greedy,0,2
C1m1,5,80,82,sloppy,0,2
C1m1,5,80,83,greedy,1,6
C1m1,5,80,83,sloppy,0,5
C1m1,5,80,84,greedy,1,6
C1m1,5,80,84,sloppy,0,5
C1m1,5,80,85,greedy,0,4
C1m1,5,80,85,sloppy,1,6
C1m1,5,80,86,greedy,0,5
C1m1,5,80,86,sloppy,0,5
C1m1,5,80,87,greedy,0,1
C1m1,5,80,87,sloppy,0,1
C1m1,5,80,88,greedy,0,2
C1m1,5,80,88,sloppy,0,2
C1m1,5,80,89,greedy,0,4
C1m1,5,80,89,sloppy,0,4
C1m1,5,80,90,greedy,0,4
C1m1,5,80,90,sloppy,1,6
C1m1,5,80,91,greedy,1,6
C1m1,5,80,91,sloppy,0,4
C1m1,5,80,92,greedy,0,5
C1m1,5,80,92,sloppy,1,6
C1m1,5,80,93,greedy,1,6
C1m1,5,80,93,sloppy,1,6
C1m1,5,80,94,greedy,0,2
C1m1,5,80,94,sloppy,0,2
C1m1,5,80,95,greedy,0,5
C1m1,5,80,95,sloppy,1,6
C1m1,5,80,96,greedy,0,4
C1m1,5,80,96,sloppy,0,4
C1m1,5,80,97,greedy,0,2
C1m1,5,80,97,sloppy,0,2
C1m1,5,80,98,greedy,0,3
C1m1,5,80,98,sloppy,0,3
C1m1,5,80,99,greedy,1,6
C1m1,5,80,99,sloppy,0,4
C1m1,6,0,0,greedy,1,6
C1m1,6,0,0,sloppy,0,2
C1m1,6,0,1,greedy,0,4
C1m1,6,0,1,sloppy,0,4
C1m1,6,0,2,greedy,0,2
C1m1,6,0,2,sloppy,0,5
C1m1,6,0,3,greedy,0,4
C1m1,6,0,3,sloppy,0,4
C1m1,6,0,4,greedy,0,3
C1m1,6,0,4,sloppy,0,3
C1m1,6,0,5,greedy,0,5
C1m1,6,0,5,sloppy,0,5
C1m1,6,0,6,greedy,0,3
C1m1,6,0,6,sloppy,1,6
C1m1,6,0,7,greedy,0,4
C1m1,6,0,7,sloppy,0,3
C1m1,6,0,8,greedy,0,3
C1m1,6,0,8,sloppy,0,3
C1m1,6,0,9,greedy,0,2
C1m1,6,0,9,sloppy,0,3
C1m1,6,0,10,greedy,1,6
C1m1,6,0,10,sloppy,0,1
C1m1,6,0,11,greedy,0,2
C1m1,6,0,11,sloppy,0,2
C1m1,6,0,12,greedy,0,2
C1m1,6,0,12,sloppy,0,3
C1m1,6,0,13,greedy,0,2
C1m1,6,0,13,sloppy,0,2
C1m1,6,0,14,greedy,0,3
C1m1,6,0,14,sloppy,0,3
C1m1,6,0,15,greedy,0,5
C1m1,6,0,15,sloppy,0,5
C1m1,6,0,16,greedy,0,1
C1m1,6,0,16,sloppy,0,1
C1m1,6,0,17,greedy,1,6
C1m1,6,0,17,sloppy,0,5
C1m1,6,0,18,greedy,0,5
C1m1,6,0,18,sloppy,1,6
C1m1,6,0,19,greedy,0,3
C1m1,6,0,19,sloppy,0,3
C1m1,6,100,100,greedy,0,5
C1m1,6,100,100,sloppy,1,6
C1m1,6,100,101,greedy,0,3
C1m1,6,100,101,sloppy,0,4
C1m1,6,100,102,greedy,0,3
C1m1,6,100,102,sloppy,0,4
C1m1,6,100,103,greedy,0,5
C1m1,6,100,103,sloppy,1,6
C1m1,6,100,104,greedy,0,2
C1m1,6,100,104,sloppy,0,2
C1m1,6,100,105,greedy,0,3
C1m1,6,100,105,sloppy,0,1
C1m1,6,100,106,greedy,0,3
C1m1,6,100,106,sloppy,0,5
C1m1,6,100,107,greedy,0,3
C1m1,6,100,107,sloppy,0,3
C1m1,6,100,108,greedy,0,2
C1m1,6,100,108,sloppy,0,2
C1m1,6,100,109,greedy,0,2
C1m1,6,100,109,sloppy,0,4
C1m1,6,100,110,greedy,0,3
C1m1,6,100,110,sloppy,0,1
C1m1,6,100,111,greedy,0,2
C1m1,6,100,111,sloppy,0,2
C1m1,6,100,112,greedy,0,4
C1m1,6,100,112,sloppy,0,4
C1m1,6,100,113,greedy,0,5
C1m1,6,100,113,sloppy,0,4
C1m1,6,100,114,greedy,1,6
C1m1,6,100,114,sloppy,0,2
C1m1,6,100,115,greedy,0,2
C1m1,6,100,115,sloppy,0,2
C1m1,6,100,116,greedy,0,1
C1m1,6,100,116,sloppy,0,1
C1m1,6,100,117,greedy,0,2
C1m1,6,100,117,sloppy,0,2
C1m1,6,100,118,greedy,0,5
C1m1,6,100,118,sloppy,0,5
C1m1,6,100,119,greedy,0,2
C1m1,6,100,119,sloppy,0,4
C1m1,6,120,120,greedy,0,3
C1m1,6,120,120,sloppy,0,3
C1m1,6,120,121,greedy,0,2
C1m1,6,120,121,sloppy,0,2
C1m1,6,120,122,greedy,0,5
C1m1,6,120,122,sloppy,0,3
C1m1,6,120,123,greedy,1,6
C1m1,6,120,123,sloppy,1,6
C1m1,6,120,124,greedy,0,2
C1m1,6,120,124,sloppy,0,2
C1m1,6,120,125,greedy,0,1
C1m1,6,120,125,sloppy,0,1
C1m1,6,120,126,greedy,0,1
C1m1,6,120,126,sloppy,0,4
C1m1,6,120,127,greedy,1,6
C1m1,6,120,127,sloppy,0,3
C1m1,6,120,128,greedy,0,3
C1m1,6,120,128,sloppy,1,6
C1m1,6,120,129,greedy,0,5
C1m1,6,120,129,sloppy,0,5
C1m1,6,120,130,greedy,0,0
C1m1,6,120,130,sloppy,0,2
C1m1,6,120,131,greedy,1,6
C1m1,6,120,131,sloppy,1,6
C1m1,6,120,132,greedy,0,5
C1m1,6,120,132,sloppy,0,3
C1m1,6,120,133,greedy,0,5
C1m1,6,120,133,sloppy,0,3
C1m1,6,120,134,greedy,0,5
C1m1,6,120,134,sloppy,0,3
C1m1,6,120,135,greedy,0,5
C1m1,6,120,135,sloppy,1,6
C1m1,6,120,136,greedy,0,4
C1m1,6,120,136,sloppy,0,1
C1m1,6,120,137,greedy,0,5
C1m1,6,120,137,sloppy,0,5
C1m1,6,120,138,greedy,0,4
C1m1,6,120,138,sloppy,0,4
C1m1,6,120,139,greedy,0,2
C1m1,6,120,139,sloppy,0,2
C1m1,6,140,140,greedy,0,2
C1m1,6,140,140,sloppy,0,2
C1m1,6,140,141,greedy,0,2
C1m1,6,140,141,sloppy,0,2
C1m1,6,140,142,greedy,0,3
C1m1,6,140,142,sloppy,0,3
C1m1,6,140,143,greedy,1,6
C1m1,6,140,143,sloppy,1,6
C1m1,6,140,144,greedy,0,4
C1m1,6,140,144,sloppy,0,5
C1m1,6,140,145,greedy,0,2
C1m1,6,140,145,sloppy,0,5
C1m1,6,140,146,greedy,1,6
C1m1,6,140,146,sloppy,0,1
C1m1,6,140,147,greedy,0,5
C1m1,6,140,147,sloppy,1,6
C1m1,6,140,148,greedy,0,4
C1m1,6,140,148,sloppy,0,4
C1m1,6,140,149,greedy,1,6
C1m1,6,140,149,sloppy,0,3
C1m1,6,140,150,greedy,0,3
C1m1,6,140,150,sloppy,0,5
C1m1,6,140,151,greedy,0,0
C1m1,6,140,151,sloppy,0,5
C1m1,6,140,152,greedy,1,6
C1m1,6,140,152,sloppy,1,6
C1m1,6,140,153,greedy,0,5
C1m1,6,140,153,sloppy,0,5
C1m1,6,140,154,greedy,0,2
C1m1,6,140,154,sloppy,0,2
C1m1,6,140,155,greedy,0,3
C1m1,6,140,155,sloppy,0,3
C1m1,6,140,156,greedy,0,0
C1m1,6,140,156,sloppy,0,0
C1m1,6,140,157,greedy,1,6
C1m1,6,140,157,sloppy,0,3
C1m1,6,140,158,greedy,0,2
C1m1,6,140,158,sloppy,1,6
C1m1,6,140,159,greedy,0,1
C1m1,6,140,159,sloppy,0,5
C1m1,6,160,160,greedy,0,5
C1m1,6,160,160,sloppy,0,5
C1m1,6,160,161,greedy,0,2
C1m1,6,160,161,sloppy,0,2
C1m1,6,160,162,greedy,1,6
C1m1,6,160,162,sloppy,0,5
C1m1,6,160,163,greedy,0,1
C1m1,6,160,163,sloppy,0,3
C1m1,6,160,164,greedy,0,3
C1m1,6,160,164,sloppy,0,5
C1m1,6,160,165,greedy,0,2
C1m1,6,160,165,sloppy,0,2
C1m1,6,160,166,greedy,0,3
C1m1,6,160,166,sloppy,0,3
C1m1,6,160,167,greedy,0,5
C1m1,6,160,167,sloppy,0,4
C1m1,6,160,168,greedy,0,2
C1m1,6,160,168,sloppy,1,6
C1m1,6,160,169,greedy,0,3
C1m1,6,160,169,sloppy,0,3
C1m1,6,160,170,greedy,0,2
C1m1,6,160,170,sloppy,1,6
C1m1,6,160,171,greedy,0,1
C1m1,6,160,171,sloppy,0,1
C1m1,6,160,172,greedy,0,4
C1m1,6,160,172,sloppy,0,4
C1m1,6,160,173,greedy,1,6
C1m1,6,160,173,sloppy,1,6
C1m1,6,160,174,greedy,0,3
C1m1,6,160,174,sloppy,0,2
C1m1,6,160,175,greedy,0,2
C1m1,6,160,175,sloppy,0,2
C1m1,6,160,176,greedy,0,5
C1m1,6,160,176,sloppy,0,3
C1m1,6,160,177,greedy,0,2
C1m1,6,160,177,sloppy,0,2
C1m1,6,160,178,greedy,1,6
C1m1,6,160,178,sloppy,0,5
C1m1,6,160,179,greedy,1,6
C1m1,6,160,179,sloppy,0,4
C1m1,6,180,180,greedy,0,4
C1m1,6,180,180,sloppy,0,4
C1m1,6,180,181,greedy,0,2
C1m1,6,180,181,sloppy,0,4
C1m1,6,180,182,greedy,0,1
C1m1,6,180,182,sloppy,0,1
C1m1,6,180,183,greedy,1,6
C1m1,6,180,183,sloppy,0,2
C1m1,6,180,184,greedy,0,5
C1m1,6,180,184,sloppy,0,5
C1m1,6,180,185,greedy,0,4
C1m1,6,180,185,sloppy,0,5
C1m1,6,180,186,greedy,0,1
C1m1,6,180,186,sloppy,0,4
C1m1,6,180,187,greedy,0,0
C1m1,6,180,187,sloppy,0,2
C1m1,6,180,188,greedy,0,4
C1m1,6,180,188,sloppy,0,4
C1m1,6,180,189,greedy,0,2
C1m1,6,180,189,sloppy,0,3
C1m1,6,180,190,greedy,0,2
C1m1,6,180,190,sloppy,0,2
C1m1,6,180,191,greedy,0,4
C1m1,6,180,191,sloppy,0,4
C1m1,6,180,192,greedy,0,5
C1m1,6,180,192,sloppy,0,2
C1m1,6,180,193,greedy,0,2
C1m1,6,180,193,sloppy,0,2
C1m1,6,180,194,greedy,0,0
C1m1,6,180,194,sloppy,0,5
C1m1,6,180,195,greedy,0,3
C1m1,6,180,195,sloppy,0,5
C1m1,6,180,196,greedy,1,6
C1m1,6,180,196,sloppy,1,6
C1m1,6,180,197,greedy,0,2
C1m1,6,180,197,sloppy,0,2
C1m1,6,180,198,greedy,0,1
C1m1,6,180,198,sloppy,0,2
C1m1,6,180,199,greedy,0,5
C1m1,6,180,199,sloppy,0,5
C1m1,6,20,20,greedy,0,2
C1m1,6,20,20,sloppy,0,2
C1m1,6,20,21,greedy,0,4
C1m1,6,20,21,sloppy,0,4
C1m1,6,20,22,greedy,0,3
C1m1,6,20,22,sloppy,0,0
C1m1,6,20,23,greedy,0,1
C1m1,6,20,23,sloppy,0,2
C1m1,6,20,24,greedy,0,3
C1m1,6,20,24,sloppy,0,3
C1m1,6,20,25,greedy,0,1
C1m1,6,20,25,sloppy,0,5
C1m1,6,20,26,greedy,0,2
C1m1,6,20,26,sloppy,0,2
C1m1,6,20,27,greedy,0,4
C1m1,6,20,27,sloppy,0,4
C1m1,6,20,28,greedy,0,3
C1m1,6,20,28,sloppy,0,3
C1m1,6,20,29,greedy,0,1
C1m1,6,20,29,sloppy,0,1
C1m1,6,20,30,greedy,0,1
C1m1,6,20,30,sloppy,0,4
C1m1,6,20,31,greedy,0,5
C1m1,6,20,31,sloppy,0,3
C1m1,6,20,32,greedy,0,3
C1m1,6,20,32,sloppy,0,5
C1m1,6,20,33,greedy,0,3
C1m1,6,20,33,sloppy,1,6
C1m1,6,20,34,greedy,0,4
C1m1,6,20,34,sloppy,0,4
C1m1,6,20,35,greedy,0,2
C1m1,6,20,35,sloppy,0,2
C1m1,6,20,36,greedy,0,5
C1m1,6,20,36,sloppy,0,2
C1m1,6,20,37,greedy,1,6
C1m1,6,20,37,sloppy,0,4
C1m1,6,20,38,greedy,0,4
C1m1,6,20,38,sloppy,0,5
C1m1,6,20,39,greedy,0,2
C1m1,6,20,39,sloppy,0,2
C1m1,6,200,200,greedy,0,2
C1m1,6,200,200,sloppy,0,2
C1m1,6,200,201,greedy,0,4
C1m1,6,200,201,sloppy,0,2
C1m1,6,200,202,greedy,0,3
C1m1,6,200,202,sloppy,0,5
C1m1,6,200,203,greedy,0,4
C1m1,6,200,203,sloppy,0,4
C1m1,6,200,204,greedy,0,5
C1m1,6,200,204,sloppy,0,4
C1m1,6,200,205,greedy,0,2
C1m1,6,200,205,sloppy,0,5
C1m1,6,200,206,greedy,0,3
C1m1,6,200,206,sloppy,0,5
C1m1,6,200,207,greedy,1,6
C1m1,6,200,207,sloppy,0,4
C1m1,6,200,208,greedy,0,4
C1m1,6,200,208,sloppy,0,4
C1m1,6,200,209,greedy,0,3
C1m1,6,200,209,sloppy,1,6
C1m1,6,200,210,greedy,0,4
C1m1,6,200,210,sloppy,0,4
C1m1,6,200,211,greedy,0,3
C1m1,6,200,211,sloppy,0,4
C1m1,6,200,212,greedy,0,3
C1m1,6,200,212,sloppy,0,5
C1m1,6,200,213,greedy,0,2
C1m1,6,200,213,sloppy,0,2
C1m1,6,200,214,greedy,1,6
C1m1,6,200,214,sloppy,0,4
C1m1,6,200,215,greedy,0,3
C1m1,6,200,215,sloppy,0,4
C1m1,6,200,216,greedy,1,6
C1m1,6,200,216,sloppy,1,6
C1m1,6,200,217,greedy,0,5
C1m1,6,200,217,sloppy,0,5
C1m1,6,200,218,greedy,0,4
C1m1,6,200,218,sloppy,0,4
C1m1,6,200,219,greedy,0,2
C1m1,6,200,219,sloppy,0,2
C1m1,6,220,220,greedy,0,2
C1m1,6,220,220,sloppy,0,2
C1m1,6,220,221,greedy,0,0
C1m1,6,220,221,sloppy,0,2
C1m1,6,220,222,greedy,1,6
C1m1,6,220,222,sloppy,0,5
C1m1,6,220,223,greedy,1,6
C1m1,6,220,223,sloppy,1,6
C1m1,6,220,224,greedy,0,4
C1m1,6,220,224,sloppy,0,2
C1m1,6,220,225,greedy,0,3
C1m1,6,220,225,sloppy,1,6
C1m1,6,220,226,greedy,0,1
C1m1,6,220,226,sloppy,0,1
C1m1,6,220,227,greedy,0,4
C1m1,6,220,227,sloppy,0,4
C1m1,6,220,228,greedy,0,2
C1m1,6,220,228,sloppy,0,2
C1m1,6,220,229,greedy,0,2
C1m1,6,220,229,sloppy,0,2
C1m1,6,220,230,greedy,1,6
C1m1,6,220,230,sloppy,0,4
C1m1,6,220,231,greedy,1,6
C1m1,6,220,231,sloppy,0,5
C1m1,6,220,232,greedy,0,3
C1m1,6,220,232,sloppy,0,0
C1m1,6,220,233,greedy,0,1
C1m1,6,220,233,sloppy,0,0
C1m1,6,220,234,greedy,0,2
C1m1,6,220,234,sloppy,0,0
C1m1,6,220,235,greedy,0,2
C1m1,6,220,235,sloppy,0,2
C1m1,6,220,236,greedy,0,2
C1m1,6,220,236,sloppy,0,1
C1m1,6,220,237,greedy,0,1
C1m1,6,220,237,sloppy,0,4
C1m1,6,220,238,greedy,0,2
C1m1,6,220,238,sloppy,0,2
C1m1,6,220,239,greedy,0,4
C1m1,6,220,239,sloppy,0,4
C1m1,6,240,240,greedy,0,3
C1m1,6,240,240,sloppy,0,3
C1m1,6,240,241,greedy,1,6
C1m1,6,240,241,sloppy,0,5
C1m1,6,240,242,greedy,0,3
C1m1,6,240,242,sloppy,0,4
C1m1,6,240,243,greedy,0,0
C1m1,6,240,243,sloppy,0,1
C1m1,6,240,244,greedy,0,3
C1m1,6,240,244,sloppy,0,3
C1m1,6,240,245,greedy,0,2
C1m1,6,240,245,sloppy,1,6
C1m1,6,240,246,greedy,0,2
C1m1,6,240,246,sloppy,0,2
C1m1,6,240,247,greedy,0,3
C1m1,6,240,247,sloppy,1,6
C1m1,6,240,248,greedy,0,3
C1m1,6,240,248,sloppy,1,6
C1m1,6,240,249,greedy,0,1
C1m1,6,240,249,sloppy,0,1
C1m1,6,240,250,greedy,0,2
C1m1,6,240,250,sloppy,0,2
C1m1,6,240,251,greedy,0,1
C1m1,6,240,251,sloppy,0,1
C1m1,6,240,252,greedy,0,4
C1m1,6,240,252,sloppy,0,5
C1m1,6,240,253,greedy,0,3
C1m1,6,240,253,sloppy,1,6
C1m1,6,240,254,greedy,1,6
C1m1,6,240,254,sloppy,1,6
C1m1,6,240,255,greedy,0,3
C1m1,6,240,255,sloppy,0,3
C1m1,6,240,256,greedy,0,1
C1m1,6,240,256,sloppy,0,5
C1m1,6,240,257,greedy,0,2
C1m1,6,240,257,sloppy,0,3
C1m1,6,240,258,greedy,0,3
C1m1,6,240,258,sloppy,0,1
C1m1,6,240,259,greedy,0,4
C1m1,6,240,259,sloppy,0,4
C1m1,6,260,260,greedy,0,5
C1m1,6,260,260,sloppy,0,5
C1m1,6,260,261,greedy,0,4
C1m1,6,260,261,sloppy,1,6
C1m1,6,260,262,greedy,0,5
C1m1,6,260,262,sloppy,1,6
C1m1,6,260,263,greedy,0,2
C1m1,6,260,263,sloppy,0,2
C1m1,6,260,264,greedy,0,2
C1m1,6,260,264,sloppy,0,2
C1m1,6,260,265,greedy,0,3
C1m1,6,260,265,sloppy,0,3
C1m1,6,260,266,greedy,0,3
C1m1,6,260,266,sloppy,1,6
C1m1,6,260,267,greedy,0,3
C1m1,6,260,267,sloppy,0,3
C1m1,6,260,268,greedy,0,2
C1m1,6,260,268,sloppy,0,1
C1m1,6,260,269,greedy,0,2
C1m1,6,260,269,sloppy,0,2
C1m1,6,260,270,greedy,0,3
C1m1,6,260,270,sloppy,0,3
C1m1,6,260,271,greedy,0,2
C1m1,6,260,271,sloppy,0,3
C1m1,6,260,272,greedy,0,2
C1m1,6,260,272,sloppy,0,2
C1m1,6,260,273,greedy,0,3
C1m1,6,260,273,sloppy,0,3
C1m1,6,260,274,greedy,0,2
C1m1,6,260,274,sloppy,0,5
C1m1,6,260,275,greedy,0,3
C1m1,6,260,275,sloppy,0,5
C1m1,6,260,276,greedy,0,5
C1m1,6,260,276,sloppy,0,5
C1m1,6,260,277,greedy,0,2
C1m1,6,260,277,sloppy,0,4
C1m1,6,260,278,greedy,1,6
C1m1,6,260,278,sloppy,0,3
C1m1,6,260,279,greedy,1,6
C1m1,6,260,279,sloppy,0,5
C1m1,6,280,280,greedy,1,6
C1m1,6,280,280,sloppy,0,5
C1m1,6,280,281,greedy,0,2
C1m1,6,280,281,sloppy,0,5
C1m1,6,280,282,greedy,0,4
C1m1,6,280,282,sloppy,0,1
C1m1,6,280,283,greedy,0,1
C1m1,6,280,283,sloppy,0,5
C1m1,6,280,284,greedy,0,1
C1m1,6,280,284,sloppy,0,5
C1m1,6,280,285,greedy,0,1
C1m1,6,280,285,sloppy,0,1
C1m1,6,280,286,greedy,0,5
C1m1,6,280,286,sloppy,0,4
C1m1,6,280,287,greedy,0,4
C1m1,6,280,287,sloppy,0,2
C1m1,6,280,288,greedy,0,2
C1m1,6,280,288,sloppy,0,2
C1m1,6,280,289,greedy,0,3
C1m1,6,280,289,sloppy,1,6
C1m1,6,280,290,greedy,0,5
C1m1,6,280,290,sloppy,0,3
C1m1,6,280,291,greedy,1,6
C1m1,6,280,291,sloppy,0,2
C1m1,6,280,292,greedy,0,1
C1m1,6,280,292,sloppy,0,4
C1m1,6,280,293,greedy,0,3
C1m1,6,280,293,sloppy,0,3
C1m1,6,280,294,greedy,0,1
C1m1,6,280,294,sloppy,0,3
C1m1,6,280,295,greedy,0,2
C1m1,6,280,295,sloppy,0,2
C1m1,6,280,296,greedy,0,3
C1m1,6,280,296,sloppy,0,4
C1m1,6,280,297,greedy,0,3
C1m1,6,280,297,sloppy,0,3
C1m1,6,280,298,greedy,0,5
C1m1,6,280,298,sloppy,0,4
C1m1,6,280,299,greedy,0,2
C1m1,6,280,299,sloppy,0,2
C1m1,6,300,300,greedy,0,1
C1m1,6,300,300,sloppy,0,4
C1m1,6,300,301,greedy,0,3
C1m1,6,300,301,sloppy,0,2
C1m1,6,300,302,greedy,0,4
C1m1,6,300,302,sloppy,0,2
C1m1,6,300,303,greedy,0,5
C1m1,6,300,303,sloppy,0,5
C1m1,6,300,304,greedy,0,2
C1m1,6,300,304,sloppy,0,2
C1m1,6,300,305,greedy,0,2
C1m1,6,300,305,sloppy,0,2
C1m1,6,300,306,greedy,0,1
C1m1,6,300,306,sloppy,0,2
C1m1,6,300,307,greedy,0,1
C1m1,6,300,307,sloppy,0,1
C1m1,6,300,308,greedy,0,2
C1m1,6,300,308,sloppy,0,5
C1m1,6,300,309,greedy,0,5
C1m1,6,300,309,sloppy,0,2
C1m1,6,300,310,greedy,0,1
C1m1,6,300,310,sloppy,0,1
C1m1,6,300,311,greedy,0,3
C1m1,6,300,311,sloppy,0,3
C1m1,6,300,312,greedy,0,1
C1m1,6,300,312,sloppy,0,2
C1m1,6,300,313,greedy,0,5
C1m1,6,300,313,sloppy,1,6
C1m1,6,300,314,greedy,1,6
C1m1,6,300,314,sloppy,0,5
C1m1,6,300,315,greedy,0,4
C1m1,6,300,315,sloppy,1,6
C1m1,6,300,316,greedy,0,2
C1m1,6,300,316,sloppy,0,0
C1m1,6,300,317,greedy,0,2
C1m1,6,300,317,sloppy,0,3
C1m1,6,300,318,greedy,1,6
C1m1,6,300,318,sloppy,0,2
C1m1,6,300,319,greedy,1,6
C1m1,6,300,319,sloppy,0,3
C1m1,6,40,40,greedy,0,5
C1m1,6,40,40,sloppy,0,5
C1m1,6,40,41,greedy,0,3
C1m1,6,40,41,sloppy,0,5
C1m1,6,40,42,greedy,0,5
C1m1,6,40,42,sloppy,1,6
C1m1,6,40,43,greedy,0,4
C1m1,6,40,43,sloppy,0,3
C1m1,6,40,44,greedy,0,3
C1m1,6,40,44,sloppy,0,2
C1m1,6,40,45,greedy,0,4
C1m1,6,40,45,sloppy,0,4
C1m1,6,40,46,greedy,0,5
C1m1,6,40,46,sloppy,0,5
C1m1,6,40,47,greedy,0,3
C1m1,6,40,47,sloppy,0,3
C1m1,6,40,48,greedy,0,2
C1m1,6,40,48,sloppy,0,2
C1m1,6,40,49,greedy,0,5
C1m1,6,40,49,sloppy,0,3
C1m1,6,40,50,greedy,0,2
C1m1,6,40,50,sloppy,0,4
C1m1,6,40,51,greedy,0,1
C1m1,6,40,51,sloppy,0,0
C1m1,6,40,52,greedy,0,5
C1m1,6,40,52,sloppy,0,5
C1m1,6,40,53,greedy,0,3
C1m1,6,40,53,sloppy,0,2
C1m1,6,40,54,greedy,0,5
C1m1,6,40,54,sloppy,0,5
C1m1,6,40,55,greedy,0,4
C1m1,6,40,55,sloppy,0,2
C1m1,6,40,56,greedy,0,1
C1m1,6,40,56,sloppy,1,6
C1m1,6,40,57,greedy,0,2
C1m1,6,40,57,sloppy,0,2
C1m1,6,40,58,greedy,0,2
C1m1,6,40,58,sloppy,1,6
C1m1,6,40,59,greedy,0,5
C1m1,6,40,59,sloppy,0,5
C1m1,6,60,60,greedy,0,5
C1m1,6,60,60,sloppy,0,2
C1m1,6,60,61,greedy,0,2
C1m1,6,60,61,sloppy,0,4
C1m1,6,60,62,greedy,0,2
C1m1,6,60,62,sloppy,0,2
C1m1,6,60,63,greedy,0,1
C1m1,6,60,63,sloppy,0,3
C1m1,6,60,64,greedy,0,3
C1m1,6,60,64,sloppy,0,1
C1m1,6,60,65,greedy,0,2
C1m1,6,60,65,sloppy,0,2
C1m1,6,60,66,greedy,0,5
C1m1,6,60,66,sloppy,1,6
C1m1,6,60,67,greedy,0,1
C1m1,6,60,67,sloppy,0,1
C1m1,6,60,68,greedy,0,5
C1m1,6,60,68,sloppy,0,2
C1m1,6,60,69,greedy,0,2
C1m1,6,60,69,sloppy,0,4
C1m1,6,60,70,greedy,0,1
C1m1,6,60,70,sloppy,0,4
C1m1,6,60,71,greedy,0,2
C1m1,6,60,71,sloppy,0,2
C1m1,6,60,72,greedy,0,5
C1m1,6,60,72,sloppy,0,5
C1m1,6,60,73,greedy,0,5
C1m1,6,60,73,sloppy,0,5
C1m1,6,60,74,greedy,0,2
C1m1,6,60,74,sloppy,0,2
C1m1,6,60,75,greedy,0,5
C1m1,6,60,75,sloppy,0,5
C1m1,6,60,76,greedy,0,2
C1m1,6,60,76,sloppy,0,2
C1m1,6,60,77,greedy,0,2
C1m1,6,60,77,sloppy,1,6
C1m1,6,60,78,greedy,0,2
C1m1,6,60,78,sloppy,1,6
C1m1,6,60,79,greedy,0,5
C1m1,6,60,79,sloppy,0,2
C1m1,6,80,80,greedy,0,5
C1m1,6,80,80,sloppy,0,5
C1m1,6,80,81,greedy,0,3
C1m1,6,80,81,sloppy,0,3
C1m1,6,80,82,greedy,0,3
C1m1,6,80,82,sloppy,0,3
C1m1,6,80,83,greedy,0,0
C1m1,6,80,83,sloppy,0,3
C1m1,6,80,84,greedy,0,3
C1m1,6,80,84,sloppy,0,3
C1m1,6,80,85,greedy,0,5
C1m1,6,80,85,sloppy,1,6
C1m1,6,80,86,greedy,0,4
C1m1,6,80,86,sloppy,0,5
C1m1,6,80,87,greedy,0,1
C1m1,6,80,87,sloppy,0,1
C1m1,6,80,88,greedy,0,2
C1m1,6,80,88,sloppy,0,2
C1m1,6,80,89,greedy,0,4
C1m1,6,80,89,sloppy,0,2
C1m1,6,80,90,greedy,0,3
C1m1,6,80,90,sloppy,0,0
C1m1,6,80,91,greedy,1,6
C1m1,6,80,91,sloppy,0,4
C1m1,6,80,92,greedy,0,5
C1m1,6,80,92,sloppy,0,4
C1m1,6,80,93,greedy,0,1
C1m1,6,80,93,sloppy,0,3
C1m1,6,80,94,greedy,0,2
C1m1,6,80,94,sloppy,0,2
C1m1,6,80,95,greedy,1,6
C1m1,6,80,95,sloppy,0,1
C1m1,6,80,96,greedy,0,4
C1m1,6,80,96,sloppy,0,5
C1m1,6,80,97,greedy,0,4
C1m1,6,80,97,sloppy,0,4
C1m1,6,80,98,greedy,0,4
C1m1,6,80,98,sloppy,0,2
C1m1,6,80,99,greedy,0,3
C1m1,6,80,99,sloppy,1,6
C1m1,7,0,0,greedy,0,2
C1m1,7,0,0,sloppy,0,5
C1m1,7,0,1,greedy,0,4
C1m1,7,0,1,sloppy,0,4
C1m1,7,0,2,greedy,0,2
C1m1,7,0,2,sloppy,0,2
C1m1,7,0,3,greedy,0,4
C1m1,7,0,3,sloppy,0,3
C1m1,7,0,4,greedy,0,3
C1m1,7,0,4,sloppy,0,3
C1m1,7,0,5,greedy,1,6
C1m1,7,0,5,sloppy,0,1
C1m1,7,0,6,greedy,0,3
C1m1,7,0,6,sloppy,0,3
C1m1,7,0,7,greedy,0,2
C1m1,7,0,7,sloppy,0,4
C1m1,7,0,8,greedy,0,5
C1m1,7,0,8,sloppy,1,6
C1m1,7,0,9,greedy,0,2
C1m1,7,0,9,sloppy,0,3
C1m1,7,0,10,greedy,0,1
C1m1,7,0,10,sloppy,0,1
C1m1,7,0,11,greedy,0,5
C1m1,7,0,11,sloppy,0,2
C1m1,7,0,12,greedy,0,3
C1m1,7,0,12,sloppy,0,3
C1m1,7,0,13,greedy,0,5
C1m1,7,0,13,sloppy,0,2
C1m1,7,0,14,greedy,1,6
C1m1,7,0,14,sloppy,0,3
C1m1,7,0,15,greedy,1,6
C1m1,7,0,15,sloppy,0,5
C1m1,7,0,16,greedy,0,3
C1m1,7,0,16,sloppy,0,3
C1m1,7,0,17,greedy,0,4
C1m1,7,0,17,sloppy,0,4
C1m1,7,0,18,greedy,1,6
C1m1,7,0,18,sloppy,0,5
C1m1,7,0,19,greedy,0,3
C1m1,7,0,19,sloppy,0,2
C1m1,7,100,100,greedy,0,5
C1m1,7,100,100,sloppy,0,5
C1m1,7,100,101,greedy,0,3
C1m1,7,100,101,sloppy,0,3
C1m1,7,100,102,greedy,0,1
C1m1,7,100,102,sloppy,0,3
C1m1,7,100,103,greedy,0,3
C1m1,7,100,103,sloppy,0,5
C1m1,7,100,104,greedy,0,2
C1m1,7,100,104,sloppy,0,2
C1m1,7,100,105,greedy,0,5
C1m1,7,100,105,sloppy,0,3
C1m1,7,100,106,greedy,0,3
C1m1,7,100,106,sloppy,0,3
C1m1,7,100,107,greedy,0,3
C1m1,7,100,107,sloppy,0,5
C1m1,7,100,108,greedy,0,2
C1m1,7,100,108,sloppy,0,2
C1m1,7,100,109,greedy,0,2
C1m1,7,100,109,sloppy,0,3
C1m1,7,100,110,greedy,0,1
C1m1,7,100,110,sloppy,0,1
C1m1,7,100,111,greedy,0,2
C1m1,7,100,111,sloppy,0,2
C1m1,7,100,112,greedy,0,4
C1m1,7,100,112,sloppy,0,4
C1m1,7,100,113,greedy,1,6
C1m1,7,100,113,sloppy,0,4
C1m1,7,100,114,greedy,0,4
C1m1,7,100,114,sloppy,0,5
C1m1,7,100,115,greedy,0,2
C1m1,7,100,115,sloppy,0,2
C1m1,7,100,116,greedy,0,1
C1m1,7,100,116,sloppy,0,1
C1m1,7,100,117,greedy,0,2
C1m1,7,100,117,sloppy,0,2
C1m1,7,100,118,greedy,1,6
C1m1,7,100,118,sloppy,1,6
C1m1,7,100,119,greedy,0,3
C1m1,7,100,119,sloppy,0,2
C1m1,7,120,120,greedy,0,3
C1m1,7,120,120,sloppy,0,3
C1m1,7,120,121,greedy,0,2
C1m1,7,120,121,sloppy,0,2
C1m1,7,120,122,greedy,1,6
C1m1,7,120,122,sloppy,0,5
C1m1,7,120,123,greedy,0,5
C1m1,7,120,123,sloppy,1,6
C1m1,7,120,124,greedy,0,2
C1m1,7,120,124,sloppy,0,2
C1m1,7,120,125,greedy,0,1
C1m1,7,120,125,sloppy,0,1
C1m1,7,120,126,greedy,0,2
C1m1,7,120,126,sloppy,0,2
C1m1,7,120,127,greedy,0,4
C1m1,7,120,127,sloppy,0,3
C1m1,7,120,128,greedy,0,3
C1m1,7,120,128,sloppy,0,3
C1m1,7,120,129,greedy,0,5
C1m1,7,120,129,sloppy,0,5
C1m1,7,120,130,greedy,0,0
C1m1,7,120,130,sloppy,0,2
C1m1,7,120,131,greedy,1,6
C1m1,7,120,131,sloppy,0,5
C1m1,7,120,132,greedy,0,3
C1m1,7,120,132,sloppy,0,5
C1m1,7,120,133,greedy,0,3
C1m1,7,120,133,sloppy,0,3
C1m1,7,120,134,greedy,0,5
C1m1,7,120,134,sloppy,0,3
C1m1,7,120,135,greedy,0,4
C1m1,7,120,135,sloppy,1,6
C1m1,7,120,136,greedy,0,1
C1m1,7,120,136,sloppy,0,3
C1m1,7,120,137,greedy,0,5
C1m1,7,120,137,sloppy,0,5
C1m1,7,120,138,greedy,0,2
C1m1,7,120,138,sloppy,0,2
C1m1,7,120,139,greedy,0,2
C1m1,7,120,139,sloppy,0,2
C1m1,7,140,140,greedy,0,2
C1m1,7,140,140,sloppy,0,2
C1m1,7,140,141,greedy,0,2
C1m1,7,140,141,sloppy,0,2
C1m1,7,140,142,greedy,0,3
C1m1,7,140,142,sloppy,0,3
C1m1,7,140,143,greedy,0,4
C1m1,7,140,143,sloppy,0,5
C1m1,7,140,144,greedy,0,2
C1m1,7,140,144,sloppy,0,5
C1m1,7,140,145,greedy,0,2
C1m1,7,140,145,sloppy,0,2
C1m1,7,140,146,greedy,0,4
C1m1,7,140,146,sloppy,0,1
C1m1,7,140,147,greedy,0,1
C1m1,7,140,147,sloppy,0,5
C1m1,7,140,148,greedy,0,4
C1m1,7,140,148,sloppy,0,4
C1m1,7,140,149,greedy,0,2
C1m1,7,140,149,sloppy,0,2
C1m1,7,140,150,greedy,0,4
C1m1,7,140,150,sloppy,0,5
C1m1,7,140,151,greedy,0,0
C1m1,7,140,151,sloppy,0,4
C1m1,7,140,152,greedy,1,6
C1m1,7,140,152,sloppy,1,6
C1m1,7,140,153,greedy,0,5
C1m1,7,140,153,sloppy,0,1
C1m1,7,140,154,greedy,0,2
C1m1,7,140,154,sloppy,0,2
C1m1,7,140,155,greedy,1,6
C1m1,7,140,155,sloppy,0,2
C1m1,7,140,156,greedy,0,0
C1m1,7,140,156,sloppy,0,0
C1m1,7,140,157,greedy,0,3
C1m1,7,140,157,sloppy,0,3
C1m1,7,140,158,greedy,0,2
C1m1,7,140,158,sloppy,0,2
C1m1,7,140,159,greedy,0,5
C1m1,7,140,159,sloppy,0,1
C1m1,7,20,20,greedy,0,4
C1m1,7,20,20,sloppy,1,6
C1m1,7,20,21,greedy,0,4
C1m1,7,20,21,sloppy,0,3
C1m1,7,20,22,greedy,0,2
C1m1,7,20,22,sloppy,0,0
C1m1,7,20,23,greedy,0,2
C1m1,7,20,23,sloppy,0,5
C1m1,7,20,24,greedy,0,3
C1m1,7,20,24,sloppy,0,3
C1m1,7,20,25,greedy,0,5
C1m1,7,20,25,sloppy,0,5
C1m1,7,20,26,greedy,0,2
C1m1,7,20,26,sloppy,0,2
C1m1,7,20,27,greedy,0,4
C1m1,7,20,27,sloppy,0,1
C1m1,7,20,28,greedy,0,5
C1m1,7,20,28,sloppy,0,3
C1m1,7,20,29,greedy,0,3
C1m1,7,20,29,sloppy,0,3
C1m1,7,20,30,greedy,0,5
C1m1,7,20,30,sloppy,0,4
C1m1,7,20,31,greedy,0,3
C1m1,7,20,31,sloppy,0,3
C1m1,7,20,32,greedy,1,6
C1m1,7,20,32,sloppy,0,3
C1m1,7,20,33,greedy,0,4
C1m1,7,20,33,sloppy,0,5
C1m1,7,20,34,greedy,0,4
C1m1,7,20,34,sloppy,0,4
C1m1,7,20,35,greedy,0,2
C1m1,7,20,35,sloppy,0,2
C1m1,7,20,36,greedy,0,2
C1m1,7,20,36,sloppy,0,2
C1m1,7,20,37,greedy,1,6
C1m1,7,20,37,sloppy,0,5
C1m1,7,20,38,greedy,0,3
C1m1,7,20,38,sloppy,0,2
C1m1,7,20,39,greedy,0,2
C1m1,7,20,39,sloppy,0,2
C1m1,7,40,40,greedy,0,5
C1m1,7,40,40,sloppy,0,5
C1m1,7,40,41,greedy,0,2
C1m1,7,40,41,sloppy,1,6
C1m1,7,40,42,greedy,0,5
C1m1,7,40,42,sloppy,0,2
C1m1,7,40,43,greedy,0,3
C1m1,7,40,43,sloppy,0,4
C1m1,7,40,44,greedy,0,2
C1m1,7,40,44,sloppy,0,2
C1m1,7,40,45,greedy,0,3
C1m1,7,40,45,sloppy,0,1
C1m1,7,40,46,greedy,0,4
C1m1,7,40,46,sloppy,0,4
C1m1,7,40,47,greedy,1,6
C1m1,7,40,47,sloppy,0,3
C1m1,7,40,48,greedy,0,2
C1m1,7,40,48,sloppy,0,2
C1m1,7,40,49,greedy,0,5
C1m1,7,40,49,sloppy,0,5
C1m1,7,40,50,greedy,0,2
C1m1,7,40,50,sloppy,0,2
C1m1,7,40,51,greedy,0,5
C1m1,7,40,51,sloppy,0,0
C1m1,7,40,52,greedy,0,4
C1m1,7,40,52,sloppy,0,5
C1m1,7,40,53,greedy,0,2
C1m1,7,40,53,sloppy,0,3
C1m1,7,40,54,greedy,0,2
C1m1,7,40,54,sloppy,0,2
C1m1,7,40,55,greedy,0,2
C1m1,7,40,55,sloppy,0,3
C1m1,7,40,56,greedy,0,1
C1m1,7,40,56,sloppy,0,1
C1m1,7,40,57,greedy,0,2
C1m1,7,40,57,sloppy,0,2
C1m1,7,40,58,greedy,0,2
C1m1,7,40,58,sloppy,0,2
C1m1,7,40,59,greedy,0,2
C1m1,7,40,59,sloppy,0,2
C1m1,7,60,60,greedy,0,5
C1m1,7,60,60,sloppy,0,3
C1m1,7,60,61,greedy,0,2
C1m1,7,60,61,sloppy,0,5
C1m1,7,60,62,greedy,0,2
C1m1,7,60,62,sloppy,0,2
C1m1,7,60,63,greedy,0,1
C1m1,7,60,63,sloppy,0,5
C1m1,7,60,64,greedy,0,3
C1m1,7,60,64,sloppy,0,3
C1m1,7,60,65,greedy,0,1
C1m1,7,60,65,sloppy,0,2
C1m1,7,60,66,greedy,0,2
C1m1,7,60,66,sloppy,0,3
C1m1,7,60,67,greedy,0,1
C1m1,7,60,67,sloppy,0,2
C1m1,7,60,68,greedy,0,5
C1m1,7,60,68,sloppy,0,5
C1m1,7,60,69,greedy,0,5
C1m1,7,60,69,sloppy,0,2
C1m1,7,60,70,greedy,0,4
C1m1,7,60,70,sloppy,0,5
C1m1,7,60,71,greedy,0,5
C1m1,7,60,71,sloppy,1,6
C1m1,7,60,72,greedy,0,4
C1m1,7,60,72,sloppy,0,4
C1m1,7,60,73,greedy,1,6
C1m1,7,60,73,sloppy,1,6
C1m1,7,60,74,greedy,0,5
C1m1,7,60,74,sloppy,0,3
C1m1,7,60,75,greedy,0,5
C1m1,7,60,75,sloppy,0,2
C1m1,7,60,76,greedy,0,2
C1m1,7,60,76,sloppy,0,2
C1m1,7,60,77,greedy,1,6
C1m1,7,60,77,sloppy,0,3
C1m1,7,60,78,greedy,0,2
C1m1,7,60,78,sloppy,0,2
C1m1,7,60,79,greedy,0,2
C1m1,7,60,79,sloppy,0,2
C1m1,7,80,80,greedy,0,2
C1m1,7,80,80,sloppy,1,6
C1m1,7,80,81,greedy,1,6
C1m1,7,80,81,sloppy,0,3
C1m1,7,80,82,greedy,0,3
C1m1,7,80,82,sloppy,0,3
C1m1,7,80,83,greedy,0,0
C1m1,7,80,83,sloppy,0,5
C1m1,7,80,84,greedy,0,5
C1m1,7,80,84,sloppy,0,3
C1m1,7,80,85,greedy,0,5
C1m1,7,80,85,sloppy,1,6
C1m1,7,80,86,greedy,0,1
C1m1,7,80,86,sloppy,0,4
C1m1,7,80,87,greedy,0,1
C1m1,7,80,87,sloppy,0,1
C1m1,7,80,88,greedy,0,2
C1m1,7,80,88,sloppy,0,2
C1m1,7,80,89,greedy,0,2
C1m1,7,80,89,sloppy,0,2
C1m1,7,80,90,greedy,1,6
C1m1,7,80,90,sloppy,0,0
C1m1,7,80,91,greedy,0,4
C1m1,7,80,91,sloppy,0,4
C1m1,7,80,92,greedy,0,3
C1m1,7,80,92,sloppy,0,3
C1m1,7,80,93,greedy,0,1
C1m1,7,80,93,sloppy,0,1
C1m1,7,80,94,greedy,0,2
C1m1,7,80,94,sloppy,0,2
C1m1,7,80,95,greedy,1,6
C1m1,7,80,95,sloppy,0,2
C1m1,7,80,96,greedy,0,4
C1m1,7,80,96,sloppy,0,4
C1m1,7,80,97,greedy,1,6
C1m1,7,80,97,sloppy,0,4
C1m1,7,80,98,greedy,0,4
C1m1,7,80,98,sloppy,0,4
C1m1,7,80,99,greedy,0,3
C1m1,7,80,99,sloppy,0,3
C1m1,8,0,0,greedy,0,1
C1m1,8,0,0,sloppy,0,2
C1m1,8,0,1,greedy,0,2
C1m1,8,0,1,sloppy,0,5
C1m1,8,0,2,greedy,0,2
C1m1,8,0,2,sloppy,0,2
C1m1,8,0,3,greedy,0,4
C1m1,8,0,3,sloppy,0,4
C1m1,8,0,4,greedy,0,3
C1m1,8,0,4,sloppy,0,3
C1m1,8,0,5,greedy,0,4
C1m1,8,0,5,sloppy,0,1
C1m1,8,0,6,greedy,0,1
C1m1,8,0,6,sloppy,0,3
C1m1,8,0,7,greedy,0,2
C1m1,8,0,7,sloppy,0,2
C1m1,8,0,8,greedy,0,3
C1m1,8,0,8,sloppy,0,3
C1m1,8,0,9,greedy,0,2
C1m1,8,0,9,sloppy,0,3
C1m1,8,0,10,greedy,0,1
C1m1,8,0,10,sloppy,0,1
C1m1,8,0,11,greedy,0,2
C1m1,8,0,11,sloppy,0,2
C1m1,8,0,12,greedy,0,2
C1m1,8,0,12,sloppy,0,3
C1m1,8,0,13,greedy,0,5
C1m1,8,0,13,sloppy,0,5
C1m1,8,0,14,greedy,0,5
C1m1,8,0,14,sloppy,0,5
C1m1,8,0,15,greedy,1,6
C1m1,8,0,15,sloppy,0,3
C1m1,8,0,16,greedy,0,1
C1m1,8,0,16,sloppy,0,3
C1m1,8,0,17,greedy,0,4
C1m1,8,0,17,sloppy,0,4
C1m1,8,0,18,greedy,1,6
C1m1,8,0,18,sloppy,0,3
C1m1,8,0,19,greedy,0,4
C1m1,8,0,19,sloppy,0,3
C1m1,8,100,100,greedy,0,4
C1m1,8,100,100,sloppy,0,5
C1m1,8,100,101,greedy,0,3
C1m1,8,100,101,sloppy,0,3
C1m1,8,100,102,greedy,0,3
C1m1,8,100,102,sloppy,0,3
C1m1,8,100,103,greedy,0,5
C1m1,8,100,103,sloppy,1,6
C1m1,8,100,104,greedy,0,2
C1m1,8,100,104,sloppy,0,2
C1m1,8,100,105,greedy,0,3
C1m1,8,100,105,sloppy,0,3
C1m1,8,100,106,greedy,1,6
C1m1,8,100,106,sloppy,0,5
C1m1,8,100,107,greedy,0,5
C1m1,8,100,107,sloppy,1,6
C1m1,8,100,108,greedy,0,2
C1m1,8,100,108,sloppy,0,2
C1m1,8,100,109,greedy,0,2
C1m1,8,100,109,sloppy,0,3
C1m1,8,100,110,greedy,0,2
C1m1,8,100,110,sloppy,0,1
C1m1,8,100,111,greedy,0,2
C1m1,8,100,111,sloppy,0,2
C1m1,8,100,112,greedy,0,3
C1m1,8,100,112,sloppy,0,4
C1m1,8,100,113,greedy,0,5
C1m1,8,100,113,sloppy,0,4
C1m1,8,100,114,greedy,0,2
C1m1,8,100,114,sloppy,0,2
C1m1,8,100,115,greedy,0,2
C1m1,8,100,115,sloppy,0,3
C1m1,8,100,116,greedy,0,3
C1m1,8,100,116,sloppy,0,1
C1m1,8,100,117,greedy,0,2
C1m1,8,100,117,sloppy,0,2
C1m1,8,100,118,greedy,0,3
C1m1,8,100,118,sloppy,0,3
C1m1,8,100,119,greedy,0,1
C1m1,8,100,119,sloppy,0,1
C1m1,8,120,120,greedy,0,3
C1m1,8,120,120,sloppy,0,3
C1m1,8,120,121,greedy,0,2
C1m1,8,120,121,sloppy,0,2
C1m1,8,120,122,greedy,0,3
C1m1,8,120,122,sloppy,0,5
C1m1,8,120,123,greedy,0,5
C1m1,8,120,123,sloppy,1,6
C1m1,8,120,124,greedy,0,2
C1m1,8,120,124,sloppy,0,2
C1m1,8,120,125,greedy,0,1
C1m1,8,120,125,sloppy,0,3
C1m1,8,120,126,greedy,0,4
C1m1,8,120,126,sloppy,0,2
C1m1,8,120,127,greedy,0,3
C1m1,8,120,127,sloppy,0,3
C1m1,8,120,128,greedy,0,3
C1m1,8,120,128,sloppy,0,3
C1m1,8,120,129,greedy,0,1
C1m1,8,120,129,sloppy,0,5
C1m1,8,120,130,greedy,0,0
C1m1,8,120,130,sloppy,0,2
C1m1,8,120,131,greedy,0,4
C1m1,8,120,131,sloppy,1,6
C1m1,8,120,132,greedy,1,6
C1m1,8,120,132,sloppy,0,3
C1m1,8,120,133,greedy,0,1
C1m1,8,120,133,sloppy,0,3
C1m1,8,120,134,greedy,0,3
C1m1,8,120,134,sloppy,0,3
C1m1,8,120,135,greedy,0,5
C1m1,8,120,135,sloppy,0,4
C1m1,8,120,136,greedy,0,1
C1m1,8,120,136,sloppy,0,1
C1m1,8,120,137,greedy,0,5
C1m1,8,120,137,sloppy,0,5
C1m1,8,120,138,greedy,0,4
C1m1,8,120,138,sloppy,0,4
C1m1,8,120,139,greedy,0,2
C1m1,8,120,139,sloppy,0,2
C1m1,8,140,140,greedy,0,2
C1m1,8,140,140,sloppy,0,2
C1m1,8,140,141,greedy,0,2
C1m1,8,140,141,sloppy,0,2
C1m1,8,140,142,greedy,0,4
C1m1,8,140,142,sloppy,0,3
C1m1,8,140,143,greedy,0,3
C1m1,8,140,143,sloppy,0,3
C1m1,8,140,144,greedy,0,4
C1m1,8,140,144,sloppy,0,2
C1m1,8,140,145,greedy,0,1
C1m1,8,140,145,sloppy,0,2
C1m1,8,140,146,greedy,1,6
C1m1,8,140,146,sloppy,0,5
C1m1,8,140,147,greedy,0,1
C1m1,8,140,147,sloppy,0,1
C1m1,8,140,148,greedy,0,3
C1m1,8,140,148,sloppy,0,4
C1m1,8,140,149,greedy,0,1
C1m1,8,140,149,sloppy,0,2
C1m1,8,140,150,greedy,0,4
C1m1,8,140,150,sloppy,0,3
C1m1,8,140,151,greedy,0,0
C1m1,8,140,151,sloppy,0,3
C1m1,8,140,152,greedy,1,6
C1m1,8,140,152,sloppy,1,6
C1m1,8,140,153,greedy,0,4
C1m1,8,140,153,sloppy,0,1
C1m1,8,140,154,greedy,0,2
C1m1,8,140,154,sloppy,0,2
C1m1,8,140,155,greedy,1,6
C1m1,8,140,155,sloppy,0,1
C1m1,8,140,156,greedy,0,0
C1m1,8,140,156,sloppy,0,0
C1m1,8,140,157,greedy,0,3
C1m1,8,140,157,sloppy,0,5
C1m1,8,140,158,greedy,0,2
C1m1,8,140,158,sloppy,0,3
C1m1,8,140,159,greedy,1,6
C1m1,8,140,159,sloppy,0,1
C1m1,8,20,20,greedy,0,2
C1m1,8,20,20,sloppy,0,2
C1m1,8,20,21,greedy,0,3
C1m1,8,20,21,sloppy,0,4
C1m1,8,20,22,greedy,0,2
C1m1,8,20,22,sloppy,0,0
C1m1,8,20,23,greedy,0,2
C1m1,8,20,23,sloppy,0,1
C1m1,8,20,24,greedy,0,5
C1m1,8,20,24,sloppy,0,3
C1m1,8,20,25,greedy,0,1
C1m1,8,20,25,sloppy,0,5
C1m1,8,20,26,greedy,0,2
C1m1,8,20,26,sloppy,0,2
C1m1,8,20,27,greedy,1,6
C1m1,8,20,27,sloppy,0,0
C1m1,8,20,28,greedy,1,6
C1m1,8,20,28,sloppy,0,3
C1m1,8,20,29,greedy,0,3
C1m1,8,20,29,sloppy,0,3
C1m1,8,20,30,greedy,0,4
C1m1,8,20,30,sloppy,0,1
C1m1,8,20,31,greedy,0,3
C1m1,8,20,31,sloppy,0,3
C1m1,8,20,32,greedy,1,6
C1m1,8,20,32,sloppy,1,6
C1m1,8,20,33,greedy,0,4
C1m1,8,20,33,sloppy,0,4
C1m1,8,20,34,greedy,1,6
C1m1,8,20,34,sloppy,0,4
C1m1,8,20,35,greedy,0,1
C1m1,8,20,35,sloppy,0,2
C1m1,8,20,36,greedy,0,2
C1m1,8,20,36,sloppy,0,2
C1m1,8,20,37,greedy,0,5
C1m1,8,20,37,sloppy,1,6
C1m1,8,20,38,greedy,0,3
C1m1,8,20,38,sloppy,0,2
C1m1,8,20,39,greedy,0,2
C1m1,8,20,39,sloppy,0,2
C1m1,8,40,40,greedy,0,2
C1m1,8,40,40,sloppy,0,3
C1m1,8,40,41,greedy,0,5
C1m1,8,40,41,sloppy,0,3
C1m1,8,40,42,greedy,0,5
C1m1,8,40,42,sloppy,0,4
C1m1,8,40,43,greedy,0,3
C1m1,8,40,43,sloppy,0,3
C1m1,8,40,44,greedy,0,3
C1m1,8,40,44,sloppy,0,2
C1m1,8,40,45,greedy,0,4
C1m1,8,40,45,sloppy,0,4
C1m1,8,40,46,greedy,0,5
C1m1,8,40,46,sloppy,0,5
C1m1,8,40,47,greedy,0,3
C1m1,8,40,47,sloppy,0,5
C1m1,8,40,48,greedy,0,2
C1m1,8,40,48,sloppy,0,2
C1m1,8,40,49,greedy,0,3
C1m1,8,40,49,sloppy,0,3
C1m1,8,40,50,greedy,0,4
C1m1,8,40,50,sloppy,0,2
C1m1,8,40,51,greedy,0,1
C1m1,8,40,51,sloppy,0,0
C1m1,8,40,52,greedy,0,4
C1m1,8,40,52,sloppy,0,1
C1m1,8,40,53,greedy,0,2
C1m1,8,40,53,sloppy,0,2
C1m1,8,40,54,greedy,0,2
C1m1,8,40,54,sloppy,0,2
C1m1,8,40,55,greedy,0,3
C1m1,8,40,55,sloppy,0,2
C1m1,8,40,56,greedy,0,1
C1m1,8,40,56,sloppy,0,1
C1m1,8,40,57,greedy,0,2
C1m1,8,40,57,sloppy,0,3
C1m1,8,40,58,greedy,0,2
C1m1,8,40,58,sloppy,0,2
C1m1,8,40,59,greedy,0,5
C1m1,8,40,59,sloppy,0,2
C1m1,8,60,60,greedy,0,3
C1m1,8,60,60,sloppy,0,2
C1m1,8,60,61,greedy,0,2
C1m1,8,60,61,sloppy,0,5
C1m1,8,60,62,greedy,0,2
C1m1,8,60,62,sloppy,0,2
C1m1,8,60,63,greedy,1,6
C1m1,8,60,63,sloppy,0,3
C1m1,8,60,64,greedy,0,2
C1m1,8,60,64,sloppy,0,1
C1m1,8,60,65,greedy,0,1
C1m1,8,60,65,sloppy,0,1
C1m1,8,60,66,greedy,0,2
C1m1,8,60,66,sloppy,0,2
C1m1,8,60,67,greedy,0,1
C1m1,8,60,67,sloppy,0,2
C1m1,8,60,68,greedy,0,3
C1m1,8,60,68,sloppy,0,2
C1m1,8,60,69,greedy,0,5
C1m1,8,60,69,sloppy,0,3
C1m1,8,60,70,greedy,0,1
C1m1,8,60,70,sloppy,0,1
C1m1,8,60,71,greedy,0,2
C1m1,8,60,71,sloppy,0,2
C1m1,8,60,72,greedy,0,4
C1m1,8,60,72,sloppy,0,4
C1m1,8,60,73,greedy,1,6
C1m1,8,60,73,sloppy,0,5
C1m1,8,60,74,greedy,0,2
C1m1,8,60,74,sloppy,0,2
C1m1,8,60,75,greedy,0,1
C1m1,8,60,75,sloppy,0,5
C1m1,8,60,76,greedy,0,2
C1m1,8,60,76,sloppy,0,2
C1m1,8,60,77,greedy,0,2
C1m1,8,60,77,sloppy,1,6
C1m1,8,60,78,greedy,0,2
C1m1,8,60,78,sloppy,0,2
C1m1,8,60,79,greedy,0,3
C1m1,8,60,79,sloppy,0,2
C1m1,8,80,80,greedy,0,2
C1m1,8,80,80,sloppy,0,1
C1m1,8,80,81,greedy,0,3
C1m1,8,80,81,sloppy,1,6
C1m1,8,80,82,greedy,0,3
C1m1,8,80,82,sloppy,1,6
C1m1,8,80,83,greedy,0,0
C1m1,8,80,83,sloppy,0,3
C1m1,8,80,84,greedy,1,6
C1m1,8,80,84,sloppy,0,3
C1m1,8,80,85,greedy,0,5
C1m1,8,80,85,sloppy,0,5
C1m1,8,80,86,greedy,0,1
C1m1,8,80,86,sloppy,0,1
C1m1,8,80,87,greedy,0,1
C1m1,8,80,87,sloppy,0,1
C1m1,8,80,88,greedy,0,2
C1m1,8,80,88,sloppy,0,2
C1m1,8,80,89,greedy,0,2
C1m1,8,80,89,sloppy,0,3
C1m1,8,80,90,greedy,0,3
C1m1,8,80,90,sloppy,0,0
C1m1,8,80,91,greedy,0,2
C1m1,8,80,91,sloppy,0,3
C1m1,8,80,92,greedy,0,5
C1m1,8,80,92,sloppy,0,4
C1m1,8,80,93,greedy,0,1
C1m1,8,80,93,sloppy,0,1
C1m1,8,80,94,greedy,0,2
C1m1,8,80,94,sloppy,0,2
C1m1,8,80,95,greedy,0,2
C1m1,8,80,95,sloppy,0,1
C1m1,8,80,96,greedy,0,4
C1m1,8,80,96,sloppy,0,4
C1m1,8,80,97,greedy,0,3
C1m1,8,80,97,sloppy,0,4
C1m1,8,80,98,greedy,0,4
C1m1,8,80,98,sloppy,0,4
C1m1,8,80,99,greedy,0,4
C1m1,8,80,99,sloppy,1,6
C1m2,4,0,0,greedy,0,4
C1m2,4,0,0,sloppy,0,2
C1m2,4,0,1,greedy,1,6
C1m2,4,0,1,sloppy,0,2
C1m2,4,0,2,greedy,0,3
C1m2,4,0,2,sloppy,0,2
C1m2,4,0,3,greedy,0,5
C1m2,4,0,3,sloppy,0,5
C1m2,4,0,4,greedy,0,2
C1m2,4,0,4,sloppy,0,2
C1m2,4,0,5,greedy,1,6
C1m2,4,0,5,sloppy,1,6
C1m2,4,0,6,greedy,0,5
C1m2,4,0,6,sloppy,0,2
C1m2,4,0,7,greedy,1,6
C1m2,4,0,7,sloppy,1,6
C1m2,4,0,8,greedy,0,3
C1m2,4,0,8,sloppy,0,3
C1m2,4,0,9,greedy,0,5
C1m2,4,0,9,sloppy,1,6
C1m2,4,0,10,greedy,0,5
C1m2,4,0,10,sloppy,0,1
C1m2,4,0,11,greedy,0,3
C1m2,4,0,11,sloppy,0,5
C1m2,4,0,12,greedy,1,6
C1m2,4,0,12,sloppy,1,6
C1m2,4,0,13,greedy,0,5
C1m2,4,0,13,sloppy,0,5
C1m2,4,0,14,greedy,0,2
C1m2,4,0,14,sloppy,0,3
C1m2,4,0,15,greedy,1,6
C1m2,4,0,15,sloppy,1,6
C1m2,4,0,16,greedy,0,5
C1m2,4,0,16,sloppy,0,1
C1m2,4,0,17,greedy,0,5
C1m2,4,0,17,sloppy,1,6
C1m2,4,0,18,greedy,0,2
C1m2,4,0,18,sloppy,0,2
C1m2,4,0,19,greedy,0,5
C1m2,4,0,19,sloppy,0,3
C1m2,4,100,100,greedy,0,1
C1m2,4,100,100,sloppy,0,5
C1m2,4,100,101,greedy,1,6
C1m2,4,100,101,sloppy,1,6
C1m2,4,100,102,greedy,0,1
C1m2,4,100,102,sloppy,0,4
C1m2,4,100,103,greedy,0,2
C1m2,4,100,103,sloppy,0,2
C1m2,4,100,104,greedy,0,3
C1m2,4,100,104,sloppy,0,3
C1m2,4,100,105,greedy,0,5
C1m2,4,100,105,sloppy,1,6
C1m2,4,100,106,greedy,0,5
C1m2,4,100,106,sloppy,1,6
C1m2,4,100,107,greedy,0,5
C1m2,4,100,107,sloppy,0,5
C1m2,4,100,108,greedy,0,2
C1m2,4,100,108,sloppy,0,2
C1m2,4,100,109,greedy,1,6
C1m2,4,100,109,sloppy,0,4
C1m2,4,100,110,greedy,0,0
C1m2,4,100,110,sloppy,0,3
C1m2,4,100,111,greedy,0,2
C1m2,4,100,111,sloppy,0,2
C1m2,4,100,112,greedy,0,0
C1m2,4,100,112,sloppy,0,0
C1m2,4,100,113,greedy,0,1
C1m2,4,100,113,sloppy,0,1
C1m2,4,100,114,greedy,1,6
C1m2,4,100,114,sloppy,1,6
C1m2,4,100,115,greedy,0,5
C1m2,4,100,115,sloppy,0,2
C1m2,4,100,116,greedy,0,1
C1m2,4,100,116,sloppy,0,1
C1m2,4,100,117,greedy,0,2
C1m2,4,100,117,sloppy,0,2
C1m2,4,100,118,greedy,1,6
C1m2,4,100,118,sloppy,0,5
C1m2,4,100,119,greedy,0,3
C1m2,4,100,119,sloppy,0,2
C1m2,4,120,120,greedy,1,6
C1m2,4,120,120,sloppy,0,5
C1m2,4,120,121,greedy,0,0
C1m2,4,120,121,sloppy,0,4
C1m2,4,120,122,greedy,1,6
C1m2,4,120,122,sloppy,1,6
C1m2,4,120,123,greedy,0,3
C1m2,4,120,123,sloppy,0,5
C1m2,4,120,124,greedy,0,5
C1m2,4,120,124,sloppy,0,2
C1m2,4,120,125,greedy,0,1
C1m2,4,120,125,sloppy,0,5
C1m2,4,120,126,greedy,0,1
C1m2,4,120,126,sloppy,0,4
C1m2,4,120,127,greedy,0,4
C1m2,4,120,127,sloppy,0,4
C1m2,4,120,128,greedy,0,3
C1m2,4,120,128,sloppy,0,3
C1m2,4,120,129,greedy,0,2
C1m2,4,120,129,sloppy,1,6
C1m2,4,120,130,greedy,0,2
C1m2,4,120,130,sloppy,0,2
C1m2,4,120,131,greedy,0,1
C1m2,4,120,131,sloppy,0,3
C1m2,4,120,132,greedy,0,3
C1m2,4,120,132,sloppy,0,1
C1m2,4,120,133,greedy,1,6
C1m2,4,120,133,sloppy,0,3
C1m2,4,120,134,greedy,1,6
C1m2,4,120,134,sloppy,0,2
C1m2,4,120,135,greedy,0,5
C1m2,4,120,135,sloppy,1,6
C1m2,4,120,136,greedy,0,5
C1m2,4,120,136,sloppy,0,4
C1m2,4,120,137,greedy,1,6
C1m2,4,120,137,sloppy,0,5
C1m2,4,120,138,greedy,0,4
C1m2,4,120,138,sloppy,0,3
C1m2,4,120,139,greedy,0,2
C1m2,4,120,139,sloppy,0,3
C1m2,4,140,140,greedy,0,1
C1m2,4,140,140,sloppy,0,2
C1m2,4,140,141,greedy,0,2
C1m2,4,140,141,sloppy,0,2
C1m2,4,140,142,greedy,0,3
C1m2,4,140,142,sloppy,0,4
C1m2,4,140,143,greedy,1,6
C1m2,4,140,143,sloppy,1,6
C1m2,4,140,144,greedy,0,5
C1m2,4,140,144,sloppy,0,4
C1m2,4,140,145,greedy,0,3
C1m2,4,140,145,sloppy,1,6
C1m2,4,140,146,greedy,0,4
C1m2,4,140,146,sloppy,0,1
C1m2,4,140,147,greedy,0,1
C1m2,4,140,147,sloppy,0,5
C1m2,4,140,148,greedy,0,2
C1m2,4,140,148,sloppy,0,2
C1m2,4,140,149,greedy,0,5
C1m2,4,140,149,sloppy,1,6
C1m2,4,140,150,greedy,1,6
C1m2,4,140,150,sloppy,0,1
C1m2,4,140,151,greedy,0,5
C1m2,4,140,151,sloppy,0,3
C1m2,4,140,152,greedy,1,6
C1m2,4,140,152,sloppy,1,6
C1m2,4,140,153,greedy,0,5
C1m2,4,140,153,sloppy,0,5
C1m2,4,140,154,greedy,0,3
C1m2,4,140,154,sloppy,1,6
C1m2,4,140,155,greedy,0,5
C1m2,4,140,155,sloppy,0,5
C1m2,4,140,156,greedy,1,6
C1m2,4,140,156,sloppy,0,0
C1m2,4,140,157,greedy,0,1
C1m2,4,140,157,sloppy,0,5
C1m2,4,140,158,greedy,0,2
C1m2,4,140,158,sloppy,0,2
C1m2,4,140,159,greedy,0,2
C1m2,4,140,159,sloppy,0,5
C1m2,4,20,20,greedy,0,2
C1m2,4,20,20,sloppy,0,2
C1m2,4,20,21,greedy,1,6
C1m2,4,20,21,sloppy,0,1
C1m2,4,20,22,greedy,0,3
C1m2,4,20,22,sloppy,0,5
C1m2,4,20,23,greedy,1,6
C1m2,4,20,23,sloppy,0,5
C1m2,4,20,24,greedy,0,5
C1m2,4,20,24,sloppy,0,0
C1m2,4,20,25,greedy,0,5
C1m2,4,20,25,sloppy,0,5
C1m2,4,20,26,greedy,0,2
C1m2,4,20,26,sloppy,0,2
C1m2,4,20,27,greedy,0,5
C1m2,4,20,27,sloppy,1,6
C1m2,4,20,28,greedy,0,4
C1m2,4,20,28,sloppy,0,4
C1m2,4,20,29,greedy,0,3
C1m2,4,20,29,sloppy,0,3
C1m2,4,20,30,greedy,1,6
C1m2,4,20,30,sloppy,0,5
C1m2,4,20,31,greedy,1,6
C1m2,4,20,31,sloppy,1,6
C1m2,4,20,32,greedy,0,5
C1m2,4,20,32,sloppy,1,6
C1m2,4,20,33,greedy,0,0
C1m2,4,20,33,sloppy,0,4
C1m2,4,20,34,greedy,0,2
C1m2,4,20,34,sloppy,0,4
C1m2,4,20,35,greedy,0,4
C1m2,4,20,35,sloppy,0,2
C1m2,4,20,36,greedy,0,2
C1m2,4,20,36,sloppy,0,2
C1m2,4,20,37,greedy,1,6
C1m2,4,20,37,sloppy,0,5
C1m2,4,20,38,greedy,0,3
C1m2,4,20,38,sloppy,0,3
C1m2,4,20,39,greedy,1,6
C1m2,4,20,39,sloppy,0,5
C1m2,4,40,40,greedy,0,2
C1m2,4,40,40,sloppy,0,2
C1m2,4,40,41,greedy,0,5
C1m2,4,40,41,sloppy,0,5
C1m2,4,40,42,greedy,0,5
C1m2,4,40,42,sloppy,0,0
C1m2,4,40,43,greedy,0,4
C1m2,4,40,43,sloppy,0,2
C1m2,4,40,44,greedy,0,5
C1m2,4,40,44,sloppy,0,3
C1m2,4,40,45,greedy,0,4
C1m2,4,40,45,sloppy,0,4
C1m2,4,40,46,greedy,0,0
C1m2,4,40,46,sloppy,0,0
C1m2,4,40,47,greedy,1,6
C1m2,4,40,47,sloppy,1,6
C1m2,4,40,48,greedy,0,2
C1m2,4,40,48,sloppy,0,2
C1m2,4,40,49,greedy,0,5
C1m2,4,40,49,sloppy,0,5
C1m2,4,40,50,greedy,1,6
C1m2,4,40,50,sloppy,0,4
C1m2,4,40,51,greedy,0,1
C1m2,4,40,51,sloppy,0,1
C1m2,4,40,52,greedy,0,1
C1m2,4,40,52,sloppy,0,1
C1m2,4,40,53,greedy,0,3
C1m2,4,40,53,sloppy,0,3
C1m2,4,40,54,greedy,0,5
C1m2,4,40,54,sloppy,0,5
C1m2,4,40,55,greedy,1,6
C1m2,4,40,55,sloppy,1,6
C1m2,4,40,56,greedy,1,6
C1m2,4,40,56,sloppy,1,6
C1m2,4,40,57,greedy,0,5
C1m2,4,40,57,sloppy,0,3
C1m2,4,40,58,greedy,0,2
C1m2,4,40,58,sloppy,0,3
C1m2,4,40,59,greedy,0,5
C1m2,4,40,59,sloppy,0,5
C1m2,4,60,60,greedy,0,5
C1m2,4,60,60,sloppy,1,6
C1m2,4,60,61,greedy,0,5
C1m2,4,60,61,sloppy,0,2
C1m2,4,60,62,greedy,0,4
C1m2,4,60,62,sloppy,0,3
C1m2,4,60,63,greedy,0,3
C1m2,4,60,63,sloppy,0,3
C1m2,4,60,64,greedy,0,1
C1m2,4,60,64,sloppy,0,3
C1m2,4,60,65,greedy,1,6
C1m2,4,60,65,sloppy,0,5
C1m2,4,60,66,greedy,1,6
C1m2,4,60,66,sloppy,0,5
C1m2,4,60,67,greedy,0,4
C1m2,4,60,67,sloppy,0,4
C1m2,4,60,68,greedy,0,3
C1m2,4,60,68,sloppy,0,5
C1m2,4,60,69,greedy,1,6
C1m2,4,60,69,sloppy,0,2
C1m2,4,60,70,greedy,1,6
C1m2,4,60,70,sloppy,0,4
C1m2,4,60,71,greedy,1,6
C1m2,4,60,71,sloppy,0,5
C1m2,4,60,72,greedy,0,4
C1m2,4,60,72,sloppy,0,4
C1m2,4,60,73,greedy,0,5
C1m2,4,60,73,sloppy,0,3
C1m2,4,60,74,greedy,0,4
C1m2,4,60,74,sloppy,0,5
C1m2,4,60,75,greedy,0,5
C1m2,4,60,75,sloppy,0,5
C1m2,4,60,76,greedy,0,2
C1m2,4,60,76,sloppy,0,1
C1m2,4,60,77,greedy,1,6
C1m2,4,60,77,sloppy,1,6
C1m2,4,60,78,greedy,1,6
C1m2,4,60,78,sloppy,0,3
C1m2,4,60,79,greedy,1,6
C1m2,4,60,79,sloppy,1,6
C1m2,4,80,80,greedy,1,6
C1m2,4,80,80,sloppy,0,5
C1m2,4,80,81,greedy,0,2
C1m2,4,80,81,sloppy,0,3
C1m2,4,80,82,greedy,0,2
C1m2,4,80,82,sloppy,0,2
C1m2,4,80,83,greedy,0,5
C1m2,4,80,83,sloppy,0,5
C1m2,4,80,84,greedy,1,6
C1m2,4,80,84,sloppy,0,5
C1m2,4,80,85,greedy,0,3
C1m2,4,80,85,sloppy,0,5
C1m2,4,80,86,greedy,0,5
C1m2,4,80,86,sloppy,0,5
C1m2,4,80,87,greedy,0,1
C1m2,4,80,87,sloppy,0,1
C1m2,4,80,88,greedy,0,2
C1m2,4,80,88,sloppy,0,2
C1m2,4,80,89,greedy,0,2
C1m2,4,80,89,sloppy,0,4
C1m2,4,80,90,greedy,0,4
C1m2,4,80,90,sloppy,0,5
C1m2,4,80,91,greedy,0,1
C1m2,4,80,91,sloppy,0,4
C1m2,4,80,92,greedy,0,4
C1m2,4,80,92,sloppy,0,5
C1m2,4,80,93,greedy,1,6
C1m2,4,80,93,sloppy,0,5
C1m2,4,80,94,greedy,0,3
C1m2,4,80,94,sloppy,0,2
C1m2,4,80,95,greedy,0,5
C1m2,4,80,95,sloppy,1,6
C1m2,4,80,96,greedy,0,4
C1m2,4,80,96,sloppy,0,4
C1m2,4,80,97,greedy,0,2
C1m2,4,80,97,sloppy,0,2
C1m2,4,80,98,greedy,0,2
C1m2,4,80,98,sloppy,0,3
C1m2,4,80,99,greedy,0,3
C1m2,4,80,99,sloppy,0,5
C1m2,6,0,0,greedy,0,5
C1m2,6,0,0,sloppy,0,2
C1m2,6,0,1,greedy,1,6
C1m2,6,0,1,sloppy,1,6
C1m2,6,0,2,greedy,0,2
C1m2,6,0,2,sloppy,0,5
C1m2,6,0,3,greedy,0,4
C1m2,6,0,3,sloppy,0,4
C1m2,6,0,4,greedy,0,3
C1m2,6,0,4,sloppy,0,3
C1m2,6,0,5,greedy,0,5
C1m2,6,0,5,sloppy,1,6
C1m2,6,0,6,greedy,1,6
C1m2,6,0,6,sloppy,0,3
C1m2,6,0,7,greedy,1,6
C1m2,6,0,7,sloppy,0,3
C1m2,6,0,8,greedy,0,3
C1m2,6,0,8,sloppy,0,3
C1m2,6,0,9,greedy,0,3
C1m2,6,0,9,sloppy,1,6
C1m2,6,0,10,greedy,1,6
C1m2,6,0,10,sloppy,0,1
C1m2,6,0,11,greedy,0,5
C1m2,6,0,11,sloppy,1,6
C1m2,6,0,12,greedy,0,2
C1m2,6,0,12,sloppy,0,3
C1m2,6,0,13,greedy,0,5
C1m2,6,0,13,sloppy,0,5
C1m2,6,0,14,greedy,0,3
C1m2,6,0,14,sloppy,0,3
C1m2,6,0,15,greedy,1,6
C1m2,6,0,15,sloppy,1,6
C1m2,6,0,16,greedy,0,1
C1m2,6,0,16,sloppy,0,1
C1m2,6,0,17,greedy,1,6
C1m2,6,0,17,sloppy,0,5
C1m2,6,0,18,greedy,1,6
C1m2,6,0,18,sloppy,1,6
C1m2,6,0,19,greedy,0,3
C1m2,6,0,19,sloppy,0,4
C1m2,6,100,100,greedy,0,5
C1m2,6,100,100,sloppy,1,6
C1m2,6,100,101,greedy,0,3
C1m2,6,100,101,sloppy,1,6
C1m2,6,100,102,greedy,0,3
C1m2,6,100,102,sloppy,0,4
C1m2,6,100,103,greedy,0,5
C1m2,6,100,103,sloppy,1,6
C1m2,6,100,104,greedy,0,2
C1m2,6,100,104,sloppy,0,2
C1m2,6,100,105,greedy,0,3
C1m2,6,100,105,sloppy,0,1
C1m2,6,100,106,greedy,0,5
C1m2,6,100,106,sloppy,0,3
C1m2,6,100,107,greedy,0,5
C1m2,6,100,107,sloppy,1,6
C1m2,6,100,108,greedy,0,2
C1m2,6,100,108,sloppy,0,2
C1m2,6,100,109,greedy,0,2
C1m2,6,100,109,sloppy,0,4
C1m2,6,100,110,greedy,0,3
C1m2,6,100,110,sloppy,0,1
C1m2,6,100,111,greedy,0,2
C1m2,6,100,111,sloppy,0,2
C1m2,6,100,112,greedy,0,1
C1m2,6,100,112,sloppy,0,4
C1m2,6,100,113,greedy,0,5
C1m2,6,100,113,sloppy,1,6
C1m2,6,100,114,greedy,1,6
C1m2,6,100,114,sloppy,0,2
C1m2,6,100,115,greedy,0,2
C1m2,6,100,115,sloppy,0,2
C1m2,6,100,116,greedy,0,1
C1m2,6,100,116,sloppy,0,1
C1m2,6,100,117,greedy,0,2
C1m2,6,100,117,sloppy,0,2
C1m2,6,100,118,greedy,0,5
C1m2,6,100,118,sloppy,0,5
C1m2,6,100,119,greedy,0,2
C1m2,6,100,119,sloppy,0,5
C1m2,6,120,120,greedy,0,3
C1m2,6,120,120,sloppy,0,3
C1m2,6,120,121,greedy,0,2
C1m2,6,120,121,sloppy,0,2
C1m2,6,120,122,greedy,1,6
C1m2,6,120,122,sloppy,0,3
C1m2,6,120,123,greedy,1,6
C1m2,6,120,123,sloppy,1,6
C1m2,6,120,124,greedy,0,2
C1m2,6,120,124,sloppy,0,2
C1m2,6,120,125,greedy,0,1
C1m2,6,120,125,sloppy,0,1
C1m2,6,120,126,greedy,0,1
C1m2,6,120,126,sloppy,0,4
C1m2,6,120,127,greedy,1,6
C1m2,6,120,127,sloppy,1,6
C1m2,6,120,128,greedy,0,3
C1m2,6,120,128,sloppy,1,6
C1m2,6,120,129,greedy,0,5
C1m2,6,120,129,sloppy,1,6
C1m2,6,120,130,greedy,0,0
C1m2,6,120,130,sloppy,0,2
C1m2,6,120,131,greedy,1,6
C1m2,6,120,131,sloppy,0,5
C1m2,6,120,132,greedy,0,5
C1m2,6,120,132,sloppy,0,3
C1m2,6,120,133,greedy,0,5
C1m2,6,120,133,sloppy,0,5
C1m2,6,120,134,greedy,1,6
C1m2,6,120,134,sloppy,0,3
C1m2,6,120,135,greedy,0,5
C1m2,6,120,135,sloppy,0,4
C1m2,6,120,136,greedy,0,5
C1m2,6,120,136,sloppy,0,1
C1m2,6,120,137,greedy,0,5
C1m2,6,120,137,sloppy,0,5
C1m2,6,120,138,greedy,0,4
C1m2,6,120,138,sloppy,0,4
C1m2,6,120,139,greedy,0,2
C1m2,6,120,139,sloppy,0,2
C1m2,6,140,140,greedy,0,2
C1m2,6,140,140,sloppy,0,2
C1m2,6,140,141,greedy,0,2
C1m2,6,140,141,sloppy,0,2
C1m2,6,140,142,greedy,0,3
C1m2,6,140,142,sloppy,0,3
C1m2,6,140,143,greedy,1,6
C1m2,6,140,143,sloppy,1,6
C1m2,6,140,144,greedy,0,4
C1m2,6,140,144,sloppy,0,5
C1m2,6,140,145,greedy,0,2
C1m2,6,140,145,sloppy,0,5
C1m2,6,140,146,greedy,0,4
C1m2,6,140,146,sloppy,0,1
C1m2,6,140,147,greedy,1,6
C1m2,6,140,147,sloppy,0,4
C1m2,6,140,148,greedy,0,5
C1m2,6,140,148,sloppy,0,4
C1m2,6,140,149,greedy,0,2
C1m2,6,140,149,sloppy,1,6
C1m2,6,140,150,greedy,1,6
C1m2,6,140,150,sloppy,1,6
C1m2,6,140,151,greedy,0,0
C1m2,6,140,151,sloppy,0,4
C1m2,6,140,152,greedy,0,5
C1m2,6,140,152,sloppy,0,5
C1m2,6,140,153,greedy,0,4
C1m2,6,140,153,sloppy,0,4
C1m2,6,140,154,greedy,0,2
C1m2,6,140,154,sloppy,0,4
C1m2,6,140,155,greedy,1,6
C1m2,6,140,155,sloppy,1,6
C1m2,6,140,156,greedy,0,0
C1m2,6,140,156,sloppy,0,0
C1m2,6,140,157,greedy,0,5
C1m2,6,140,157,sloppy,0,3
C1m2,6,140,158,greedy,0,2
C1m2,6,140,158,sloppy,1,6
C1m2,6,140,159,greedy,0,1
C1m2,6,140,159,sloppy,0,2
C1m2,6,20,20,greedy,0,4
C1m2,6,20,20,sloppy,1,6
C1m2,6,20,21,greedy,0,4
C1m2,6,20,21,sloppy,0,4
C1m2,6,20,22,greedy,0,2
C1m2,6,20,22,sloppy,0,0
C1m2,6,20,23,greedy,0,5
C1m2,6,20,23,sloppy,0,2
C1m2,6,20,24,greedy,0,3
C1m2,6,20,24,sloppy,0,3
C1m2,6,20,25,greedy,0,1
C1m2,6,20,25,sloppy,0,5
C1m2,6,20,26,greedy,0,2
C1m2,6,20,26,sloppy,0,2
C1m2,6,20,27,greedy,0,4
C1m2,6,20,27,sloppy,0,0
C1m2,6,20,28,greedy,0,4
C1m2,6,20,28,sloppy,0,2
C1m2,6,20,29,greedy,0,1
C1m2,6,20,29,sloppy,0,1
C1m2,6,20,30,greedy,0,1
C1m2,6,20,30,sloppy,0,5
C1m2,6,20,31,greedy,0,4
C1m2,6,20,31,sloppy,0,3
C1m2,6,20,32,greedy,0,3
C1m2,6,20,32,sloppy,0,5
C1m2,6,20,33,greedy,1,6
C1m2,6,20,33,sloppy,0,3
C1m2,6,20,34,greedy,0,4
C1m2,6,20,34,sloppy,0,4
C1m2,6,20,35,greedy,0,2
C1m2,6,20,35,sloppy,0,1
C1m2,6,20,36,greedy,0,5
C1m2,6,20,36,sloppy,0,2
C1m2,6,20,37,greedy,1,6
C1m2,6,20,37,sloppy,0,1
C1m2,6,20,38,greedy,0,3
C1m2,6,20,38,sloppy,0,3
C1m2,6,20,39,greedy,0,2
C1m2,6,20,39,sloppy,0,2
C1m2,6,40,40,greedy,0,3
C1m2,6,40,40,sloppy,0,5
C1m2,6,40,41,greedy,0,3
C1m2,6,40,41,sloppy,0,5
C1m2,6,40,42,greedy,1,6
C1m2,6,40,42,sloppy,0,4
C1m2,6,40,43,greedy,0,4
C1m2,6,40,43,sloppy,0,4
C1m2,6,40,44,greedy,0,3
C1m2,6,40,44,sloppy,0,3
C1m2,6,40,45,greedy,0,3
C1m2,6,40,45,sloppy,0,4
C1m2,6,40,46,greedy,0,5
C1m2,6,40,46,sloppy,0,5
C1m2,6,40,47,greedy,1,6
C1m2,6,40,47,sloppy,0,5
C1m2,6,40,48,greedy,0,2
C1m2,6,40,48,sloppy,0,2
C1m2,6,40,49,greedy,0,5
C1m2,6,40,49,sloppy,0,2
C1m2,6,40,50,greedy,0,2
C1m2,6,40,50,sloppy,0,4
C1m2,6,40,51,greedy,0,5
C1m2,6,40,51,sloppy,0,0
C1m2,6,40,52,greedy,0,5
C1m2,6,40,52,sloppy,0,4
C1m2,6,40,53,greedy,0,2
C1m2,6,40,53,sloppy,0,3
C1m2,6,40,54,greedy,1,6
C1m2,6,40,54,sloppy,1,6
C1m2,6,40,55,greedy,0,2
C1m2,6,40,55,sloppy,0,5
C1m2,6,40,56,greedy,0,1
C1m2,6,40,56,sloppy,1,6
C1m2,6,40,57,greedy,0,2
C1m2,6,40,57,sloppy,0,2
C1m2,6,40,58,greedy,0,2
C1m2,6,40,58,sloppy,0,5
C1m2,6,40,59,greedy,0,5
C1m2,6,40,59,sloppy,1,6
C1m2,6,60,60,greedy,0,3
C1m2,6,60,60,sloppy,1,6
C1m2,6,60,61,greedy,0,5
C1m2,6,60,61,sloppy,1,6
C1m2,6,60,62,greedy,0,5
C1m2,6,60,62,sloppy,0,2
C1m2,6,60,63,greedy,1,6
C1m2,6,60,63,sloppy,0,3
C1m2,6,60,64,greedy,1,6
C1m2,6,60,64,sloppy,0,1
C1m2,6,60,65,greedy,0,2
C1m2,6,60,65,sloppy,0,5
C1m2,6,60,66,greedy,1,6
C1m2,6,60,66,sloppy,0,2
C1m2,6,60,67,greedy,0,1
C1m2,6,60,67,sloppy,0,4
C1m2,6,60,68,greedy,1,6
C1m2,6,60,68,sloppy,0,5
C1m2,6,60,69,greedy,1,6
C1m2,6,60,69,sloppy,0,3
C1m2,6,60,70,greedy,0,4
C1m2,6,60,70,sloppy,0,4
C1m2,6,60,71,greedy,1,6
C1m2,6,60,71,sloppy,0,2
C1m2,6,60,72,greedy,0,4
C1m2,6,60,72,sloppy,0,4
C1m2,6,60,73,greedy,0,5
C1m2,6,60,73,sloppy,1,6
C1m2,6,60,74,greedy,0,2
C1m2,6,60,74,sloppy,0,2
C1m2,6,60,75,greedy,0,5
C1m2,6,60,75,sloppy,0,5
C1m2,6,60,76,greedy,0,2
C1m2,6,60,76,sloppy,0,2
C1m2,6,60,77,greedy,0,2
C1m2,6,60,77,sloppy,1,6
C1m2,6,60,78,greedy,0,5
C1m2,6,60,78,sloppy,0,2
C1m2,6,60,79,greedy,0,3
C1m2,6,60,79,sloppy,1,6
C1m2,6,80,80,greedy,0,5
C1m2,6,80,80,sloppy,1,6
C1m2,6,80,81,greedy,0,3
C1m2,6,80,81,sloppy,0,3
C1m2,6,80,82,greedy,0,3
C1m2,6,80,82,sloppy,0,3
C1m2,6,80,83,greedy,0,0
C1m2,6,80,83,sloppy,0,3
C1m2,6,80,84,greedy,0,2
C1m2,6,80,84,sloppy,1,6
C1m2,6,80,85,greedy,0,5
C1m2,6,80,85,sloppy,0,5
C1m2,6,80,86,greedy,0,4
C1m2,6,80,86,sloppy,0,4
C1m2,6,80,87,greedy,0,1
C1m2,6,80,87,sloppy,0,1
C1m2,6,80,88,greedy,0,2
C1m2,6,80,88,sloppy,0,4
C1m2,6,80,89,greedy,0,4
C1m2,6,80,89,sloppy,0,2
C1m2,6,80,90,greedy,1,6
C1m2,6,80,90,sloppy,0,0
C1m2,6,80,91,greedy,0,5
C1m2,6,80,91,sloppy,0,3
C1m2,6,80,92,greedy,0,4
C1m2,6,80,92,sloppy,1,6
C1m2,6,80,93,greedy,0,1
C1m2,6,80,93,sloppy,0,2
C1m2,6,80,94,greedy,0,2
C1m2,6,80,94,sloppy,0,2
C1m2,6,80,95,greedy,0,5
C1m2,6,80,95,sloppy,0,1
C1m2,6,80,96,greedy,0,4
C1m2,6,80,96,sloppy,1,6
C1m2,6,80,97,greedy,0,4
C1m2,6,80,97,sloppy,0,4
C1m2,6,80,98,greedy,0,4
C1m2,6,80,98,sloppy,0,4
C1m2,6,80,99,greedy,1,6
C1m2,6,80,99,sloppy,1,6
C1m2,7,0,0,greedy,0,2
C1m2,7,0,0,sloppy,1,6
C1m2,7,0,1,greedy,0,4
C1m2,7,0,1,sloppy,0,3
C1m2,7,0,2,greedy,0,2
C1m2,7,0,2,sloppy,0,2
C1m2,7,0,3,greedy,0,4
C1m2,7,0,3,sloppy,0,4
C1m2,7,0,4,greedy,0,2
C1m2,7,0,4,sloppy,0,3
C1m2,7,0,5,greedy,0,3
C1m2,7,0,5,sloppy,0,5
C1m2,7,0,6,greedy,0,3
C1m2,7,0,6,sloppy,0,4
C1m2,7,0,7,greedy,0,2
C1m2,7,0,7,sloppy,0,2
C1m2,7,0,8,greedy,1,6
C1m2,7,0,8,sloppy,1,6
C1m2,7,0,9,greedy,0,3
C1m2,7,0,9,sloppy,0,3
C1m2,7,0,10,greedy,0,1
C1m2,7,0,10,sloppy,0,1
C1m2,7,0,11,greedy,0,3
C1m2,7,0,11,sloppy,0,2
C1m2,7,0,12,greedy,0,2
C1m2,7,0,12,sloppy,0,3
C1m2,7,0,13,greedy,0,5
C1m2,7,0,13,sloppy,0,2
C1m2,7,0,14,greedy,1,6
C1m2,7,0,14,sloppy,0,3
C1m2,7,0,15,greedy,1,6
C1m2,7,0,15,sloppy,1,6
C1m2,7,0,16,greedy,1,6
C1m2,7,0,16,sloppy,0,3
C1m2,7,0,17,greedy,0,4
C1m2,7,0,17,sloppy,0,4
C1m2,7,0,18,greedy,1,6
C1m2,7,0,18,sloppy,0,5
C1m2,7,0,19,greedy,0,3
C1m2,7,0,19,sloppy,0,2
C1m2,7,100,100,greedy,0,5
C1m2,7,100,100,sloppy,0,4
C1m2,7,100,101,greedy,0,3
C1m2,7,100,101,sloppy,0,3
C1m2,7,100,102,greedy,0,1
C1m2,7,100,102,sloppy,0,3
C1m2,7,100,103,greedy,0,5
C1m2,7,100,103,sloppy,1,6
C1m2,7,100,104,greedy,0,2
C1m2,7,100,104,sloppy,0,3
C1m2,7,100,105,greedy,1,6
C1m2,7,100,105,sloppy,0,3
C1m2,7,100,106,greedy,1,6
C1m2,7,100,106,sloppy,0,3
C1m2,7,100,107,greedy,0,3
C1m2,7,100,107,sloppy,0,5
C1m2,7,100,108,greedy,0,2
C1m2,7,100,108,sloppy,0,2
C1m2,7,100,109,greedy,0,2
C1m2,7,100,109,sloppy,0,3
C1m2,7,100,110,greedy,0,1
C1m2,7,100,110,sloppy,0,1
C1m2,7,100,111,greedy,0,5
C1m2,7,100,111,sloppy,0,2
C1m2,7,100,112,greedy,0,3
C1m2,7,100,112,sloppy,0,4
C1m2,7,100,113,greedy,1,6
C1m2,7,100,113,sloppy,0,5
C1m2,7,100,114,greedy,0,4
C1m2,7,100,114,sloppy,0,5
C1m2,7,100,115,greedy,0,2
C1m2,7,100,115,sloppy,0,2
C1m2,7,100,116,greedy,0,1
C1m2,7,100,116,sloppy,0,1
C1m2,7,100,117,greedy,0,2
C1m2,7,100,117,sloppy,0,2
C1m2,7,100,118,greedy,0,5
C1m2,7,100,118,sloppy,1,6
C1m2,7,100,119,greedy,1,6
C1m2,7,100,119,sloppy,0,3
C1m2,7,120,120,greedy,0,3
C1m2,7,120,120,sloppy,0,3
C1m2,7,120,121,greedy,0,2
C1m2,7,120,121,sloppy,0,2
C1m2,7,120,122,greedy,0,5
C1m2,7,120,122,sloppy,0,5
C1m2,7,120,123,greedy,0,5
C1m2,7,120,123,sloppy,1,6
C1m2,7,120,124,greedy,0,2
C1m2,7,120,124,sloppy,0,2
C1m2,7,120,125,greedy,0,1
C1m2,7,120,125,sloppy,0,1
C1m2,7,120,126,greedy,0,2
C1m2,7,120,126,sloppy,0,2
C1m2,7,120,127,greedy,1,6
C1m2,7,120,127,sloppy,0,3
C1m2,7,120,128,greedy,0,3
C1m2,7,120,128,sloppy,0,3
C1m2,7,120,129,greedy,0,5
C1m2,7,120,129,sloppy,0,5
C1m2,7,120,130,greedy,0,0
C1m2,7,120,130,sloppy,0,2
C1m2,7,120,131,greedy,1,6
C1m2,7,120,131,sloppy,0,5
C1m2,7,120,132,greedy,1,6
C1m2,7,120,132,sloppy,0,3
C1m2,7,120,133,greedy,0,5
C1m2,7,120,133,sloppy,0,3
C1m2,7,120,134,greedy,0,3
C1m2,7,120,134,sloppy,0,3
C1m2,7,120,135,greedy,0,2
C1m2,7,120,135,sloppy,0,4
C1m2,7,120,136,greedy,0,1
C1m2,7,120,136,sloppy,0,3
C1m2,7,120,137,greedy,0,3
C1m2,7,120,137,sloppy,1,6
C1m2,7,120,138,greedy,0,2
C1m2,7,120,138,sloppy,0,2
C1m2,7,120,139,greedy,0,2
C1m2,7,120,139,sloppy,0,2
C1m2,7,140,140,greedy,0,2
C1m2,7,140,140,sloppy,0,2
C1m2,7,140,141,greedy,0,2
C1m2,7,140,141,sloppy,0,2
C1m2,7,140,142,greedy,0,3
C1m2,7,140,142,sloppy,0,3
C1m2,7,140,143,greedy,0,5
C1m2,7,140,143,sloppy,0,5
C1m2,7,140,144,greedy,0,2
C1m2,7,140,144,sloppy,0,4
C1m2,7,140,145,greedy,0,2
C1m2,7,140,145,sloppy,0,3
C1m2,7,140,146,greedy,0,4
C1m2,7,140,146,sloppy,0,1
C1m2,7,140,147,greedy,0,1
C1m2,7,140,147,sloppy,0,5
C1m2,7,140,148,greedy,0,4
C1m2,7,140,148,sloppy,0,4
C1m2,7,140,149,greedy,0,3
C1m2,7,140,149,sloppy,0,3
C1m2,7,140,150,greedy,0,3
C1m2,7,140,150,sloppy,0,4
C1m2,7,140,151,greedy,0,0
C1m2,7,140,151,sloppy,0,4
C1m2,7,140,152,greedy,0,5
C1m2,7,140,152,sloppy,1,6
C1m2,7,140,153,greedy,0,5
C1m2,7,140,153,sloppy,0,5
C1m2,7,140,154,greedy,0,4
C1m2,7,140,154,sloppy,0,2
C1m2,7,140,155,greedy,1,6
C1m2,7,140,155,sloppy,0,3
C1m2,7,140,156,greedy,0,0
C1m2,7,140,156,sloppy,0,0
C1m2,7,140,157,greedy,0,3
C1m2,7,140,157,sloppy,0,5
C1m2,7,140,158,greedy,0,2
C1m2,7,140,158,sloppy,0,2
C1m2,7,140,159,greedy,0,5
C1m2,7,140,159,sloppy,0,1
C1m2,7,20,20,greedy,0,4
C1m2,7,20,20,sloppy,0,2
C1m2,7,20,21,greedy,0,4
C1m2,7,20,21,sloppy,0,4
C1m2,7,20,22,greedy,0,2
C1m2,7,20,22,sloppy,0,0
C1m2,7,20,23,greedy,0,2
C1m2,7,20,23,sloppy,0,5
C1m2,7,20,24,greedy,0,5
C1m2,7,20,24,sloppy,0,3
C1m2,7,20,25,greedy,0,5
C1m2,7,20,25,sloppy,0,5
C1m2,7,20,26,greedy,0,2
C1m2,7,20,26,sloppy,0,2
C1m2,7,20,27,greedy,0,5
C1m2,7,20,27,sloppy,0,0
C1m2,7,20,28,greedy,0,3
C1m2,7,20,28,sloppy,0,3
C1m2,7,20,29,greedy,0,3
C1m2,7,20,29,sloppy,0,3
C1m2,7,20,30,greedy,0,5
C1m2,7,20,30,sloppy,0,4
C1m2,7,20,31,greedy,0,3
C1m2,7,20,31,sloppy,0,3
C1m2,7,20,32,greedy,1,6
C1m2,7,20,32,sloppy,0,3
C1m2,7,20,33,greedy,0,3
C1m2,7,20,33,sloppy,0,5
C1m2,7,20,34,greedy,0,4
C1m2,7,20,34,sloppy,1,6
C1m2,7,20,35,greedy,0,2
C1m2,7,20,35,sloppy,0,2
C1m2,7,20,36,greedy,0,2
C1m2,7,20,36,sloppy,0,2
C1m2,7,20,37,greedy,1,6
C1m2,7,20,37,sloppy,1,6
C1m2,7,20,38,greedy,0,3
C1m2,7,20,38,sloppy,0,3
C1m2,7,20,39,greedy,0,2
C1m2,7,20,39,sloppy,0,2
C1m2,7,40,40,greedy,0,5
C1m2,7,40,40,sloppy,1,6
C1m2,7,40,41,greedy,1,6
C1m2,7,40,41,sloppy,1,6
C1m2,7,40,42,greedy,0,5
C1m2,7,40,42,sloppy,0,4
C1m2,7,40,43,greedy,0,3
C1m2,7,40,43,sloppy,0,4
C1m2,7,40,44,greedy,0,2
C1m2,7,40,44,sloppy,0,2
C1m2,7,40,45,greedy,0,3
C1m2,7,40,45,sloppy,0,1
C1m2,7,40,46,greedy,0,2
C1m2,7,40,46,sloppy,0,5
C1m2,7,40,47,greedy,0,5
C1m2,7,40,47,sloppy,0,3
C1m2,7,40,48,greedy,0,2
C1m2,7,40,48,sloppy,0,2
C1m2,7,40,49,greedy,0,5
C1m2,7,40,49,sloppy,0,3
C1m2,7,40,50,greedy,0,4
C1m2,7,40,50,sloppy,0,2
C1m2,7,40,51,greedy,1,6
C1m2,7,40,51,sloppy,0,0
C1m2,7,40,52,greedy,0,4
C1m2,7,40,52,sloppy,0,1
C1m2,7,40,53,greedy,0,2
C1m2,7,40,53,sloppy,0,2
C1m2,7,40,54,greedy,0,2
C1m2,7,40,54,sloppy,0,5
C1m2,7,40,55,greedy,0,4
C1m2,7,40,55,sloppy,0,4
C1m2,7,40,56,greedy,0,5
C1m2,7,40,56,sloppy,0,1
C1m2,7,40,57,greedy,0,5
C1m2,7,40,57,sloppy,0,5
C1m2,7,40,58,greedy,0,2
C1m2,7,40,58,sloppy,0,2
C1m2,7,40,59,greedy,0,2
C1m2,7,40,59,sloppy,0,2
C1m2,7,60,60,greedy,0,3
C1m2,7,60,60,sloppy,0,2
C1m2,7,60,61,greedy,0,5
C1m2,7,60,61,sloppy,1,6
C1m2,7,60,62,greedy,0,2
C1m2,7,60,62,sloppy,0,2
C1m2,7,60,63,greedy,0,1
C1m2,7,60,63,sloppy,0,3
C1m2,7,60,64,greedy,0,3
C1m2,7,60,64,sloppy,0,3
C1m2,7,60,65,greedy,0,1
C1m2,7,60,65,sloppy,0,2
C1m2,7,60,66,greedy,0,2
C1m2,7,60,66,sloppy,0,2
C1m2,7,60,67,greedy,0,1
C1m2,7,60,67,sloppy,0,1
C1m2,7,60,68,greedy,0,5
C1m2,7,60,68,sloppy,0,5
C1m2,7,60,69,greedy,0,5
C1m2,7,60,69,sloppy,0,2
C1m2,7,60,70,greedy,0,1
C1m2,7,60,70,sloppy,1,6
C1m2,7,60,71,greedy,0,2
C1m2,7,60,71,sloppy,0,2
C1m2,7,60,72,greedy,0,4
C1m2,7,60,72,sloppy,0,4
C1m2,7,60,73,greedy,0,5
C1m2,7,60,73,sloppy,1,6
C1m2,7,60,74,greedy,1,6
C1m2,7,60,74,sloppy,0,2
C1m2,7,60,75,greedy,0,5
C1m2,7,60,75,sloppy,0,5
C1m2,7,60,76,greedy,0,2
C1m2,7,60,76,sloppy,0,2
C1m2,7,60,77,greedy,1,6
C1m2,7,60,77,sloppy,0,3
C1m2,7,60,78,greedy,1,6
C1m2,7,60,78,sloppy,0,2
C1m2,7,60,79,greedy,0,2
C1m2,7,60,79,sloppy,0,2
C1m2,7,80,80,greedy,1,6
C1m2,7,80,80,sloppy,1,6
C1m2,7,80,81,greedy,0,3
C1m2,7,80,81,sloppy,1,6
C1m2,7,80,82,greedy,0,3
C1m2,7,80,82,sloppy,0,3
C1m2,7,80,83,greedy,0,0
C1m2,7,80,83,sloppy,0,4
C1m2,7,80,84,greedy,1,6
C1m2,7,80,84,sloppy,0,5
C1m2,7,80,85,greedy,1,6
C1m2,7,80,85,sloppy,0,5
C1m2,7,80,86,greedy,0,4
C1m2,7,80,86,sloppy,0,5
C1m2,7,80,87,greedy,0,1
C1m2,7,80,87,sloppy,0,1
C1m2,7,80,88,greedy,0,2
C1m2,7,80,88,sloppy,0,2
C1m2,7,80,89,greedy,0,2
C1m2,7,80,89,sloppy,0,4
C1m2,7,80,90,greedy,1,6
C1m2,7,80,90,sloppy,0,0
C1m2,7,80,91,greedy,0,4
C1m2,7,80,91,sloppy,0,4
C1m2,7,80,92,greedy,0,2
C1m2,7,80,92,sloppy,0,4
C1m2,7,80,93,greedy,0,1
C1m2,7,80,93,sloppy,0,1
C1m2,7,80,94,greedy,0,2
C1m2,7,80,94,sloppy,0,2
C1m2,7,80,95,greedy,1,6
C1m2,7,80,95,sloppy,0,2
C1m2,7,80,96,greedy,0,4
C1m2,7,80,96,sloppy,0,4
C1m2,7,80,97,greedy,0,4
C1m2,7,80,97,sloppy,0,4
C1m2,7,80,98,greedy,0,4
C1m2,7,80,98,sloppy,0,3
C1m2,7,80,99,greedy,0,3
C1m2,7,80,99,sloppy,0,3
C1m2,8,0,0,greedy,0,1
C1m2,8,0,0,sloppy,0,2
C1m2,8,0,1,greedy,0,2
C1m2,8,0,1,sloppy,0,5
C1m2,8,0,2,greedy,0,2
C1m2,8,0,2,sloppy,0,2
C1m2,8,0,3,greedy,0,4
C1m2,8,0,3,sloppy,0,4
C1m2,8,0,4,greedy,0,3
C1m2,8,0,4,sloppy,0,3
C1m2,8,0,5,greedy,0,4
C1m2,8,0,5,sloppy,0,1
C1m2,8,0,6,greedy,0,1
C1m2,8,0,6,sloppy,0,3
C1m2,8,0,7,greedy,0,2
C1m2,8,0,7,sloppy,0,2
C1m2,8,0,8,greedy,0,3
C1m2,8,0,8,sloppy,0,3
C1m2,8,0,9,greedy,0,2
C1m2,8,0,9,sloppy,0,3
C1m2,8,0,10,greedy,0,1
C1m2,8,0,10,sloppy,0,1
C1m2,8,0,11,greedy,0,2
C1m2,8,0,11,sloppy,0,2
C1m2,8,0,12,greedy,0,2
C1m2,8,0,12,sloppy,0,3
C1m2,8,0,13,greedy,0,5
C1m2,8,0,13,sloppy,0,5
C1m2,8,0,14,greedy,0,5
C1m2,8,0,14,sloppy,0,5
C1m2,8,0,15,greedy,1,6
C1m2,8,0,15,sloppy,0,3
C1m2,8,0,16,greedy,0,1
C1m2,8,0,16,sloppy,0,3
C1m2,8,0,17,greedy,0,4
C1m2,8,0,17,sloppy,0,4
C1m2,8,0,18,greedy,1,6
C1m2,8,0,18,sloppy,0,3
C1m2,8,0,19,greedy,0,4
C1m2,8,0,19,sloppy,0,3
C1m2,8,100,100,greedy,0,4
C1m2,8,100,100,sloppy,0,5
C1m2,8,100,101,greedy,0,3
C1m2,8,100,101,sloppy,0,3
C1m2,8,100,102,greedy,0,3
C1m2,8,100,102,sloppy,0,3
C1m2,8,100,103,greedy,0,5
C1m2,8,100,103,sloppy,1,6
C1m2,8,100,104,greedy,0,2
C1m2,8,100,104,sloppy,0,2
C1m2,8,100,105,greedy,0,3
C1m2,8,100,105,sloppy,0,3
C1m2,8,100,106,greedy,1,6
C1m2,8,100,106,sloppy,0,5
C1m2,8,100,107,greedy,0,5
C1m2,8,100,107,sloppy,1,6
C1m2,8,100,108,greedy,0,2
C1m2,8,100,108,sloppy,0,2
C1m2,8,100,109,greedy,0,2
C1m2,8,100,109,sloppy,0,3
C1m2,8,100,110,greedy,0,2
C1m2,8,100,110,sloppy,0,1
C1m2,8,100,111,greedy,0,2
C1m2,8,100,111,sloppy,0,2
C1m2,8,100,112,greedy,0,3
C1m2,8,100,112,sloppy,0,4
C1m2,8,100,113,greedy,0,5
C1m2,8,100,113,sloppy,0,4
C1m2,8,100,114,greedy,0,2
C1m2,8,100,114,sloppy,0,2
C1m2,8,100,115,greedy,0,2
C1m2,8,100,115,sloppy,0,3
C1m2,8,100,116,greedy,0,3
C1m2,8,100,116,sloppy,0,1
C1m2,8,100,117,greedy,0,2
C1m2,8,100,117,sloppy,0,2
C1m2,8,100,118,greedy,0,3
C1m2,8,100,118,sloppy,0,3
C1m2,8,100,119,greedy,0,1
C1m2,8,100,119,sloppy,0,1
C1m2,8,120,120,greedy,0,3
C1m2,8,120,120,sloppy,0,3
C1m2,8,120,121,greedy,0,2
C1m2,8,120,121,sloppy,0,2
C1m2,8,120,122,greedy,0,3
C1m2,8,120,122,sloppy,0,5
C1m2,8,120,123,greedy,0,5
C1m2,8,120,123,sloppy,1,6
C1m2,8,120,124,greedy,0,2
C1m2,8,120,124,sloppy,0,2
C1m2,8,120,125,greedy,0,1
C1m2,8,120,125,sloppy,0,3
C1m2,8,120,126,greedy,0,4
C1m2,8,120,126,sloppy,0,2
C1m2,8,120,127,greedy,0,3
C1m2,8,120,127,sloppy,0,3
C1m2,8,120,128,greedy,0,3
C1m2,8,120,128,sloppy,0,3
C1m2,8,120,129,greedy,0,1
C1m2,8,120,129,sloppy,0,5
C1m2,8,120,130,greedy,0,0
C1m2,8,120,130,sloppy,0,2
C1m2,8,120,131,greedy,0,4
C1m2,8,120,131,sloppy,1,6
C1m2,8,120,132,greedy,1,6
C1m2,8,120,132,sloppy,0,3
C1m2,8,120,133,greedy,0,1
C1m2,8,120,133,sloppy,0,3
C1m2,8,120,134,greedy,0,3
C1m2,8,120,134,sloppy,0,3
C1m2,8,120,135,greedy,0,5
C1m2,8,120,135,sloppy,0,4
C1m2,8,120,136,greedy,0,1
C1m2,8,120,136,sloppy,0,1
C1m2,8,120,137,greedy,0,5
C1m2,8,120,137,sloppy,0,5
C1m2,8,120,138,greedy,0,4
C1m2,8,120,138,sloppy,0,4
C1m2,8,120,139,greedy,0,2
C1m2,8,120,139,sloppy,0,2
C1m2,8,140,140,greedy,0,2
C1m2,8,140,140,sloppy,0,2
C1m2,8,140,141,greedy,0,2
C1m2,8,140,141,sloppy,0,2
C1m2,8,140,142,greedy,0,4
C1m2,8,140,142,sloppy,0,3
C1m2,8,140,143,greedy,0,3
C1m2,8,140,143,sloppy,0,3
C1m2,8,140,144,greedy,0,4
C1m2,8,140,144,sloppy,0,2
C1m2,8,140,145,greedy,0,1
C1m2,8,140,145,sloppy,0,2
C1m2,8,140,146,greedy,1,6
C1m2,8,140,146,sloppy,0,5
C1m2,8,140,147,greedy,0,1
C1m2,8,140,147,sloppy,0,1
C1m2,8,140,148,greedy,0,3
C1m2,8,140,148,sloppy,0,4
C1m2,8,140,149,greedy,0,1
C1m2,8,140,149,sloppy,0,2
C1m2,8,140,150,greedy,0,4
C1m2,8,140,150,sloppy,0,3
C1m2,8,140,151,greedy,0,0
C1m2,8,140,151,sloppy,0,3
C1m2,8,140,152,greedy,1,6
C1m2,8,140,152,sloppy,1,6
C1m2,8,140,153,greedy,0,4
C1m2,8,140,153,sloppy,0,1
C1m2,8,140,154,greedy,0,2
C1m2,8,140,154,sloppy,0,2
C1m2,8,140,155,greedy,1,6
C1m2,8,140,155,sloppy,0,1
C1m2,8,140,156,greedy,0,0
C1m2,8,140,156,sloppy,0,0
C1m2,8,140,157,greedy,0,3
C1m2,8,140,157,sloppy,0,5
C1m2,8,140,158,greedy,0,2
C1m2,8,140,158,sloppy,0,3
C1m2,8,140,159,greedy,1,6
C1m2,8,140,159,sloppy,0,1
C1m2,8,20,20,greedy,0,2
C1m2,8,20,20,sloppy,0,2
C1m2,8,20,21,greedy,0,3
C1m2,8,20,21,sloppy,0,4
C1m2,8,20,22,greedy,0,2
C1m2,8,20,22,sloppy,0,0
C1m2,8,20,23,greedy,0,2
C1m2,8,20,23,sloppy,0,1
C1m2,8,20,24,greedy,0,5
C1m2,8,20,24,sloppy,0,3
C1m2,8,20,25,greedy,0,1
C1m2,8,20,25,sloppy,0,5
C1m2,8,20,26,greedy,0,2
C1m2,8,20,26,sloppy,0,2
C1m2,8,20,27,greedy,1,6
C1m2,8,20,27,sloppy,0,0
C1m2,8,20,28,greedy,1,6
C1m2,8,20,28,sloppy,0,3
C1m2,8,20,29,greedy,0,3
C1m2,8,20,29,sloppy,0,3
C1m2,8,20,30,greedy,0,4
C1m2,8,20,30,sloppy,0,1
C1m2,8,20,31,greedy,0,3
C1m2,8,20,31,sloppy,0,3
C1m2,8,20,32,greedy,1,6
C1m2,8,20,32,sloppy,1,6
C1m2,8,20,33,greedy,0,4
C1m2,8,20,33,sloppy,0,4
C1m2,8,20,34,greedy,1,6
C1m2,8,20,34,sloppy,0,4
C1m2,8,20,35,greedy,0,1
C1m2,8,20,35,sloppy,0,2
C1m2,8,20,36,greedy,0,2
C1m2,8,20,36,sloppy,0,2
C1m2,8,20,37,greedy,0,5
C1m2,8,20,37,sloppy,1,6
C1m2,8,20,38,greedy,0,3
C1m2,8,20,38,sloppy,0,2
C1m2,8,20,39,greedy,0,2
C1m2,8,20,39,sloppy,0,2
C1m2,8,40,40,greedy,0,2
C1m2,8,40,40,sloppy,0,3
C1m2,8,40,41,greedy,0,5
C1m2,8,40,41,sloppy,0,3
C1m2,8,40,42,greedy,0,5
C1m2,8,40,42,sloppy,0,4
C1m2,8,40,43,greedy,0,3
C1m2,8,40,43,sloppy,0,3
C1m2,8,40,44,greedy,0,3
C1m2,8,40,44,sloppy,0,2
C1m2,8,40,45,greedy,0,4
C1m2,8,40,45,sloppy,0,4
C1m2,8,40,46,greedy,0,5
C1m2,8,40,46,sloppy,0,5
C1m2,8,40,47,greedy,0,3
C1m2,8,40,47,sloppy,0,5
C1m2,8,40,48,greedy,0,2
C1m2,8,40,48,sloppy,0,2
C1m2,8,40,49,greedy,0,3
C1m2,8,40,49,sloppy,0,3
C1m2,8,40,50,greedy,0,4
C1m2,8,40,50,sloppy,0,2
C1m2,8,40,51,greedy,0,1
C1m2,8,40,51,sloppy,0,0
C1m2,8,40,52,greedy,0,4
C1m2,8,40,52,sloppy,0,1
C1m2,8,40,53,greedy,0,2
C1m2,8,40,53,sloppy,0,2
C1m2,8,40,54,greedy,0,2
C1m2,8,40,54,sloppy,0,2
C1m2,8,40,55,greedy,0,3
C1m2,8,40,55,sloppy,0,2
C1m2,8,40,56,greedy,0,1
C1m2,8,40,56,sloppy,0,1
C1m2,8,40,57,greedy,0,2
C1m2,8,40,57,sloppy,0,3
C1m2,8,40,58,greedy,0,2
C1m2,8,40,58,sloppy,0,2
C1m2,8,40,59,greedy,0,5
C1m2,8,40,59,sloppy,0,2
C1m2,8,60,60,greedy,0,3
C1m2,8,60,60,sloppy,0,2
C1m2,8,60,61,greedy,0,2
C1m2,8,60,61,sloppy,0,5
C1m2,8,60,62,greedy,0,2
C1m2,8,60,62,sloppy,0,2
C1m2,8,60,63,greedy,1,6
C1m2,8,60,63,sloppy,0,3
C1m2,8,60,64,greedy,0,2
C1m2,8,60,64,sloppy,0,1
C1m2,8,60,65,greedy,0,1
C1m2,8,60,65,sloppy,0,1
C1m2,8,60,66,greedy,0,2
C1m2,8,60,66,sloppy,0,2
C1m2,8,60,67,greedy,0,1
C1m2,8,60,67,sloppy,0,2
C1m2,8,60,68,greedy,0,3
C1m2,8,60,68,sloppy,0,2
C1m2,8,60,69,greedy,0,5
C1m2,8,60,69,sloppy,0,3
C1m2,8,60,70,greedy,0,1
C1m2,8,60,70,sloppy,0,1
C1m2,8,60,71,greedy,0,2
C1m2,8,60,71,sloppy,0,2
C1m2,8,60,72,greedy,0,4
C1m2,8,60,72,sloppy,0,4
C1m2,8,60,73,greedy,1,6
C1m2,8,60,73,sloppy,0,5
C1m2,8,60,74,greedy,0,2
C1m2,8,60,74,sloppy,0,2
C1m2,8,60,75,greedy,0,1
C1m2,8,60,75,sloppy,0,5
C1m2,8,60,76,greedy,0,2
C1m2,8,60,76,sloppy,0,2
C1m2,8,60,77,greedy,0,2
C1m2,8,60,77,sloppy,1,6
C1m2,8,60,78,greedy,0,2
C1m2,8,60,78,sloppy,0,2
C1m2,8,60,79,greedy,0,3
C1m2,8,60,79,sloppy,0,2
C1m2,8,80,80,greedy,0,2
C1m2,8,80,80,sloppy,0,1
C1m2,8,80,81,greedy,0,3
C1m2,8,80,81,sloppy,1,6
C1m2,8,80,82,greedy,0,3
C1m2,8,80,82,sloppy,1,6
C1m2,8,80,83,greedy,0,0
C1m2,8,80,83,sloppy,0,3
C1m2,8,80,84,greedy,1,6
C1m2,8,80,84,sloppy,0,3
C1m2,8,80,85,greedy,0,5
C1m2,8,80,85,sloppy,0,5
C1m2,8,80,86,greedy,0,1
C1m2,8,80,86,sloppy,0,1
C1m2,8,80,87,greedy,0,1
C1m2,8,80,87,sloppy,0,1
C1m2,8,80,88,greedy,0,2
C1m2,8,80,88,sloppy,0,2
C1m2,8,80,89,greedy,0,2
C1m2,8,80,89,sloppy,0,3
C1m2,8,80,90,greedy,0,3
C1m2,8,80,90,sloppy,0,0
C1m2,8,80,91,greedy,0,2
C1m2,8,80,91,sloppy,0,3
C1m2,8,80,92,greedy,0,5
C1m2,8,80,92,sloppy,0,4
C1m2,8,80,93,greedy,0,1
C1m2,8,80,93,sloppy,0,1
C1m2,8,80,94,greedy,0,2
C1m2,8,80,94,sloppy,0,2
C1m2,8,80,95,greedy,0,2
C1m2,8,80,95,sloppy,0,1
C1m2,8,80,96,greedy,0,4
C1m2,8,80,96,sloppy,0,4
C1m2,8,80,97,greedy,0,3
C1m2,8,80,97,sloppy,0,4
C1m2,8,80,98,greedy,0,4
C1m2,8,80,98,sloppy,0,4
C1m2,8,80,99,greedy,0,4
C1m2,8,80,99,sloppy,1,6
C1m3,4,0,0,greedy,0,4
C1m3,4,0,0,sloppy,0,2
C1m3,4,0,1,greedy,1,6
C1m3,4,0,1,sloppy,0,2
C1m3,4,0,2,greedy,0,3
C1m3,4,0,2,sloppy,0,2
C1m3,4,0,3,greedy,0,5
C1m3,4,0,3,sloppy,0,5
C1m3,4,0,4,greedy,0,2
C1m3,4,0,4,sloppy,0,2
C1m3,4,0,5,greedy,1,6
C1m3,4,0,5,sloppy,1,6
C1m3,4,0,6,greedy,0,5
C1m3,4,0,6,sloppy,0,2
C1m3,4,0,7,greedy,1,6
C1m3,4,0,7,sloppy,1,6
C1m3,4,0,8,greedy,0,3
C1m3,4,0,8,sloppy,0,3
C1m3,4,0,9,greedy,0,5
C1m3,4,0,9,sloppy,1,6
C1m3,4,0,10,greedy,0,5
C1m3,4,0,10,sloppy,0,1
C1m3,4,0,11,greedy,0,3
C1m3,4,0,11,sloppy,0,5
C1m3,4,0,12,greedy,1,6
C1m3,4,0,12,sloppy,1,6
C1m3,4,0,13,greedy,0,5
C1m3,4,0,13,sloppy,0,5
C1m3,4,0,14,greedy,0,2
C1m3,4,0,14,sloppy,0,3
C1m3,4,0,15,greedy,1,6
C1m3,4,0,15,sloppy,1,6
C1m3,4,0,16,greedy,0,5
C1m3,4,0,16,sloppy,0,1
C1m3,4,0,17,greedy,0,5
C1m3,4,0,17,sloppy,1,6
C1m3,4,0,18,greedy,0,2
C1m3,4,0,18,sloppy,0,2
C1m3,4,0,19,greedy,0,5
C1m3,4,0,19,sloppy,0,3
C1m3,4,100,100,greedy,0,1
C1m3,4,100,100,sloppy,0,5
C1m3,4,100,101,greedy,1,6
C1m3,4,100,101,sloppy,1,6
C1m3,4,100,102,greedy,0,1
C1m3,4,100,102,sloppy,0,4
C1m3,4,100,103,greedy,0,2
C1m3,4,100,103,sloppy,0,2
C1m3,4,100,104,greedy,0,3
C1m3,4,100,104,sloppy,0,3
C1m3,4,100,105,greedy,0,5
C1m3,4,100,105,sloppy,1,6
C1m3,4,100,106,greedy,0,5
C1m3,4,100,106,sloppy,1,6
C1m3,4,100,107,greedy,0,5
C1m3,4,100,107,sloppy,0,5
C1m3,4,100,108,greedy,0,2
C1m3,4,100,108,sloppy,0,2
C1m3,4,100,109,greedy,1,6
C1m3,4,100,109,sloppy,0,4
C1m3,4,100,110,greedy,0,0
C1m3,4,100,110,sloppy,0,3
C1m3,4,100,111,greedy,0,2
C1m3,4,100,111,sloppy,0,2
C1m3,4,100,112,greedy,0,0
C1m3,4,100,112,sloppy,0,0
C1m3,4,100,113,greedy,0,1
C1m3,4,100,113,sloppy,0,1
C1m3,4,100,114,greedy,1,6
C1m3,4,100,114,sloppy,1,6
C1m3,4,100,115,greedy,0,5
C1m3,4,100,115,sloppy,0,2
C1m3,4,100,116,greedy,0,1
C1m3,4,100,116,sloppy,0,1
C1m3,4,100,117,greedy,0,2
C1m3,4,100,117,sloppy,0,2
C1m3,4,100,118,greedy,1,6
C1m3,4,100,118,sloppy,0,5
C1m3,4,100,119,greedy,0,3
C1m3,4,100,119,sloppy,0,2
C1m3,4,120,120,greedy,1,6
C1m3,4,120,120,sloppy,0,5
C1m3,4,120,121,greedy,0,0
C1m3,4,120,121,sloppy,0,4
C1m3,4,120,122,greedy,1,6
C1m3,4,120,122,sloppy,1,6
C1m3,4,120,123,greedy,0,3
C1m3,4,120,123,sloppy,0,5
C1m3,4,120,124,greedy,0,5
C1m3,4,120,124,sloppy,0,2
C1m3,4,120,125,greedy,0,1
C1m3,4,120,125,sloppy,0,5
C1m3,4,120,126,greedy,0,1
C1m3,4,120,126,sloppy,0,4
C1m3,4,120,127,greedy,0,4
C1m3,4,120,127,sloppy,0,4
C1m3,4,120,128,greedy,0,3
C1m3,4,120,128,sloppy,0,3
C1m3,4,120,129,greedy,0,2
C1m3,4,120,129,sloppy,1,6
C1m3,4,120,130,greedy,0,2
C1m3,4,120,130,sloppy,0,2
C1m3,4,120,131,greedy,0,1
C1m3,4,120,131,sloppy,0,3
C1m3,4,120,132,greedy,0,3
C1m3,4,120,132,sloppy,0,1
C1m3,4,120,133,greedy,1,6
C1m3,4,120,133,sloppy,0,3
C1m3,4,120,134,greedy,1,6
C1m3,4,120,134,sloppy,0,2
C1m3,4,120,135,greedy,0,5
C1m3,4,120,135,sloppy,1,6
C1m3,4,120,136,greedy,0,5
C1m3,4,120,136,sloppy,0,4
C1m3,4,120,137,greedy,1,6
C1m3,4,120,137,sloppy,0,5
C1m3,4,120,138,greedy,0,4
C1m3,4,120,138,sloppy,0,3
C1m3,4,120,139,greedy,0,2
C1m3,4,120,139,sloppy,0,3
C1m3,4,140,140,greedy,0,1
C1m3,4,140,140,sloppy,0,2
C1m3,4,140,141,greedy,0,2
C1m3,4,140,141,sloppy,0,2
C1m3,4,140,142,greedy,0,3
C1m3,4,140,142,sloppy,0,4
C1m3,4,140,143,greedy,1,6
C1m3,4,140,143,sloppy,1,6
C1m3,4,140,144,greedy,0,5
C1m3,4,140,144,sloppy,0,4
C1m3,4,140,145,greedy,0,3
C1m3,4,140,145,sloppy,1,6
C1m3,4,140,146,greedy,0,4
C1m3,4,140,146,sloppy,0,1
C1m3,4,140,147,greedy,0,1
C1m3,4,140,147,sloppy,0,5
C1m3,4,140,148,greedy,0,2
C1m3,4,140,148,sloppy,0,2
C1m3,4,140,149,greedy,0,5
C1m3,4,140,149,sloppy,1,6
C1m3,4,140,150,greedy,1,6
C1m3,4,140,150,sloppy,0,1
C1m3,4,140,151,greedy,0,5
C1m3,4,140,151,sloppy,0,3
C1m3,4,140,152,greedy,1,6
C1m3,4,140,152,sloppy,1,6
C1m3,4,140,153,greedy,0,5
C1m3,4,140,153,sloppy,0,5
C1m3,4,140,154,greedy,0,3
C1m3,4,140,154,sloppy,1,6
C1m3,4,140,155,greedy,0,5
C1m3,4,140,155,sloppy,0,5
C1m3,4,140,156,greedy,1,6
C1m3,4,140,156,sloppy,0,0
C1m3,4,140,157,greedy,0,1
C1m3,4,140,157,sloppy,0,5
C1m3,4,140,158,greedy,0,2
C1m3,4,140,158,sloppy,0,2
C1m3,4,140,159,greedy,0,2
C1m3,4,140,159,sloppy,0,5
C1m3,4,20,20,greedy,0,2
C1m3,4,20,20,sloppy,0,2
C1m3,4,20,21,greedy,1,6
C1m3,4,20,21,sloppy,0,1
C1m3,4,20,22,greedy,0,3
C1m3,4,20,22,sloppy,0,5
C1m3,4,20,23,greedy,1,6
C1m3,4,20,23,sloppy,0,5
C1m3,4,20,24,greedy,0,5
C1m3,4,20,24,sloppy,0,0
C1m3,4,20,25,greedy,0,5
C1m3,4,20,25,sloppy,0,5
C1m3,4,20,26,greedy,0,2
C1m3,4,20,26,sloppy,0,2
C1m3,4,20,27,greedy,0,5
C1m3,4,20,27,sloppy,1,6
C1m3,4,20,28,greedy,0,4
C1m3,4,20,28,sloppy,0,4
C1m3,4,20,29,greedy,0,3
C1m3,4,20,29,sloppy,0,3
C1m3,4,20,30,greedy,1,6
C1m3,4,20,30,sloppy,0,5
C1m3,4,20,31,greedy,1,6
C1m3,4,20,31,sloppy,1,6
C1m3,4,20,32,greedy,0,5
C1m3,4,20,32,sloppy,1,6
C1m3,4,20,33,greedy,0,0
C1m3,4,20,33,sloppy,0,4
C1m3,4,20,34,greedy,0,2
C1m3,4,20,34,sloppy,0,4
C1m3,4,20,35,greedy,0,4
C1m3,4,20,35,sloppy,0,2
C1m3,4,20,36,greedy,0,2
C1m3,4,20,36,sloppy,0,2
C1m3,4,20,37,greedy,1,6
C1m3,4,20,37,sloppy,0,5
C1m3,4,20,38,greedy,0,3
C1m3,4,20,38,sloppy,0,3
C1m3,4,20,39,greedy,1,6
C1m3,4,20,39,sloppy,0,5
C1m3,4,40,40,greedy,0,2
C1m3,4,40,40,sloppy,0,2
C1m3,4,40,41,greedy,0,5
C1m3,4,40,41,sloppy,0,5
C1m3,4,40,42,greedy,0,5
C1m3,4,40,42,sloppy,0,0
C1m3,4,40,43,greedy,0,4
C1m3,4,40,43,sloppy,0,2
C1m3,4,40,44,greedy,0,5
C1m3,4,40,44,sloppy,0,3
C1m3,4,40,45,greedy,0,4
C1m3,4,40,45,sloppy,0,4
C1m3,4,40,46,greedy,0,0
C1m3,4,40,46,sloppy,0,0
C1m3,4,40,47,greedy,1,6
C1m3,4,40,47,sloppy,1,6
C1m3,4,40,48,greedy,0,2
C1m3,4,40,48,sloppy,0,2
C1m3,4,40,49,greedy,0,5
C1m3,4,40,49,sloppy,0,5
C1m3,4,40,50,greedy,1,6
C1m3,4,40,50,sloppy,0,4
C1m3,4,40,51,greedy,0,1
C1m3,4,40,51,sloppy,0,1
C1m3,4,40,52,greedy,0,1
C1m3,4,40,52,sloppy,0,1
C1m3,4,40,53,greedy,0,3
C1m3,4,40,53,sloppy,0,3
C1m3,4,40,54,greedy,0,5
C1m3,4,40,54,sloppy,0,5
C1m3,4,40,55,greedy,1,6
C1m3,4,40,55,sloppy,1,6
C1m3,4,40,56,greedy,1,6
C1m3,4,40,56,sloppy,1,6
C1m3,4,40,57,greedy,0,5
C1m3,4,40,57,sloppy,0,3
C1m3,4,40,58,greedy,0,2
C1m3,4,40,58,sloppy,0,3
C1m3,4,40,59,greedy,0,5
C1m3,4,40,59,sloppy,0,5
C1m3,4,60,60,greedy,0,5
C1m3,4,60,60,sloppy,1,6
C1m3,4,60,61,greedy,0,5
C1m3,4,60,61,sloppy,0,2
C1m3,4,60,62,greedy,0,4
C1m3,4,60,62,sloppy,0,3
C1m3,4,60,63,greedy,0,3
C1m3,4,60,63,sloppy,0,3
C1m3,4,60,64,greedy,0,1
C1m3,4,60,64,sloppy,0,3
C1m3,4,60,65,greedy,1,6
C1m3,4,60,65,sloppy,0,5
C1m3,4,60,66,greedy,1,6
C1m3,4,60,66,sloppy,0,5
C1m3,4,60,67,greedy,0,4
C1m3,4,60,67,sloppy,0,4
C1m3,4,60,68,greedy,0,3
C1m3,4,60,68,sloppy,0,5
C1m3,4,60,69,greedy,1,6
C1m3,4,60,69,sloppy,0,2
C1m3,4,60,70,greedy,1,6
C1m3,4,60,70,sloppy,0,4
C1m3,4,60,71,greedy,1,6
C1m3,4,60,71,sloppy,0,5
C1m3,4,60,72,greedy,0,4
C1m3,4,60,72,sloppy,0,4
C1m3,4,60,73,greedy,0,5
C1m3,4,60,73,sloppy,0,3
C1m3,4,60,74,greedy,0,4
C1m3,4,60,74,sloppy,0,5
C1m3,4,60,75,greedy,0,5
C1m3,4,60,75,sloppy,0,5
C1m3,4,60,76,greedy,0,2
C1m3,4,60,76,sloppy,0,1
C1m3,4,60,77,greedy,1,6
C1m3,4,60,77,sloppy,1,6
C1m3,4,60,78,greedy,1,6
C1m3,4,60,78,sloppy,0,3
C1m3,4,60,79,greedy,1,6
C1m3,4,60,79,sloppy,1,6
C1m3,4,80,80,greedy,1,6
C1m3,4,80,80,sloppy,0,5
C1m3,4,80,81,greedy,0,2
C1m3,4,80,81,sloppy,0,3
C1m3,4,80,82,greedy,0,2
C1m3,4,80,82,sloppy,0,2
C1m3,4,80,83,greedy,0,5
C1m3,4,80,83,sloppy,0,5
C1m3,4,80,84,greedy,1,6
C1m3,4,80,84,sloppy,0,5
C1m3,4,80,85,greedy,0,3
C1m3,4,80,85,sloppy,0,5
C1m3,4,80,86,greedy,0,5
C1m3,4,80,86,sloppy,0,5
C1m3,4,80,87,greedy,0,1
C1m3,4,80,87,sloppy,0,1
C1m3,4,80,88,greedy,0,2
C1m3,4,80,88,sloppy,0,2
C1m3,4,80,89,greedy,0,2
C1m3,4,80,89,sloppy,0,4
C1m3,4,80,90,greedy,0,4
C1m3,4,80,90,sloppy,0,5
C1m3,4,80,91,greedy,0,1
C1m3,4,80,91,sloppy,0,4
C1m3,4,80,92,greedy,0,4
C1m3,4,80,92,sloppy,0,5
C1m3,4,80,93,greedy,1,6
C1m3,4,80,93,sloppy,0,5
C1m3,4,80,94,greedy,0,3
C1m3,4,80,94,sloppy,0,2
C1m3,4,80,95,greedy,0,5
C1m3,4,80,95,sloppy,1,6
C1m3,4,80,96,greedy,0,4
C1m3,4,80,96,sloppy,0,4
C1m3,4,80,97,greedy,0,2
C1m3,4,80,97,sloppy,0,2
C1m3,4,80,98,greedy,0,2
C1m3,4,80,98,sloppy,0,3
C1m3,4,80,99,greedy,0,3
C1m3,4,80,99,sloppy,0,5
C1m3,6,0,0,greedy,1,6
C1m3,6,0,0,sloppy,0,2
C1m3,6,0,1,greedy,1,6
C1m3,6,0,1,sloppy,0,4
C1m3,6,0,2,greedy,0,3
C1m3,6,0,2,sloppy,0,5
C1m3,6,0,3,greedy,0,4
C1m3,6,0,3,sloppy,0,4
C1m3,6,0,4,greedy,0,3
C1m3,6,0,4,sloppy,0,3
C1m3,6,0,5,greedy,1,6
C1m3,6,0,5,sloppy,1,6
C1m3,6,0,6,greedy,0,2
C1m3,6,0,6,sloppy,0,4
C1m3,6,0,7,greedy,0,4
C1m3,6,0,7,sloppy,0,3
C1m3,6,0,8,greedy,0,3
C1m3,6,0,8,sloppy,0,3
C1m3,6,0,9,greedy,0,3
C1m3,6,0,9,sloppy,0,3
C1m3,6,0,10,greedy,1,6
C1m3,6,0,10,sloppy,0,1
C1m3,6,0,11,greedy,0,2
C1m3,6,0,11,sloppy,0,2
C1m3,6,0,12,greedy,0,2
C1m3,6,0,12,sloppy,0,3
C1m3,6,0,13,greedy,0,2
C1m3,6,0,13,sloppy,0,2
C1m3,6,0,14,greedy,0,3
C1m3,6,0,14,sloppy,0,3
C1m3,6,0,15,greedy,1,6
C1m3,6,0,15,sloppy,0,5
C1m3,6,0,16,greedy,0,1
C1m3,6,0,16,sloppy,0,1
C1m3,6,0,17,greedy,1,6
C1m3,6,0,17,sloppy,0,5
C1m3,6,0,18,greedy,0,5
C1m3,6,0,18,sloppy,1,6
C1m3,6,0,19,greedy,0,3
C1m3,6,0,19,sloppy,0,3
C1m3,6,100,100,greedy,0,5
C1m3,6,100,100,sloppy,1,6
C1m3,6,100,101,greedy,0,3
C1m3,6,100,101,sloppy,0,4
C1m3,6,100,102,greedy,0,3
C1m3,6,100,102,sloppy,0,4
C1m3,6,100,103,greedy,0,5
C1m3,6,100,103,sloppy,1,6
C1m3,6,100,104,greedy,0,2
C1m3,6,100,104,sloppy,0,2
C1m3,6,100,105,greedy,0,3
C1m3,6,100,105,sloppy,0,1
C1m3,6,100,106,greedy,0,3
C1m3,6,100,106,sloppy,0,3
C1m3,6,100,107,greedy,0,3
C1m3,6,100,107,sloppy,1,6
C1m3,6,100,108,greedy,0,2
C1m3,6,100,108,sloppy,0,2
C1m3,6,100,109,greedy,0,2
C1m3,6,100,109,sloppy,1,6
C1m3,6,100,110,greedy,0,3
C1m3,6,100,110,sloppy,0,1
C1m3,6,100,111,greedy,0,2
C1m3,6,100,111,sloppy,0,2
C1m3,6,100,112,greedy,0,1
C1m3,6,100,112,sloppy,0,5
C1m3,6,100,113,greedy,0,4
C1m3,6,100,113,sloppy,1,6
C1m3,6,100,114,greedy,0,5
C1m3,6,100,114,sloppy,0,2
C1m3,6,100,115,greedy,0,2
C1m3,6,100,115,sloppy,0,2
C1m3,6,100,116,greedy,0,1
C1m3,6,100,116,sloppy,0,1
C1m3,6,100,117,greedy,0,2
C1m3,6,100,117,sloppy,0,2
C1m3,6,100,118,greedy,0,5
C1m3,6,100,118,sloppy,0,5
C1m3,6,100,119,greedy,0,3
C1m3,6,100,119,sloppy,0,4
C1m3,6,120,120,greedy,0,3
C1m3,6,120,120,sloppy,0,3
C1m3,6,120,121,greedy,0,2
C1m3,6,120,121,sloppy,0,2
C1m3,6,120,122,greedy,0,5
C1m3,6,120,122,sloppy,0,3
C1m3,6,120,123,greedy,0,5
C1m3,6,120,123,sloppy,1,6
C1m3,6,120,124,greedy,0,2
C1m3,6,120,124,sloppy,0,2
C1m3,6,120,125,greedy,0,1
C1m3,6,120,125,sloppy,0,1
C1m3,6,120,126,greedy,0,1
C1m3,6,120,126,sloppy,0,4
C1m3,6,120,127,greedy,1,6
C1m3,6,120,127,sloppy,0,3
C1m3,6,120,128,greedy,0,3
C1m3,6,120,128,sloppy,1,6
C1m3,6,120,129,greedy,0,5
C1m3,6,120,129,sloppy,0,5
C1m3,6,120,130,greedy,0,0
C1m3,6,120,130,sloppy,0,2
C1m3,6,120,131,greedy,1,6
C1m3,6,120,131,sloppy,1,6
C1m3,6,120,132,greedy,0,5
C1m3,6,120,132,sloppy,0,3
C1m3,6,120,133,greedy,0,5
C1m3,6,120,133,sloppy,0,3
C1m3,6,120,134,greedy,1,6
C1m3,6,120,134,sloppy,0,3
C1m3,6,120,135,greedy,0,5
C1m3,6,120,135,sloppy,1,6
C1m3,6,120,136,greedy,0,4
C1m3,6,120,136,sloppy,0,1
C1m3,6,120,137,greedy,0,5
C1m3,6,120,137,sloppy,0,5
C1m3,6,120,138,greedy,0,4
C1m3,6,120,138,sloppy,0,4
C1m3,6,120,139,greedy,0,2
C1m3,6,120,139,sloppy,0,2
C1m3,6,140,140,greedy,0,2
C1m3,6,140,140,sloppy,0,2
C1m3,6,140,141,greedy,0,2
C1m3,6,140,141,sloppy,0,2
C1m3,6,140,142,greedy,0,3
C1m3,6,140,142,sloppy,0,3
C1m3,6,140,143,greedy,1,6
C1m3,6,140,143,sloppy,1,6
C1m3,6,140,144,greedy,0,4
C1m3,6,140,144,sloppy,0,5
C1m3,6,140,145,greedy,0,2
C1m3,6,140,145,sloppy,0,5
C1m3,6,140,146,greedy,1,6
C1m3,6,140,146,sloppy,0,1
C1m3,6,140,147,greedy,0,5
C1m3,6,140,147,sloppy,0,4
C1m3,6,140,148,greedy,0,4
C1m3,6,140,148,sloppy,0,4
C1m3,6,140,149,greedy,0,5
C1m3,6,140,149,sloppy,0,3
C1m3,6,140,150,greedy,1,6
C1m3,6,140,150,sloppy,0,5
C1m3,6,140,151,greedy,0,0
C1m3,6,140,151,sloppy,0,4
C1m3,6,140,152,greedy,1,6
C1m3,6,140,152,sloppy,1,6
C1m3,6,140,153,greedy,0,5
C1m3,6,140,153,sloppy,0,5
C1m3,6,140,154,greedy,0,2
C1m3,6,140,154,sloppy,0,2
C1m3,6,140,155,greedy,1,6
C1m3,6,140,155,sloppy,0,3
C1m3,6,140,156,greedy,0,0
C1m3,6,140,156,sloppy,0,0
C1m3,6,140,157,greedy,1,6
C1m3,6,140,157,sloppy,0,3
C1m3,6,140,158,greedy,0,2
C1m3,6,140,158,sloppy,0,3
C1m3,6,140,159,greedy,0,1
C1m3,6,140,159,sloppy,0,5
C1m3,6,160,160,greedy,0,5
C1m3,6,160,160,sloppy,0,5
C1m3,6,160,161,greedy,0,2
C1m3,6,160,161,sloppy,0,2
C1m3,6,160,162,greedy,1,6
C1m3,6,160,162,sloppy,0,5
C1m3,6,160,163,greedy,0,1
C1m3,6,160,163,sloppy,0,3
C1m3,6,160,164,greedy,0,3
C1m3,6,160,164,sloppy,0,5
C1m3,6,160,165,greedy,0,2
C1m3,6,160,165,sloppy,0,2
C1m3,6,160,166,greedy,0,3
C1m3,6,160,166,sloppy,0,3
C1m3,6,160,167,greedy,0,5
C1m3,6,160,167,sloppy,0,4
C1m3,6,160,168,greedy,0,2
C1m3,6,160,168,sloppy,1,6
C1m3,6,160,169,greedy,0,3
C1m3,6,160,169,sloppy,0,3
C1m3,6,160,170,greedy,0,2
C1m3,6,160,170,sloppy,1,6
C1m3,6,160,171,greedy,0,1
C1m3,6,160,171,sloppy,0,1
C1m3,6,160,172,greedy,0,4
C1m3,6,160,172,sloppy,0,4
C1m3,6,160,173,greedy,0,5
C1m3,6,160,173,sloppy,0,5
C1m3,6,160,174,greedy,0,3
C1m3,6,160,174,sloppy,0,2
C1m3,6,160,175,greedy,0,2
C1m3,6,160,175,sloppy,0,2
C1m3,6,160,176,greedy,0,4
C1m3,6,160,176,sloppy,0,5
C1m3,6,160,177,greedy,0,2
C1m3,6,160,177,sloppy,0,2
C1m3,6,160,178,greedy,1,6
C1m3,6,160,178,sloppy,0,5
C1m3,6,160,179,greedy,1,6
C1m3,6,160,179,sloppy,0,4
C1m3,6,180,180,greedy,1,6
C1m3,6,180,180,sloppy,0,5
C1m3,6,180,181,greedy,0,2
C1m3,6,180,181,sloppy,0,4
C1m3,6,180,182,greedy,0,1
C1m3,6,180,182,sloppy,1,6
C1m3,6,180,183,greedy,1,6
C1m3,6,180,183,sloppy,0,2
C1m3,6,180,184,greedy,0,5
C1m3,6,180,184,sloppy,1,6
C1m3,6,180,185,greedy,0,4
C1m3,6,180,185,sloppy,0,5
C1m3,6,180,186,greedy,0,1
C1m3,6,180,186,sloppy,0,4
C1m3,6,180,187,greedy,0,0
C1m3,6,180,187,sloppy,0,2
C1m3,6,180,188,greedy,0,4
C1m3,6,180,188,sloppy,0,4
C1m3,6,180,189,greedy,1,6
C1m3,6,180,189,sloppy,0,3
C1m3,6,180,190,greedy,0,2
C1m3,6,180,190,sloppy,0,2
C1m3,6,180,191,greedy,0,4
C1m3,6,180,191,sloppy,0,4
C1m3,6,180,192,greedy,0,5
C1m3,6,180,192,sloppy,0,2
C1m3,6,180,193,greedy,0,2
C1m3,6,180,193,sloppy,0,2
C1m3,6,180,194,greedy,0,0
C1m3,6,180,194,sloppy,0,5
C1m3,6,180,195,greedy,0,3
C1m3,6,180,195,sloppy,0,5
C1m3,6,180,196,greedy,1,6
C1m3,6,180,196,sloppy,1,6
C1m3,6,180,197,greedy,0,2
C1m3,6,180,197,sloppy,0,2
C1m3,6,180,198,greedy,0,1
C1m3,6,180,198,sloppy,0,2
C1m3,6,180,199,greedy,0,5
C1m3,6,180,199,sloppy,0,5
C1m3,6,20,20,greedy,0,2
C1m3,6,20,20,sloppy,1,6
C1m3,6,20,21,greedy,0,4
C1m3,6,20,21,sloppy,0,3
C1m3,6,20,22,greedy,0,3
C1m3,6,20,22,sloppy,0,0
C1m3,6,20,23,greedy,0,5
C1m3,6,20,23,sloppy,0,2
C1m3,6,20,24,greedy,0,3
C1m3,6,20,24,sloppy,0,3
C1m3,6,20,25,greedy,0,1
C1m3,6,20,25,sloppy,0,5
C1m3,6,20,26,greedy,0,2
C1m3,6,20,26,sloppy,0,2
C1m3,6,20,27,greedy,0,4
C1m3,6,20,27,sloppy,0,0
C1m3,6,20,28,greedy,0,3
C1m3,6,20,28,sloppy,0,3
C1m3,6,20,29,greedy,0,1
C1m3,6,20,29,sloppy,0,1
C1m3,6,20,30,greedy,0,1
C1m3,6,20,30,sloppy,0,4
C1m3,6,20,31,greedy,0,4
C1m3,6,20,31,sloppy,0,3
C1m3,6,20,32,greedy,0,3
C1m3,6,20,32,sloppy,1,6
C1m3,6,20,33,greedy,0,3
C1m3,6,20,33,sloppy,1,6
C1m3,6,20,34,greedy,0,4
C1m3,6,20,34,sloppy,0,4
C1m3,6,20,35,greedy,0,2
C1m3,6,20,35,sloppy,0,1
C1m3,6,20,36,greedy,0,5
C1m3,6,20,36,sloppy,0,2
C1m3,6,20,37,greedy,1,6
C1m3,6,20,37,sloppy,0,1
C1m3,6,20,38,greedy,0,4
C1m3,6,20,38,sloppy,0,5
C1m3,6,20,39,greedy,0,2
C1m3,6,20,39,sloppy,0,2
C1m3,6,200,200,greedy,0,2
C1m3,6,200,200,sloppy,0,2
C1m3,6,200,201,greedy,0,3
C1m3,6,200,201,sloppy,0,2
C1m3,6,200,202,greedy,0,3
C1m3,6,200,202,sloppy,0,5
C1m3,6,200,203,greedy,0,4
C1m3,6,200,203,sloppy,0,4
C1m3,6,200,204,greedy,0,5
C1m3,6,200,204,sloppy,0,4
C1m3,6,200,205,greedy,0,2
C1m3,6,200,205,sloppy,0,5
C1m3,6,200,206,greedy,0,3
C1m3,6,200,206,sloppy,0,3
C1m3,6,200,207,greedy,1,6
C1m3,6,200,207,sloppy,0,4
C1m3,6,200,208,greedy,0,4
C1m3,6,200,208,sloppy,0,4
C1m3,6,200,209,greedy,0,3
C1m3,6,200,209,sloppy,1,6
C1m3,6,200,210,greedy,0,4
C1m3,6,200,210,sloppy,0,4
C1m3,6,200,211,greedy,0,3
C1m3,6,200,211,sloppy,0,4
C1m3,6,200,212,greedy,0,3
C1m3,6,200,212,sloppy,0,5
C1m3,6,200,213,greedy,0,2
C1m3,6,200,213,sloppy,0,2
C1m3,6,200,214,greedy,1,6
C1m3,6,200,214,sloppy,0,4
C1m3,6,200,215,greedy,0,3
C1m3,6,200,215,sloppy,0,4
C1m3,6,200,216,greedy,1,6
C1m3,6,200,216,sloppy,1,6
C1m3,6,200,217,greedy,0,5
C1m3,6,200,217,sloppy,0,5
C1m3,6,200,218,greedy,0,4
C1m3,6,200,218,sloppy,0,4
C1m3,6,200,219,greedy,0,2
C1m3,6,200,219,sloppy,0,2
C1m3,6,220,220,greedy,1,6
C1m3,6,220,220,sloppy,0,2
C1m3,6,220,221,greedy,0,0
C1m3,6,220,221,sloppy,0,2
C1m3,6,220,222,greedy,0,1
C1m3,6,220,222,sloppy,0,5
C1m3,6,220,223,greedy,1,6
C1m3,6,220,223,sloppy,0,5
C1m3,6,220,224,greedy,1,6
C1m3,6,220,224,sloppy,0,2
C1m3,6,220,225,greedy,0,5
C1m3,6,220,225,sloppy,0,4
C1m3,6,220,226,greedy,0,1
C1m3,6,220,226,sloppy,0,1
C1m3,6,220,227,greedy,0,4
C1m3,6,220,227,sloppy,0,4
C1m3,6,220,228,greedy,0,2
C1m3,6,220,228,sloppy,0,2
C1m3,6,220,229,greedy,0,2
C1m3,6,220,229,sloppy,0,2
C1m3,6,220,230,greedy,1,6
C1m3,6,220,230,sloppy,1,6
C1m3,6,220,231,greedy,1,6
C1m3,6,220,231,sloppy,0,5
C1m3,6,220,232,greedy,0,3
C1m3,6,220,232,sloppy,0,0
C1m3,6,220,233,greedy,0,1
C1m3,6,220,233,sloppy,0,0
C1m3,6,220,234,greedy,0,2
C1m3,6,220,234,sloppy,0,0
C1m3,6,220,235,greedy,0,2
C1m3,6,220,235,sloppy,0,2
C1m3,6,220,236,greedy,0,2
C1m3,6,220,236,sloppy,0,1
C1m3,6,220,237,greedy,0,4
C1m3,6,220,237,sloppy,0,4
C1m3,6,220,238,greedy,0,2
C1m3,6,220,238,sloppy,0,5
C1m3,6,220,239,greedy,0,4
C1m3,6,220,239,sloppy,0,4
C1m3,6,240,240,greedy,0,3
C1m3,6,240,240,sloppy,0,3
C1m3,6,240,241,greedy,1,6
C1m3,6,240,241,sloppy,0,5
C1m3,6,240,242,greedy,0,3
C1m3,6,240,242,sloppy,0,4
C1m3,6,240,243,greedy,0,0
C1m3,6,240,243,sloppy,0,1
C1m3,6,240,244,greedy,0,3
C1m3,6,240,244,sloppy,0,3
C1m3,6,240,245,greedy,0,2
C1m3,6,240,245,sloppy,0,5
C1m3,6,240,246,greedy,0,4
C1m3,6,240,246,sloppy,0,2
C1m3,6,240,247,greedy,0,3
C1m3,6,240,247,sloppy,1,6
C1m3,6,240,248,greedy,0,4
C1m3,6,240,248,sloppy,1,6
C1m3,6,240,249,greedy,0,1
C1m3,6,240,249,sloppy,0,1
C1m3,6,240,250,greedy,0,2
C1m3,6,240,250,sloppy,0,2
C1m3,6,240,251,greedy,0,1
C1m3,6,240,251,sloppy,0,1
C1m3,6,240,252,greedy,0,4
C1m3,6,240,252,sloppy,0,5
C1m3,6,240,253,greedy,0,3
C1m3,6,240,253,sloppy,1,6
C1m3,6,240,254,greedy,1,6
C1m3,6,240,254,sloppy,1,6
C1m3,6,240,255,greedy,0,3
C1m3,6,240,255,sloppy,0,3
C1m3,6,240,256,greedy,0,4
C1m3,6,240,256,sloppy,0,5
C1m3,6,240,257,greedy,0,4
C1m3,6,240,257,sloppy,0,3
C1m3,6,240,258,greedy,0,3
C1m3,6,240,258,sloppy,0,1
C1m3,6,240,259,greedy,0,4
C1m3,6,240,259,sloppy,0,4
C1m3,6,260,260,greedy,0,5
C1m3,6,260,260,sloppy,0,5
C1m3,6,260,261,greedy,0,4
C1m3,6,260,261,sloppy,1,6
C1m3,6,260,262,greedy,0,5
C1m3,6,260,262,sloppy,1,6
C1m3,6,260,263,greedy,0,3
C1m3,6,260,263,sloppy,0,2
C1m3,6,260,264,greedy,0,2
C1m3,6,260,264,sloppy,0,2
C1m3,6,260,265,greedy,0,3
C1m3,6,260,265,sloppy,1,6
C1m3,6,260,266,greedy,0,5
C1m3,6,260,266,sloppy,0,3
C1m3,6,260,267,greedy,0,3
C1m3,6,260,267,sloppy,0,3
C1m3,6,260,268,greedy,0,2
C1m3,6,260,268,sloppy,0,1
C1m3,6,260,269,greedy,0,2
C1m3,6,260,269,sloppy,0,2
C1m3,6,260,270,greedy,0,3
C1m3,6,260,270,sloppy,0,3
C1m3,6,260,271,greedy,0,2
C1m3,6,260,271,sloppy,0,3
C1m3,6,260,272,greedy,0,2
C1m3,6,260,272,sloppy,0,2
C1m3,6,260,273,greedy,0,3
C1m3,6,260,273,sloppy,0,3
C1m3,6,260,274,greedy,0,2
C1m3,6,260,274,sloppy,0,5
C1m3,6,260,275,greedy,1,6
C1m3,6,260,275,sloppy,0,4
C1m3,6,260,276,greedy,1,6
C1m3,6,260,276,sloppy,0,5
C1m3,6,260,277,greedy,0,2
C1m3,6,260,277,sloppy,0,4
C1m3,6,260,278,greedy,1,6
C1m3,6,260,278,sloppy,1,6
C1m3,6,260,279,greedy,1,6
C1m3,6,260,279,sloppy,0,5
C1m3,6,280,280,greedy,0,5
C1m3,6,280,280,sloppy,0,5
C1m3,6,280,281,greedy,0,2
C1m3,6,280,281,sloppy,0,5
C1m3,6,280,282,greedy,0,4
C1m3,6,280,282,sloppy,0,1
C1m3,6,280,283,greedy,1,6
C1m3,6,280,283,sloppy,0,5
C1m3,6,280,284,greedy,0,1
C1m3,6,280,284,sloppy,0,5
C1m3,6,280,285,greedy,0,1
C1m3,6,280,285,sloppy,0,1
C1m3,6,280,286,greedy,0,5
C1m3,6,280,286,sloppy,0,4
C1m3,6,280,287,greedy,0,4
C1m3,6,280,287,sloppy,0,2
C1m3,6,280,288,greedy,0,2
C1m3,6,280,288,sloppy,0,2
C1m3,6,280,289,greedy,0,3
C1m3,6,280,289,sloppy,1,6
C1m3,6,280,290,greedy,0,5
C1m3,6,280,290,sloppy,0,3
C1m3,6,280,291,greedy,1,6
C1m3,6,280,291,sloppy,0,2
C1m3,6,280,292,greedy,0,1
C1m3,6,280,292,sloppy,0,4
C1m3,6,280,293,greedy,0,3
C1m3,6,280,293,sloppy,0,3
C1m3,6,280,294,greedy,0,1
C1m3,6,280,294,sloppy,0,3
C1m3,6,280,295,greedy,0,2
C1m3,6,280,295,sloppy,0,2
C1m3,6,280,296,greedy,0,3
C1m3,6,280,296,sloppy,0,4
C1m3,6,280,297,greedy,0,3
C1m3,6,280,297,sloppy,0,3
C1m3,6,280,298,greedy,0,5
C1m3,6,280,298,sloppy,1,6
C1m3,6,280,299,greedy,0,2
C1m3,6,280,299,sloppy,0,2
C1m3,6,300,300,greedy,0,1
C1m3,6,300,300,sloppy,0,5
C1m3,6,300,301,greedy,0,3
C1m3,6,300,301,sloppy,0,2
C1m3,6,300,302,greedy,0,2
C1m3,6,300,302,sloppy,0,4
C1m3,6,300,303,greedy,0,5
C1m3,6,300,303,sloppy,0,5
C1m3,6,300,304,greedy,0,2
C1m3,6,300,304,sloppy,0,2
C1m3,6,300,305,greedy,0,2
C1m3,6,300,305,sloppy,0,2
C1m3,6,300,306,greedy,0,1
C1m3,6,300,306,sloppy,0,2
C1m3,6,300,307,greedy,0,1
C1m3,6,300,307,sloppy,0,1
C1m3,6,300,308,greedy,0,2
C1m3,6,300,308,sloppy,0,5
C1m3,6,300,309,greedy,0,5
C1m3,6,300,309,sloppy,0,2
C1m3,6,300,310,greedy,0,1
C1m3,6,300,310,sloppy,0,1
C1m3,6,300,311,greedy,0,3
C1m3,6,300,311,sloppy,0,3
C1m3,6,300,312,greedy,0,1
C1m3,6,300,312,sloppy,0,2
C1m3,6,300,313,greedy,1,6
C1m3,6,300,313,sloppy,1,6
C1m3,6,300,314,greedy,1,6
C1m3,6,300,314,sloppy,0,5
C1m3,6,300,315,greedy,0,4
C1m3,6,300,315,sloppy,0,4
C1m3,6,300,316,greedy,0,2
C1m3,6,300,316,sloppy,0,0
C1m3,6,300,317,greedy,0,2
C1m3,6,300,317,sloppy,0,3
C1m3,6,300,318,greedy,1,6
C1m3,6,300,318,sloppy,0,2
C1m3,6,300,319,greedy,1,6
C1m3,6,300,319,sloppy,0,3
C1m3,6,40,40,greedy,1,6
C1m3,6,40,40,sloppy,0,5
C1m3,6,40,41,greedy,0,3
C1m3,6,40,41,sloppy,0,5
C1m3,6,40,42,greedy,0,5
C1m3,6,40,42,sloppy,1,6
C1m3,6,40,43,greedy,0,4
C1m3,6,40,43,sloppy,0,3
C1m3,6,40,44,greedy,0,3
C1m3,6,40,44,sloppy,0,2
C1m3,6,40,45,greedy,0,4
C1m3,6,40,45,sloppy,0,4
C1m3,6,40,46,greedy,0,4
C1m3,6,40,46,sloppy,0,5
C1m3,6,40,47,greedy,0,3
C1m3,6,40,47,sloppy,0,3
C1m3,6,40,48,greedy,0,2
C1m3,6,40,48,sloppy,0,2
C1m3,6,40,49,greedy,0,5
C1m3,6,40,49,sloppy,0,3
C1m3,6,40,50,greedy,0,2
C1m3,6,40,50,sloppy,0,3
C1m3,6,40,51,greedy,0,5
C1m3,6,40,51,sloppy,0,0
C1m3,6,40,52,greedy,0,5
C1m3,6,40,52,sloppy,0,5
C1m3,6,40,53,greedy,0,3
C1m3,6,40,53,sloppy,0,2
C1m3,6,40,54,greedy,0,5
C1m3,6,40,54,sloppy,0,5
C1m3,6,40,55,greedy,0,4
C1m3,6,40,55,sloppy,0,2
C1m3,6,40,56,greedy,0,1
C1m3,6,40,56,sloppy,1,6
C1m3,6,40,57,greedy,0,2
C1m3,6,40,57,sloppy,0,2
C1m3,6,40,58,greedy,0,2
C1m3,6,40,58,sloppy,0,5
C1m3,6,40,59,greedy,1,6
C1m3,6,40,59,sloppy,0,5
C1m3,6,60,60,greedy,0,3
C1m3,6,60,60,sloppy,0,3
C1m3,6,60,61,greedy,0,2
C1m3,6,60,61,sloppy,0,5
C1m3,6,60,62,greedy,0,2
C1m3,6,60,62,sloppy,0,2
C1m3,6,60,63,greedy,0,4
C1m3,6,60,63,sloppy,0,4
C1m3,6,60,64,greedy,0,3
C1m3,6,60,64,sloppy,0,1
C1m3,6,60,65,greedy,0,2
C1m3,6,60,65,sloppy,0,2
C1m3,6,60,66,greedy,0,5
C1m3,6,60,66,sloppy,0,2
C1m3,6,60,67,greedy,0,1
C1m3,6,60,67,sloppy,0,4
C1m3,6,60,68,greedy,0,5
C1m3,6,60,68,sloppy,0,2
C1m3,6,60,69,greedy,0,2
C1m3,6,60,69,sloppy,0,4
C1m3,6,60,70,greedy,0,4
C1m3,6,60,70,sloppy,0,5
C1m3,6,60,71,greedy,0,2
C1m3,6,60,71,sloppy,0,2
C1m3,6,60,72,greedy,0,4
C1m3,6,60,72,sloppy,0,4
C1m3,6,60,73,greedy,0,5
C1m3,6,60,73,sloppy,0,5
C1m3,6,60,74,greedy,0,2
C1m3,6,60,74,sloppy,0,2
C1m3,6,60,75,greedy,0,5
C1m3,6,60,75,sloppy,0,5
C1m3,6,60,76,greedy,0,2
C1m3,6,60,76,sloppy,0,2
C1m3,6,60,77,greedy,0,2
C1m3,6,60,77,sloppy,1,6
C1m3,6,60,78,greedy,0,2
C1m3,6,60,78,sloppy,0,2
C1m3,6,60,79,greedy,0,5
C1m3,6,60,79,sloppy,0,2
C1m3,6,80,80,greedy,0,5
C1m3,6,80,80,sloppy,0,5
C1m3,6,80,81,greedy,0,3
C1m3,6,80,81,sloppy,0,3
C1m3,6,80,82,greedy,0,3
C1m3,6,80,82,sloppy,0,3
C1m3,6,80,83,greedy,0,0
C1m3,6,80,83,sloppy,0,3
C1m3,6,80,84,greedy,0,3
C1m3,6,80,84,sloppy,0,3
C1m3,6,80,85,greedy,0,5
C1m3,6,80,85,sloppy,1,6
C1m3,6,80,86,greedy,0,4
C1m3,6,80,86,sloppy,0,5
C1m3,6,80,87,greedy,0,1
C1m3,6,80,87,sloppy,0,1
C1m3,6,80,88,greedy,0,2
C1m3,6,80,88,sloppy,0,2
C1m3,6,80,89,greedy,0,4
C1m3,6,80,89,sloppy,0,2
C1m3,6,80,90,greedy,0,5
C1m3,6,80,90,sloppy,0,0
C1m3,6,80,91,greedy,1,6
C1m3,6,80,91,sloppy,0,4
C1m3,6,80,92,greedy,1,6
C1m3,6,80,92,sloppy,0,4
C1m3,6,80,93,greedy,0,1
C1m3,6,80,93,sloppy,0,3
C1m3,6,80,94,greedy,0,2
C1m3,6,80,94,sloppy,0,2
C1m3,6,80,95,greedy,1,6
C1m3,6,80,95,sloppy,0,1
C1m3,6,80,96,greedy,0,4
C1m3,6,80,96,sloppy,0,4
C1m3,6,80,97,greedy,0,4
C1m3,6,80,97,sloppy,0,4
C1m3,6,80,98,greedy,0,4
C1m3,6,80,98,sloppy,0,2
C1m3,6,80,99,greedy,1,6
C1m3,6,80,99,sloppy,1,6
C1m3,7,0,0,greedy,0,2
C1m3,7,0,0,sloppy,0,5
C1m3,7,0,1,greedy,0,4
C1m3,7,0,1,sloppy,0,4
C1m3,7,0,2,greedy,0,2
C1m3,7,0,2,sloppy,0,2
C1m3,7,0,3,greedy,0,4
C1m3,7,0,3,sloppy,0,4
C1m3,7,0,4,greedy,0,3
C1m3,7,0,4,sloppy,0,3
C1m3,7,0,5,greedy,0,2
C1m3,7,0,5,sloppy,0,5
C1m3,7,0,6,greedy,0,3
C1m3,7,0,6,sloppy,0,3
C1m3,7,0,7,greedy,0,2
C1m3,7,0,7,sloppy,0,2
C1m3,7,0,8,greedy,0,5
C1m3,7,0,8,sloppy,1,6
C1m3,7,0,9,greedy,0,2
C1m3,7,0,9,sloppy,0,3
C1m3,7,0,10,greedy,0,1
C1m3,7,0,10,sloppy,0,1
C1m3,7,0,11,greedy,0,5
C1m3,7,0,11,sloppy,0,2
C1m3,7,0,12,greedy,0,3
C1m3,7,0,12,sloppy,0,3
C1m3,7,0,13,greedy,0,5
C1m3,7,0,13,sloppy,0,2
C1m3,7,0,14,greedy,1,6
C1m3,7,0,14,sloppy,0,3
C1m3,7,0,15,greedy,1,6
C1m3,7,0,15,sloppy,0,5
C1m3,7,0,16,greedy,0,3
C1m3,7,0,16,sloppy,0,3
C1m3,7,0,17,greedy,0,4
C1m3,7,0,17,sloppy,0,4
C1m3,7,0,18,greedy,1,6
C1m3,7,0,18,sloppy,0,5
C1m3,7,0,19,greedy,0,3
C1m3,7,0,19,sloppy,0,2
C1m3,7,100,100,greedy,0,5
C1m3,7,100,100,sloppy,0,5
C1m3,7,100,101,greedy,0,3
C1m3,7,100,101,sloppy,0,3
C1m3,7,100,102,greedy,0,1
C1m3,7,100,102,sloppy,0,3
C1m3,7,100,103,greedy,0,3
C1m3,7,100,103,sloppy,0,5
C1m3,7,100,104,greedy,0,2
C1m3,7,100,104,sloppy,0,2
C1m3,7,100,105,greedy,0,5
C1m3,7,100,105,sloppy,0,3
C1m3,7,100,106,greedy,0,3
C1m3,7,100,106,sloppy,0,3
C1m3,7,100,107,greedy,0,3
C1m3,7,100,107,sloppy,0,5
C1m3,7,100,108,greedy,0,2
C1m3,7,100,108,sloppy,0,2
C1m3,7,100,109,greedy,0,2
C1m3,7,100,109,sloppy,0,3
C1m3,7,100,110,greedy,0,1
C1m3,7,100,110,sloppy,0,1
C1m3,7,100,111,greedy,0,2
C1m3,7,100,111,sloppy,0,2
C1m3,7,100,112,greedy,0,3
C1m3,7,100,112,sloppy,0,4
C1m3,7,100,113,greedy,1,6
C1m3,7,100,113,sloppy,1,6
C1m3,7,100,114,greedy,0,4
C1m3,7,100,114,sloppy,0,5
C1m3,7,100,115,greedy,0,2
C1m3,7,100,115,sloppy,0,2
C1m3,7,100,116,greedy,0,1
C1m3,7,100,116,sloppy,0,1
C1m3,7,100,117,greedy,0,2
C1m3,7,100,117,sloppy,0,2
C1m3,7,100,118,greedy,1,6
C1m3,7,100,118,sloppy,1,6
C1m3,7,100,119,greedy,0,3
C1m3,7,100,119,sloppy,0,2
C1m3,7,120,120,greedy,0,3
C1m3,7,120,120,sloppy,0,3
C1m3,7,120,121,greedy,0,2
C1m3,7,120,121,sloppy,0,2
C1m3,7,120,122,greedy,1,6
C1m3,7,120,122,sloppy,0,5
C1m3,7,120,123,greedy,0,5
C1m3,7,120,123,sloppy,1,6
C1m3,7,120,124,greedy,0,2
C1m3,7,120,124,sloppy,0,2
C1m3,7,120,125,greedy,0,1
C1m3,7,120,125,sloppy,0,1
C1m3,7,120,126,greedy,0,2
C1m3,7,120,126,sloppy,0,2
C1m3,7,120,127,greedy,0,4
C1m3,7,120,127,sloppy,0,3
C1m3,7,120,128,greedy,0,3
C1m3,7,120,128,sloppy,0,3
C1m3,7,120,129,greedy,0,5
C1m3,7,120,129,sloppy,0,5
C1m3,7,120,130,greedy,0,0
C1m3,7,120,130,sloppy,0,2
C1m3,7,120,131,greedy,1,6
C1m3,7,120,131,sloppy,0,5
C1m3,7,120,132,greedy,0,3
C1m3,7,120,132,sloppy,0,3
C1m3,7,120,133,greedy,0,3
C1m3,7,120,133,sloppy,0,3
C1m3,7,120,134,greedy,0,5
C1m3,7,120,134,sloppy,0,3
C1m3,7,120,135,greedy,0,4
C1m3,7,120,135,sloppy,1,6
C1m3,7,120,136,greedy,0,1
C1m3,7,120,136,sloppy,0,3
C1m3,7,120,137,greedy,0,5
C1m3,7,120,137,sloppy,0,5
C1m3,7,120,138,greedy,0,2
C1m3,7,120,138,sloppy,0,2
C1m3,7,120,139,greedy,0,2
C1m3,7,120,139,sloppy,0,2
C1m3,7,140,140,greedy,0,2
C1m3,7,140,140,sloppy,0,2
C1m3,7,140,141,greedy,0,2
C1m3,7,140,141,sloppy,0,2
C1m3,7,140,142,greedy,0,3
C1m3,7,140,142,sloppy,0,3
C1m3,7,140,143,greedy,0,4
C1m3,7,140,143,sloppy,0,5
C1m3,7,140,144,greedy,0,2
C1m3,7,140,144,sloppy,0,5
C1m3,7,140,145,greedy,0,2
C1m3,7,140,145,sloppy,0,2
C1m3,7,140,146,greedy,0,4
C1m3,7,140,146,sloppy,0,1
C1m3,7,140,147,greedy,0,1
C1m3,7,140,147,sloppy,0,4
C1m3,7,140,148,greedy,0,4
C1m3,7,140,148,sloppy,0,4
C1m3,7,140,149,greedy,0,2
C1m3,7,140,149,sloppy,0,2
C1m3,7,140,150,greedy,0,3
C1m3,7,140,150,sloppy,0,5
C1m3,7,140,151,greedy,0,0
C1m3,7,140,151,sloppy,0,4
C1m3,7,140,152,greedy,0,5
C1m3,7,140,152,sloppy,1,6
C1m3,7,140,153,greedy,0,5
C1m3,7,140,153,sloppy,0,5
C1m3,7,140,154,greedy,0,2
C1m3,7,140,154,sloppy,0,2
C1m3,7,140,155,greedy,1,6
C1m3,7,140,155,sloppy,0,2
C1m3,7,140,156,greedy,0,0
C1m3,7,140,156,sloppy,0,0
C1m3,7,140,157,greedy,1,6
C1m3,7,140,157,sloppy,0,3
C1m3,7,140,158,greedy,0,2
C1m3,7,140,158,sloppy,0,2
C1m3,7,140,159,greedy,0,2
C1m3,7,140,159,sloppy,0,1
C1m3,7,20,20,greedy,0,4
C1m3,7,20,20,sloppy,1,6
C1m3,7,20,21,greedy,0,4
C1m3,7,20,21,sloppy,0,3
C1m3,7,20,22,greedy,0,2
C1m3,7,20,22,sloppy,0,0
C1m3,7,20,23,greedy,0,2
C1m3,7,20,23,sloppy,0,5
C1m3,7,20,24,greedy,0,3
C1m3,7,20,24,sloppy,0,3
C1m3,7,20,25,greedy,0,5
C1m3,7,20,25,sloppy,0,5
C1m3,7,20,26,greedy,0,2
C1m3,7,20,26,sloppy,0,2
C1m3,7,20,27,greedy,0,5
C1m3,7,20,27,sloppy,0,0
C1m3,7,20,28,greedy,0,4
C1m3,7,20,28,sloppy,0,3
C1m3,7,20,29,greedy,0,3
C1m3,7,20,29,sloppy,0,3
C1m3,7,20,30,greedy,0,5
C1m3,7,20,30,sloppy,0,4
C1m3,7,20,31,greedy,0,5
C1m3,7,20,31,sloppy,0,3
C1m3,7,20,32,greedy,1,6
C1m3,7,20,32,sloppy,0,3
C1m3,7,20,33,greedy,0,4
C1m3,7,20,33,sloppy,1,6
C1m3,7,20,34,greedy,0,4
C1m3,7,20,34,sloppy,1,6
C1m3,7,20,35,greedy,0,2
C1m3,7,20,35,sloppy,0,2
C1m3,7,20,36,greedy,0,2
C1m3,7,20,36,sloppy,0,2
C1m3,7,20,37,greedy,1,6
C1m3,7,20,37,sloppy,0,5
C1m3,7,20,38,greedy,0,3
C1m3,7,20,38,sloppy,0,3
C1m3,7,20,39,greedy,0,4
C1m3,7,20,39,sloppy,0,2
C1m3,7,40,40,greedy,0,2
C1m3,7,40,40,sloppy,0,5
C1m3,7,40,41,greedy,0,2
C1m3,7,40,41,sloppy,1,6
C1m3,7,40,42,greedy,0,5
C1m3,7,40,42,sloppy,0,4
C1m3,7,40,43,greedy,0,3
C1m3,7,40,43,sloppy,0,4
C1m3,7,40,44,greedy,0,2
C1m3,7,40,44,sloppy,0,2
C1m3,7,40,45,greedy,0,3
C1m3,7,40,45,sloppy,0,1
C1m3,7,40,46,greedy,0,2
C1m3,7,40,46,sloppy,0,4
C1m3,7,40,47,greedy,0,5
C1m3,7,40,47,sloppy,0,3
C1m3,7,40,48,greedy,0,2
C1m3,7,40,48,sloppy,0,2
C1m3,7,40,49,greedy,0,5
C1m3,7,40,49,sloppy,1,6
C1m3,7,40,50,greedy,0,2
C1m3,7,40,50,sloppy,0,2
C1m3,7,40,51,greedy,0,5
C1m3,7,40,51,sloppy,0,0
C1m3,7,40,52,greedy,0,4
C1m3,7,40,52,sloppy,0,1
C1m3,7,40,53,greedy,0,2
C1m3,7,40,53,sloppy,0,3
C1m3,7,40,54,greedy,0,2
C1m3,7,40,54,sloppy,0,2
C1m3,7,40,55,greedy,0,2
C1m3,7,40,55,sloppy,0,3
C1m3,7,40,56,greedy,0,5
C1m3,7,40,56,sloppy,0,1
C1m3,7,40,57,greedy,0,2
C1m3,7,40,57,sloppy,0,2
C1m3,7,40,58,greedy,0,2
C1m3,7,40,58,sloppy,0,2
C1m3,7,40,59,greedy,0,2
C1m3,7,40,59,sloppy,0,2
C1m3,7,60,60,greedy,0,5
C1m3,7,60,60,sloppy,0,5
C1m3,7,60,61,greedy,0,2
C1m3,7,60,61,sloppy,0,4
C1m3,7,60,62,greedy,0,2
C1m3,7,60,62,sloppy,0,2
C1m3,7,60,63,greedy,0,1
C1m3,7,60,63,sloppy,0,5
C1m3,7,60,64,greedy,0,3
C1m3,7,60,64,sloppy,0,3
C1m3,7,60,65,greedy,0,1
C1m3,7,60,65,sloppy,0,2
C1m3,7,60,66,greedy,0,2
C1m3,7,60,66,sloppy,0,2
C1m3,7,60,67,greedy,0,1
C1m3,7,60,67,sloppy,0,1
C1m3,7,60,68,greedy,0,5
C1m3,7,60,68,sloppy,0,5
C1m3,7,60,69,greedy,0,5
C1m3,7,60,69,sloppy,0,2
C1m3,7,60,70,greedy,0,1
C1m3,7,60,70,sloppy,1,6
C1m3,7,60,71,greedy,0,2
C1m3,7,60,71,sloppy,0,2
C1m3,7,60,72,greedy,0,4
C1m3,7,60,72,sloppy,0,4
C1m3,7,60,73,greedy,1,6
C1m3,7,60,73,sloppy,0,5
C1m3,7,60,74,greedy,0,5
C1m3,7,60,74,sloppy,0,3
C1m3,7,60,75,greedy,0,5
C1m3,7,60,75,sloppy,0,2
C1m3,7,60,76,greedy,0,2
C1m3,7,60,76,sloppy,0,2
C1m3,7,60,77,greedy,1,6
C1m3,7,60,77,sloppy,0,3
C1m3,7,60,78,greedy,0,2
C1m3,7,60,78,sloppy,0,2
C1m3,7,60,79,greedy,0,2
C1m3,7,60,79,sloppy,0,2
C1m3,7,80,80,greedy,0,2
C1m3,7,80,80,sloppy,1,6
C1m3,7,80,81,greedy,1,6
C1m3,7,80,81,sloppy,0,3
C1m3,7,80,82,greedy,0,3
C1m3,7,80,82,sloppy,0,3
C1m3,7,80,83,greedy,0,0
C1m3,7,80,83,sloppy,0,5
C1m3,7,80,84,greedy,0,5
C1m3,7,80,84,sloppy,0,5
C1m3,7,80,85,greedy,0,5
C1m3,7,80,85,sloppy,1,6
C1m3,7,80,86,greedy,0,5
C1m3,7,80,86,sloppy,0,4
C1m3,7,80,87,greedy,0,1
C1m3,7,80,87,sloppy,0,1
C1m3,7,80,88,greedy,0,2
C1m3,7,80,88,sloppy,0,2
C1m3,7,80,89,greedy,0,2
C1m3,7,80,89,sloppy,0,2
C1m3,7,80,90,greedy,1,6
C1m3,7,80,90,sloppy,0,0
C1m3,7,80,91,greedy,0,4
C1m3,7,80,91,sloppy,0,4
C1m3,7,80,92,greedy,0,3
C1m3,7,80,92,sloppy,0,3
C1m3,7,80,93,greedy,0,1
C1m3,7,80,93,sloppy,0,1
C1m3,7,80,94,greedy,0,2
C1m3,7,80,94,sloppy,0,2
C1m3,7,80,95,greedy,1,6
C1m3,7,80,95,sloppy,0,2
C1m3,7,80,96,greedy,0,4
C1m3,7,80,96,sloppy,0,4
C1m3,7,80,97,greedy,1,6
C1m3,7,80,97,sloppy,0,4
C1m3,7,80,98,greedy,0,4
C1m3,7,80,98,sloppy,0,4
C1m3,7,80,99,greedy,0,3
C1m3,7,80,99,sloppy,0,3
C1m3,8,0,0,greedy,0,1
C1m3,8,0,0,sloppy,0,2
C1m3,8,0,1,greedy,0,2
C1m3,8,0,1,sloppy,0,5
C1m3,8,0,2,greedy,0,2
C1m3,8,0,2,sloppy,0,2
C1m3,8,0,3,greedy,0,4
C1m3,8,0,3,sloppy,0,4
C1m3,8,0,4,greedy,0,3
C1m3,8,0,4,sloppy,0,3
C1m3,8,0,5,greedy,0,4
C1m3,8,0,5,sloppy,0,1
C1m3,8,0,6,greedy,0,1
C1m3,8,0,6,sloppy,0,3
C1m3,8,0,7,greedy,0,2
C1m3,8,0,7,sloppy,0,2
C1m3,8,0,8,greedy,0,3
C1m3,8,0,8,sloppy,0,3
C1m3,8,0,9,greedy,0,2
C1m3,8,0,9,sloppy,0,3
C1m3,8,0,10,greedy,0,1
C1m3,8,0,10,sloppy,0,1
C1m3,8,0,11,greedy,0,2
C1m3,8,0,11,sloppy,0,2
C1m3,8,0,12,greedy,0,2
C1m3,8,0,12,sloppy,0,3
C1m3,8,0,13,greedy,0,5
C1m3,8,0,13,sloppy,0,5
C1m3,8,0,14,greedy,0,5
C1m3,8,0,14,sloppy,0,5
C1m3,8,0,15,greedy,1,6
C1m3,8,0,15,sloppy,0,3
C1m3,8,0,16,greedy,0,1
C1m3,8,0,16,sloppy,0,3
C1m3,8,0,17,greedy,0,4
C1m3,8,0,17,sloppy,0,4
C1m3,8,0,18,greedy,1,6
C1m3,8,0,18,sloppy,0,3
C1m3,8,0,19,greedy,0,4
C1m3,8,0,19,sloppy,0,3
C1m3,8,100,100,greedy,0,4
C1m3,8,100,100,sloppy,0,5
C1m3,8,100,101,greedy,0,3
C1m3,8,100,101,sloppy,0,3
C1m3,8,100,102,greedy,0,3
C1m3,8,100,102,sloppy,0,3
C1m3,8,100,103,greedy,0,5
C1m3,8,100,103,sloppy,1,6
C1m3,8,100,104,greedy,0,2
C1m3,8,100,104,sloppy,0,2
C1m3,8,100,105,greedy,0,3
C1m3,8,100,105,sloppy,0,3
C1m3,8,100,106,greedy,1,6
C1m3,8,100,106,sloppy,0,5
C1m3,8,100,107,greedy,0,5
C1m3,8,100,107,sloppy,1,6
C1m3,8,100,108,greedy,0,2
C1m3,8,100,108,sloppy,0,2
C1m3,8,100,109,greedy,0,2
C1m3,8,100,109,sloppy,0,3
C1m3,8,100,110,greedy,0,2
C1m3,8,100,110,sloppy,0,1
C1m3,8,100,111,greedy,0,2
C1m3,8,100,111,sloppy,0,2
C1m3,8,100,112,greedy,0,3
C1m3,8,100,112,sloppy,0,4
C1m3,8,100,113,greedy,0,5
C1m3,8,100,113,sloppy,0,4
C1m3,8,100,114,greedy,0,2
C1m3,8,100,114,sloppy,0,2
C1m3,8,100,115,greedy,0,2
C1m3,8,100,115,sloppy,0,3
C1m3,8,100,116,greedy,0,3
C1m3,8,100,116,sloppy,0,1
C1m3,8,100,117,greedy,0,2
C1m3,8,100,117,sloppy,0,2
C1m3,8,100,118,greedy,0,3
C1m3,8,100,118,sloppy,0,3
C1m3,8,100,119,greedy,0,1
C1m3,8,100,119,sloppy,0,1
C1m3,8,120,120,greedy,0,3
C1m3,8,120,120,sloppy,0,3
C1m3,8,120,121,greedy,0,2
C1m3,8,120,121,sloppy,0,2
C1m3,8,120,122,greedy,0,3
C1m3,8,120,122,sloppy,0,5
C1m3,8,120,123,greedy,0,5
C1m3,8,120,123,sloppy,1,6
C1m3,8,120,124,greedy,0,2
C1m3,8,120,124,sloppy,0,2
C1m3,8,120,125,greedy,0,1
C1m3,8,120,125,sloppy,0,3
C1m3,8,120,126,greedy,0,4
C1m3,8,120,126,sloppy,0,2
C1m3,8,120,127,greedy,0,3
C1m3,8,120,127,sloppy,0,3
C1m3,8,120,128,greedy,0,3
C1m3,8,120,128,sloppy,0,3
C1m3,8,120,129,greedy,0,1
C1m3,8,120,129,sloppy,0,5
C1m3,8,120,130,greedy,0,0
C1m3,8,120,130,sloppy,0,2
C1m3,8,120,131,greedy,0,4
C1m3,8,120,131,sloppy,1,6
C1m3,8,120,132,greedy,1,6
C1m3,8,120,132,sloppy,0,3
C1m3,8,120,133,greedy,0,1
C1m3,8,120,133,sloppy,0,3
C1m3,8,120,134,greedy,0,3
C1m3,8,120,134,sloppy,0,3
C1m3,8,120,135,greedy,0,5
C1m3,8,120,135,sloppy,0,4
C1m3,8,120,136,greedy,0,1
C1m3,8,120,136,sloppy,0,1
C1m3,8,120,137,greedy,0,5
C1m3,8,120,137,sloppy,0,5
C1m3,8,120,138,greedy,0,4
C1m3,8,120,138,sloppy,0,4
C1m3,8,120,139,greedy,0,2
C1m3,8,120,139,sloppy,0,2
C1m3,8,140,140,greedy,0,2
C1m3,8,140,140,sloppy,0,2
C1m3,8,140,141,greedy,0,2
C1m3,8,140,141,sloppy,0,2
C1m3,8,140,142,greedy,0,4
C1m3,8,140,142,sloppy,0,3
C1m3,8,140,143,greedy,0,3
C1m3,8,140,143,sloppy,0,3
C1m3,8,140,144,greedy,0,4
C1m3,8,140,144,sloppy,0,2
C1m3,8,140,145,greedy,0,1
C1m3,8,140,145,sloppy,0,2
C1m3,8,140,146,greedy,1,6
C1m3,8,140,146,sloppy,0,5
C1m3,8,140,147,greedy,0,1
C1m3,8,140,147,sloppy,0,1
C1m3,8,140,148,greedy,0,3
C1m3,8,140,148,sloppy,0,4
C1m3,8,140,149,greedy,0,1
C1m3,8,140,149,sloppy,0,2
C1m3,8,140,150,greedy,0,4
C1m3,8,140,150,sloppy,0,3
C1m3,8,140,151,greedy,0,0
C1m3,8,140,151,sloppy,0,3
C1m3,8,140,152,greedy,1,6
C1m3,8,140,152,sloppy,1,6
C1m3,8,140,153,greedy,0,4
C1m3,8,140,153,sloppy,0,1
C1m3,8,140,154,greedy,0,2
C1m3,8,140,154,sloppy,0,2
C1m3,8,140,155,greedy,1,6
C1m3,8,140,155,sloppy,0,1
C1m3,8,140,156,greedy,0,0
C1m3,8,140,156,sloppy,0,0
C1m3,8,140,157,greedy,0,3
C1m3,8,140,157,sloppy,0,5
C1m3,8,140,158,greedy,0,2
C1m3,8,140,158,sloppy,0,3
C1m3,8,140,159,greedy,1,6
C1m3,8,140,159,sloppy,0,1
C1m3,8,20,20,greedy,0,2
C1m3,8,20,20,sloppy,0,2
C1m3,8,20,21,greedy,0,3
C1m3,8,20,21,sloppy,0,4
C1m3,8,20,22,greedy,0,2
C1m3,8,20,22,sloppy,0,0
C1m3,8,20,23,greedy,0,2
C1m3,8,20,23,sloppy,0,1
C1m3,8,20,24,greedy,0,5
C1m3,8,20,24,sloppy,0,3
C1m3,8,20,25,greedy,0,1
C1m3,8,20,25,sloppy,0,5
C1m3,8,20,26,greedy,0,2
C1m3,8,20,26,sloppy,0,2
C1m3,8,20,27,greedy,1,6
C1m3,8,20,27,sloppy,0,0
C1m3,8,20,28,greedy,1,6
C1m3,8,20,28,sloppy,0,3
C1m3,8,20,29,greedy,0,3
C1m3,8,20,29,sloppy,0,3
C1m3,8,20,30,greedy,0,4
C1m3,8,20,30,sloppy,0,1
C1m3,8,20,31,greedy,0,3
C1m3,8,20,31,sloppy,0,3
C1m3,8,20,32,greedy,1,6
C1m3,8,20,32,sloppy,1,6
C1m3,8,20,33,greedy,0,4
C1m3,8,20,33,sloppy,0,4
C1m3,8,20,34,greedy,1,6
C1m3,8,20,34,sloppy,0,4
C1m3,8,20,35,greedy,0,1
C1m3,8,20,35,sloppy,0,2
C1m3,8,20,36,greedy,0,2
C1m3,8,20,36,sloppy,0,2
C1m3,8,20,37,greedy,0,5
C1m3,8,20,37,sloppy,1,6
C1m3,8,20,38,greedy,0,3
C1m3,8,20,38,sloppy,0,2
C1m3,8,20,39,greedy,0,2
C1m3,8,20,39,sloppy,0,2
C1m3,8,40,40,greedy,0,2
C1m3,8,40,40,sloppy,0,3
C1m3,8,40,41,greedy,0,5
C1m3,8,40,41,sloppy,0,3
C1m3,8,40,42,greedy,0,5
C1m3,8,40,42,sloppy,0,4
C1m3,8,40,43,greedy,0,3
C1m3,8,40,43,sloppy,0,3
C1m3,8,40,44,greedy,0,3
C1m3,8,40,44,sloppy,0,2
C1m3,8,40,45,greedy,0,4
C1m3,8,40,45,sloppy,0,4
C1m3,8,40,46,greedy,0,5
C1m3,8,40,46,sloppy,0,5
C1m3,8,40,47,greedy,0,3
C1m3,8,40,47,sloppy,0,5
C1m3,8,40,48,greedy,0,2
C1m3,8,40,48,sloppy,0,2
C1m3,8,40,49,greedy,0,3
C1m3,8,40,49,sloppy,0,3
C1m3,8,40,50,greedy,0,4
C1m3,8,40,50,sloppy,0,2
C1m3,8,40,51,greedy,0,1
C1m3,8,40,51,sloppy,0,0
C1m3,8,40,52,greedy,0,4
C1m3,8,40,52,sloppy,0,1
C1m3,8,40,53,greedy,0,2
C1m3,8,40,53,sloppy,0,2
C1m3,8,40,54,greedy,0,2
C1m3,8,40,54,sloppy,0,2
C1m3,8,40,55,greedy,0,3
C1m3,8,40,55,sloppy,0,2
C1m3,8,40,56,greedy,0,1
C1m3,8,40,56,sloppy,0,1
C1m3,8,40,57,greedy,0,2
C1m3,8,40,57,sloppy,0,3
C1m3,8,40,58,greedy,0,2
C1m3,8,40,58,sloppy,0,2
C1m3,8,40,59,greedy,0,5
C1m3,8,40,59,sloppy,0,2
C1m3,8,60,60,greedy,0,3
C1m3,8,60,60,sloppy,0,2
C1m3,8,60,61,greedy,0,2
C1m3,8,60,61,sloppy,0,5
C1m3,8,60,62,greedy,0,2
C1m3,8,60,62,sloppy,0,2
C1m3,8,60,63,greedy,1,6
C1m3,8,60,63,sloppy,0,3
C1m3,8,60,64,greedy,0,2
C1m3,8,60,64,sloppy,0,1
C1m3,8,60,65,greedy,0,1
C1m3,8,60,65,sloppy,0,1
C1m3,8,60,66,greedy,0,2
C1m3,8,60,66,sloppy,0,2
C1m3,8,60,67,greedy,0,1
C1m3,8,60,67,sloppy,0,2
C1m3,8,60,68,greedy,0,3
C1m3,8,60,68,sloppy,0,2
C1m3,8,60,69,greedy,0,5
C1m3,8,60,69,sloppy,0,3
C1m3,8,60,70,greedy,0,1
C1m3,8,60,70,sloppy,0,1
C1m3,8,60,71,greedy,0,2
C1m3,8,60,71,sloppy,0,2
C1m3,8,60,72,greedy,0,4
C1m3,8,60,72,sloppy,0,4
C1m3,8,60,73,greedy,1,6
C1m3,8,60,73,sloppy,0,5
C1m3,8,60,74,greedy,0,2
C1m3,8,60,74,sloppy,0,2
C1m3,8,60,75,greedy,0,1
C1m3,8,60,75,sloppy,0,5
C1m3,8,60,76,greedy,0,2
C1m3,8,60,76,sloppy,0,2
C1m3,8,60,77,greedy,0,2
C1m3,8,60,77,sloppy,1,6
C1m3,8,60,78,greedy,0,2
C1m3,8,60,78,sloppy,0,2
C1m3,8,60,79,greedy,0,3
C1m3,8,60,79,sloppy,0,2
C1m3,8,80,80,greedy,0,2
C1m3,8,80,80,sloppy,0,1
C1m3,8,80,81,greedy,0,3
C1m3,8,80,81,sloppy,1,6
C1m3,8,80,82,greedy,0,3
C1m3,8,80,82,sloppy,1,6
C1m3,8,80,83,greedy,0,0
C1m3,8,80,83,sloppy,0,3
C1m3,8,80,84,greedy,1,6
C1m3,8,80,84,sloppy,0,3
C1m3,8,80,85,greedy,0,5
C1m3,8,80,85,sloppy,0,5
C1m3,8,80,86,greedy,0,1
C1m3,8,80,86,sloppy,0,1
C1m3,8,80,87,greedy,0,1
C1m3,8,80,87,sloppy,0,1
C1m3,8,80,88,greedy,0,2
C1m3,8,80,88,sloppy,0,2
C1m3,8,80,89,greedy,0,2
C1m3,8,80,89,sloppy,0,3
C1m3,8,80,90,greedy,0,3
C1m3,8,80,90,sloppy,0,0
C1m3,8,80,91,greedy,0,2
C1m3,8,80,91,sloppy,0,3
C1m3,8,80,92,greedy,0,5
C1m3,8,80,92,sloppy,0,4
C1m3,8,80,93,greedy,0,1
C1m3,8,80,93,sloppy,0,1
C1m3,8,80,94,greedy,0,2
C1m3,8,80,94,sloppy,0,2
C1m3,8,80,95,greedy,0,2
C1m3,8,80,95,sloppy,0,1
C1m3,8,80,96,greedy,0,4
C1m3,8,80,96,sloppy,0,4
C1m3,8,80,97,greedy,0,3
C1m3,8,80,97,sloppy,0,4
C1m3,8,80,98,greedy,0,4
C1m3,8,80,98,sloppy,0,4
C1m3,8,80,99,greedy,0,4
C1m3,8,80,99,sloppy,1,6
C1m4,6,0,0,greedy,1,6
C1m4,6,0,0,sloppy,0,2
C1m4,6,0,1,greedy,1,6
C1m4,6,0,1,sloppy,0,4
C1m4,6,0,2,greedy,0,2
C1m4,6,0,2,sloppy,0,5
C1m4,6,0,3,greedy,0,4
C1m4,6,0,3,sloppy,0,3
C1m4,6,0,4,greedy,0,3
C1m4,6,0,4,sloppy,0,3
C1m4,6,0,5,greedy,1,6
C1m4,6,0,5,sloppy,0,5
C1m4,6,0,6,greedy,1,6
C1m4,6,0,6,sloppy,0,3
C1m4,6,0,7,greedy,1,6
C1m4,6,0,7,sloppy,0,3
C1m4,6,0,8,greedy,0,3
C1m4,6,0,8,sloppy,0,3
C1m4,6,0,9,greedy,0,5
C1m4,6,0,9,sloppy,0,2
C1m4,6,0,10,greedy,0,1
C1m4,6,0,10,sloppy,0,1
C1m4,6,0,11,greedy,1,6
C1m4,6,0,11,sloppy,1,6
C1m4,6,0,12,greedy,0,4
C1m4,6,0,12,sloppy,0,3
C1m4,6,0,13,greedy,0,5
C1m4,6,0,13,sloppy,0,5
C1m4,6,0,14,greedy,0,5
C1m4,6,0,14,sloppy,1,6
C1m4,6,0,15,greedy,0,5
C1m4,6,0,15,sloppy,1,6
C1m4,6,0,16,greedy,0,1
C1m4,6,0,16,sloppy,0,1
C1m4,6,0,17,greedy,0,4
C1m4,6,0,17,sloppy,1,6
C1m4,6,0,18,greedy,1,6
C1m4,6,0,18,sloppy,1,6
C1m4,6,0,19,greedy,0,4
C1m4,6,0,19,sloppy,0,3
C1m4,6,100,100,greedy,0,5
C1m4,6,100,100,sloppy,0,5
C1m4,6,100,101,greedy,0,3
C1m4,6,100,101,sloppy,1,6
C1m4,6,100,102,greedy,0,4
C1m4,6,100,102,sloppy,0,3
C1m4,6,100,103,greedy,0,5
C1m4,6,100,103,sloppy,1,6
C1m4,6,100,104,greedy,0,2
C1m4,6,100,104,sloppy,0,2
C1m4,6,100,105,greedy,0,3
C1m4,6,100,105,sloppy,0,1
C1m4,6,100,106,greedy,0,3
C1m4,6,100,106,sloppy,0,3
C1m4,6,100,107,greedy,0,1
C1m4,6,100,107,sloppy,1,6
C1m4,6,100,108,greedy,0,2
C1m4,6,100,108,sloppy,0,2
C1m4,6,100,109,greedy,0,2
C1m4,6,100,109,sloppy,0,4
C1m4,6,100,110,greedy,0,3
C1m4,6,100,110,sloppy,0,2
C1m4,6,100,111,greedy,0,2
C1m4,6,100,111,sloppy,0,2
C1m4,6,100,112,greedy,0,5
C1m4,6,100,112,sloppy,0,4
C1m4,6,100,113,greedy,0,4
C1m4,6,100,113,sloppy,1,6
C1m4,6,100,114,greedy,0,5
C1m4,6,100,114,sloppy,0,2
C1m4,6,100,115,greedy,0,2
C1m4,6,100,115,sloppy,0,2
C1m4,6,100,116,greedy,0,1
C1m4,6,100,116,sloppy,0,1
C1m4,6,100,117,greedy,0,2
C1m4,6,100,117,sloppy,0,2
C1m4,6,100,118,greedy,1,6
C1m4,6,100,118,sloppy,0,5
C1m4,6,100,119,greedy,1,6
C1m4,6,100,119,sloppy,0,4
C1m4,6,120,120,greedy,0,3
C1m4,6,120,120,sloppy,0,3
C1m4,6,120,121,greedy,0,2
C1m4,6,120,121,sloppy,0,2
C1m4,6,120,122,greedy,0,5
C1m4,6,120,122,sloppy,0,5
C1m4,6,120,123,greedy,1,6
C1m4,6,120,123,sloppy,1,6
C1m4,6,120,124,greedy,0,2
C1m4,6,120,124,sloppy,0,2
C1m4,6,120,125,greedy,1,6
C1m4,6,120,125,sloppy,0,1
C1m4,6,120,126,greedy,0,1
C1m4,6,120,126,sloppy,0,2
C1m4,6,120,127,greedy,1,6
C1m4,6,120,127,sloppy,0,3
C1m4,6,120,128,greedy,0,3
C1m4,6,120,128,sloppy,1,6
C1m4,6,120,129,greedy,1,6
C1m4,6,120,129,sloppy,1,6
C1m4,6,120,130,greedy,0,0
C1m4,6,120,130,sloppy,0,2
C1m4,6,120,131,greedy,1,6
C1m4,6,120,131,sloppy,0,5
C1m4,6,120,132,greedy,0,3
C1m4,6,120,132,sloppy,0,3
C1m4,6,120,133,greedy,0,3
C1m4,6,120,133,sloppy,0,3
C1m4,6,120,134,greedy,1,6
C1m4,6,120,134,sloppy,1,6
C1m4,6,120,135,greedy,0,5
C1m4,6,120,135,sloppy,0,5
C1m4,6,120,136,greedy,1,6
C1m4,6,120,136,sloppy,1,6
C1m4,6,120,137,greedy,0,5
C1m4,6,120,137,sloppy,0,5
C1m4,6,120,138,greedy,0,4
C1m4,6,120,138,sloppy,0,4
C1m4,6,120,139,greedy,0,2
C1m4,6,120,139,sloppy,0,2
C1m4,6,140,140,greedy,0,5
C1m4,6,140,140,sloppy,1,6
C1m4,6,140,141,greedy,0,2
C1m4,6,140,141,sloppy,0,2
C1m4,6,140,142,greedy,0,3
C1m4,6,140,142,sloppy,0,3
C1m4,6,140,143,greedy,1,6
C1m4,6,140,143,sloppy,1,6
C1m4,6,140,144,greedy,0,4
C1m4,6,140,144,sloppy,0,2
C1m4,6,140,145,greedy,1,6
C1m4,6,140,145,sloppy,0,5
C1m4,6,140,146,greedy,1,6
C1m4,6,140,146,sloppy,0,1
C1m4,6,140,147,greedy,0,2
C1m4,6,140,147,sloppy,0,2
C1m4,6,140,148,greedy,0,4
C1m4,6,140,148,sloppy,1,6
C1m4,6,140,149,greedy,1,6
C1m4,6,140,149,sloppy,1,6
C1m4,6,140,150,greedy,1,6
C1m4,6,140,150,sloppy,1,6
C1m4,6,140,151,greedy,0,0
C1m4,6,140,151,sloppy,0,5
C1m4,6,140,152,greedy,1,6
C1m4,6,140,152,sloppy,0,5
C1m4,6,140,153,greedy,0,5
C1m4,6,140,153,sloppy,0,5
C1m4,6,140,154,greedy,0,2
C1m4,6,140,154,sloppy,0,2
C1m4,6,140,155,greedy,0,2
C1m4,6,140,155,sloppy,1,6
C1m4,6,140,156,greedy,0,0
C1m4,6,140,156,sloppy,0,0
C1m4,6,140,157,greedy,0,5
C1m4,6,140,157,sloppy,0,3
C1m4,6,140,158,greedy,0,2
C1m4,6,140,158,sloppy,1,6
C1m4,6,140,159,greedy,0,1
C1m4,6,140,159,sloppy,0,2
C1m4,6,20,20,greedy,0,4
C1m4,6,20,20,sloppy,0,2
C1m4,6,20,21,greedy,0,4
C1m4,6,20,21,sloppy,0,4
C1m4,6,20,22,greedy,0,3
C1m4,6,20,22,sloppy,0,0
C1m4,6,20,23,greedy,1,6
C1m4,6,20,23,sloppy,0,5
C1m4,6,20,24,greedy,1,6
C1m4,6,20,24,sloppy,0,5
C1m4,6,20,25,greedy,0,1
C1m4,6,20,25,sloppy,1,6
C1m4,6,20,26,greedy,0,2
C1m4,6,20,26,sloppy,0,2
C1m4,6,20,27,greedy,0,5
C1m4,6,20,27,sloppy,0,4
C1m4,6,20,28,greedy,0,4
C1m4,6,20,28,sloppy,0,2
C1m4,6,20,29,greedy,0,1
C1m4,6,20,29,sloppy,0,1
C1m4,6,20,30,greedy,0,1
C1m4,6,20,30,sloppy,1,6
C1m4,6,20,31,greedy,0,4
C1m4,6,20,31,sloppy,0,3
C1m4,6,20,32,greedy,0,3
C1m4,6,20,32,sloppy,0,5
C1m4,6,20,33,greedy,1,6
C1m4,6,20,33,sloppy,0,4
C1m4,6,20,34,greedy,0,4
C1m4,6,20,34,sloppy,0,4
C1m4,6,20,35,greedy,0,2
C1m4,6,20,35,sloppy,0,3
C1m4,6,20,36,greedy,0,5
C1m4,6,20,36,sloppy,0,2
C1m4,6,20,37,greedy,1,6
C1m4,6,20,37,sloppy,0,5
C1m4,6,20,38,greedy,0,3
C1m4,6,20,38,sloppy,0,3
C1m4,6,20,39,greedy,0,2
C1m4,6,20,39,sloppy,0,2
C1m4,6,40,40,greedy,0,5
C1m4,6,40,40,sloppy,0,3
C1m4,6,40,41,greedy,0,3
C1m4,6,40,41,sloppy,0,5
C1m4,6,40,42,greedy,0,5
C1m4,6,40,42,sloppy,0,5
C1m4,6,40,43,greedy,0,4
C1m4,6,40,43,sloppy,0,4
C1m4,6,40,44,greedy,0,3
C1m4,6,40,44,sloppy,0,2
C1m4,6,40,45,greedy,0,3
C1m4,6,40,45,sloppy,0,3
C1m4,6,40,46,greedy,0,2
C1m4,6,40,46,sloppy,0,2
C1m4,6,40,47,greedy,1,6
C1m4,6,40,47,sloppy,1,6
C1m4,6,40,48,greedy,0,2
C1m4,6,40,48,sloppy,0,2
C1m4,6,40,49,greedy,0,5
C1m4,6,40,49,sloppy,0,5
C1m4,6,40,50,greedy,0,2
C1m4,6,40,50,sloppy,0,4
C1m4,6,40,51,greedy,0,1
C1m4,6,40,51,sloppy,0,0
C1m4,6,40,52,greedy,0,5
C1m4,6,40,52,sloppy,0,5
C1m4,6,40,53,greedy,0,2
C1m4,6,40,53,sloppy,0,3
C1m4,6,40,54,greedy,1,6
C1m4,6,40,54,sloppy,0,2
C1m4,6,40,55,greedy,0,2
C1m4,6,40,55,sloppy,1,6
C1m4,6,40,56,greedy,1,6
C1m4,6,40,56,sloppy,1,6
C1m4,6,40,57,greedy,1,6
C1m4,6,40,57,sloppy,0,2
C1m4,6,40,58,greedy,0,2
C1m4,6,40,58,sloppy,0,2
C1m4,6,40,59,greedy,0,5
C1m4,6,40,59,sloppy,0,2
C1m4,6,60,60,greedy,0,3
C1m4,6,60,60,sloppy,0,3
C1m4,6,60,61,greedy,0,5
C1m4,6,60,61,sloppy,0,4
C1m4,6,60,62,greedy,0,2
C1m4,6,60,62,sloppy,0,2
C1m4,6,60,63,greedy,0,1
C1m4,6,60,63,sloppy,0,4
C1m4,6,60,64,greedy,0,5
C1m4,6,60,64,sloppy,0,1
C1m4,6,60,65,greedy,0,2
C1m4,6,60,65,sloppy,0,2
C1m4,6,60,66,greedy,0,5
C1m4,6,60,66,sloppy,1,6
C1m4,6,60,67,greedy,0,1
C1m4,6,60,67,sloppy,0,2
C1m4,6,60,68,greedy,1,6
C1m4,6,60,68,sloppy,0,5
C1m4,6,60,69,greedy,1,6
C1m4,6,60,69,sloppy,0,3
C1m4,6,60,70,greedy,1,6
C1m4,6,60,70,sloppy,0,1
C1m4,6,60,71,greedy,0,2
C1m4,6,60,71,sloppy,0,2
C1m4,6,60,72,greedy,1,6
C1m4,6,60,72,sloppy,0,5
C1m4,6,60,73,greedy,1,6
C1m4,6,60,73,sloppy,0,5
C1m4,6,60,74,greedy,0,2
C1m4,6,60,74,sloppy,0,2
C1m4,6,60,75,greedy,1,6
C1m4,6,60,75,sloppy,0,2
C1m4,6,60,76,greedy,0,4
C1m4,6,60,76,sloppy,0,2
C1m4,6,60,77,greedy,0,5
C1m4,6,60,77,sloppy,1,6
C1m4,6,60,78,greedy,1,6
C1m4,6,60,78,sloppy,0,5
C1m4,6,60,79,greedy,0,3
C1m4,6,60,79,sloppy,1,6
C1m4,6,80,80,greedy,1,6
C1m4,6,80,80,sloppy,0,2
C1m4,6,80,81,greedy,0,3
C1m4,6,80,81,sloppy,0,3
C1m4,6,80,82,greedy,0,3
C1m4,6,80,82,sloppy,0,3
C1m4,6,80,83,greedy,0,0
C1m4,6,80,83,sloppy,0,3
C1m4,6,80,84,greedy,0,2
C1m4,6,80,84,sloppy,1,6
C1m4,6,80,85,greedy,0,5
C1m4,6,80,85,sloppy,1,6
C1m4,6,80,86,greedy,0,4
C1m4,6,80,86,sloppy,0,4
C1m4,6,80,87,greedy,0,1
C1m4,6,80,87,sloppy,0,1
C1m4,6,80,88,greedy,0,2
C1m4,6,80,88,sloppy,0,4
C1m4,6,80,89,greedy,0,4
C1m4,6,80,89,sloppy,0,4
C1m4,6,80,90,greedy,1,6
C1m4,6,80,90,sloppy,0,0
C1m4,6,80,91,greedy,0,3
C1m4,6,80,91,sloppy,0,4
C1m4,6,80,92,greedy,1,6
C1m4,6,80,92,sloppy,1,6
C1m4,6,80,93,greedy,0,1
C1m4,6,80,93,sloppy,0,3
C1m4,6,80,94,greedy,0,5
C1m4,6,80,94,sloppy,0,2
C1m4,6,80,95,greedy,0,4
C1m4,6,80,95,sloppy,0,1
C1m4,6,80,96,greedy,0,4
C1m4,6,80,96,sloppy,0,5
C1m4,6,80,97,greedy,0,4
C1m4,6,80,97,sloppy,0,5
C1m4,6,80,98,greedy,1,6
C1m4,6,80,98,sloppy,0,2
C1m4,6,80,99,greedy,0,3
C1m4,6,80,99,sloppy,1,6
C1m4,7,0,0,greedy,0,2
C1m4,7,0,0,sloppy,1,6
C1m4,7,0,1,greedy,0,4
C1m4,7,0,1,sloppy,0,3
C1m4,7,0,2,greedy,0,2
C1m4,7,0,2,sloppy,0,2
C1m4,7,0,3,greedy,0,4
C1m4,7,0,3,sloppy,0,4
C1m4,7,0,4,greedy,0,2
C1m4,7,0,4,sloppy,0,3
C1m4,7,0,5,greedy,0,2
C1m4,7,0,5,sloppy,0,1
C1m4,7,0,6,greedy,1,6
C1m4,7,0,6,sloppy,0,4
C1m4,7,0,7,greedy,0,2
C1m4,7,0,7,sloppy,0,5
C1m4,7,0,8,greedy,1,6
C1m4,7,0,8,sloppy,1,6
C1m4,7,0,9,greedy,0,3
C1m4,7,0,9,sloppy,0,3
C1m4,7,0,10,greedy,0,1
C1m4,7,0,10,sloppy,0,1
C1m4,7,0,11,greedy,0,3
C1m4,7,0,11,sloppy,0,2
C1m4,7,0,12,greedy,0,3
C1m4,7,0,12,sloppy,0,3
C1m4,7,0,13,greedy,0,5
C1m4,7,0,13,sloppy,0,2
C1m4,7,0,14,greedy,1,6
C1m4,7,0,14,sloppy,0,3
C1m4,7,0,15,greedy,1,6
C1m4,7,0,15,sloppy,1,6
C1m4,7,0,16,greedy,0,3
C1m4,7,0,16,sloppy,0,3
C1m4,7,0,17,greedy,0,4
C1m4,7,0,17,sloppy,0,4
C1m4,7,0,18,greedy,1,6
C1m4,7,0,18,sloppy,0,5
C1m4,7,0,19,greedy,0,3
C1m4,7,0,19,sloppy,0,2
C1m4,7,100,100,greedy,0,5
C1m4,7,100,100,sloppy,0,5
C1m4,7,100,101,greedy,0,3
C1m4,7,100,101,sloppy,0,3
C1m4,7,100,102,greedy,0,1
C1m4,7,100,102,sloppy,0,3
C1m4,7,100,103,greedy,1,6
C1m4,7,100,103,sloppy,0,5
C1m4,7,100,104,greedy,0,2
C1m4,7,100,104,sloppy,0,3
C1m4,7,100,105,greedy,1,6
C1m4,7,100,105,sloppy,0,3
C1m4,7,100,106,greedy,1,6
C1m4,7,100,106,sloppy,0,3
C1m4,7,100,107,greedy,0,3
C1m4,7,100,107,sloppy,0,5
C1m4,7,100,108,greedy,0,2
C1m4,7,100,108,sloppy,0,2
C1m4,7,100,109,greedy,0,2
C1m4,7,100,109,sloppy,0,3
C1m4,7,100,110,greedy,0,1
C1m4,7,100,110,sloppy,0,1
C1m4,7,100,111,greedy,0,5
C1m4,7,100,111,sloppy,0,2
C1m4,7,100,112,greedy,0,4
C1m4,7,100,112,sloppy,0,4
C1m4,7,100,113,greedy,1,6
C1m4,7,100,113,sloppy,0,5
C1m4,7,100,114,greedy,0,4
C1m4,7,100,114,sloppy,0,5
C1m4,7,100,115,greedy,0,2
C1m4,7,100,115,sloppy,0,2
C1m4,7,100,116,greedy,0,1
C1m4,7,100,116,sloppy,0,1
C1m4,7,100,117,greedy,0,2
C1m4,7,100,117,sloppy,0,2
C1m4,7,100,118,greedy,0,5
C1m4,7,100,118,sloppy,1,6
C1m4,7,100,119,greedy,0,4
C1m4,7,100,119,sloppy,0,3
C1m4,7,120,120,greedy,0,3
C1m4,7,120,120,sloppy,0,3
C1m4,7,120,121,greedy,0,2
C1m4,7,120,121,sloppy,0,2
C1m4,7,120,122,greedy,0,5
C1m4,7,120,122,sloppy,0,5
C1m4,7,120,123,greedy,0,5
C1m4,7,120,123,sloppy,1,6
C1m4,7,120,124,greedy,0,2
C1m4,7,120,124,sloppy,0,2
C1m4,7,120,125,greedy,0,1
C1m4,7,120,125,sloppy,0,1
C1m4,7,120,126,greedy,0,2
C1m4,7,120,126,sloppy,0,2
C1m4,7,120,127,greedy,1,6
C1m4,7,120,127,sloppy,0,3
C1m4,7,120,128,greedy,0,3
C1m4,7,120,128,sloppy,0,3
C1m4,7,120,129,greedy,0,5
C1m4,7,120,129,sloppy,0,5
C1m4,7,120,130,greedy,0,0
C1m4,7,120,130,sloppy,0,2
C1m4,7,120,131,greedy,1,6
C1m4,7,120,131,sloppy,0,5
C1m4,7,120,132,greedy,0,5
C1m4,7,120,132,sloppy,0,5
C1m4,7,120,133,greedy,0,5
C1m4,7,120,133,sloppy,0,3
C1m4,7,120,134,greedy,0,5
C1m4,7,120,134,sloppy,0,3
C1m4,7,120,135,greedy,0,2
C1m4,7,120,135,sloppy,0,4
C1m4,7,120,136,greedy,0,1
C1m4,7,120,136,sloppy,0,3
C1m4,7,120,137,greedy,1,6
C1m4,7,120,137,sloppy,1,6
C1m4,7,120,138,greedy,0,2
C1m4,7,120,138,sloppy,0,2
C1m4,7,120,139,greedy,0,2
C1m4,7,120,139,sloppy,0,2
C1m4,7,140,140,greedy,0,5
C1m4,7,140,140,sloppy,0,5
C1m4,7,140,141,greedy,0,2
C1m4,7,140,141,sloppy,0,2
C1m4,7,140,142,greedy,0,3
C1m4,7,140,142,sloppy,0,3
C1m4,7,140,143,greedy,0,5
C1m4,7,140,143,sloppy,0,5
C1m4,7,140,144,greedy,0,2
C1m4,7,140,144,sloppy,0,5
C1m4,7,140,145,greedy,0,2
C1m4,7,140,145,sloppy,0,2
C1m4,7,140,146,greedy,0,4
C1m4,7,140,146,sloppy,0,1
C1m4,7,140,147,greedy,0,1
C1m4,7,140,147,sloppy,0,5
C1m4,7,140,148,greedy,0,4
C1m4,7,140,148,sloppy,0,4
C1m4,7,140,149,greedy,0,3
C1m4,7,140,149,sloppy,0,2
C1m4,7,140,150,greedy,0,5
C1m4,7,140,150,sloppy,0,4
C1m4,7,140,151,greedy,0,0
C1m4,7,140,151,sloppy,0,4
C1m4,7,140,152,greedy,1,6
C1m4,7,140,152,sloppy,1,6
C1m4,7,140,153,greedy,0,5
C1m4,7,140,153,sloppy,0,1
C1m4,7,140,154,greedy,0,4
C1m4,7,140,154,sloppy,0,2
C1m4,7,140,155,greedy,1,6
C1m4,7,140,155,sloppy,0,3
C1m4,7,140,156,greedy,0,0
C1m4,7,140,156,sloppy,0,0
C1m4,7,140,157,greedy,0,3
C1m4,7,140,157,sloppy,0,5
C1m4,7,140,158,greedy,0,2
C1m4,7,140,158,sloppy,0,2
C1m4,7,140,159,greedy,0,5
C1m4,7,140,159,sloppy,0,1
C1m4,7,20,20,greedy,0,4
C1m4,7,20,20,sloppy,0,2
C1m4,7,20,21,greedy,0,4
C1m4,7,20,21,sloppy,0,4
C1m4,7,20,22,greedy,0,2
C1m4,7,20,22,sloppy,0,0
C1m4,7,20,23,greedy,0,2
C1m4,7,20,23,sloppy,0,5
C1m4,7,20,24,greedy,0,5
C1m4,7,20,24,sloppy,0,3
C1m4,7,20,25,greedy,0,5
C1m4,7,20,25,sloppy,0,5
C1m4,7,20,26,greedy,0,2
C1m4,7,20,26,sloppy,0,2
C1m4,7,20,27,greedy,0,4
C1m4,7,20,27,sloppy,0,1
C1m4,7,20,28,greedy,0,3
C1m4,7,20,28,sloppy,0,4
C1m4,7,20,29,greedy,0,3
C1m4,7,20,29,sloppy,0,3
C1m4,7,20,30,greedy,0,5
C1m4,7,20,30,sloppy,0,4
C1m4,7,20,31,greedy,0,3
C1m4,7,20,31,sloppy,0,3
C1m4,7,20,32,greedy,1,6
C1m4,7,20,32,sloppy,0,3
C1m4,7,20,33,greedy,0,3
C1m4,7,20,33,sloppy,1,6
C1m4,7,20,34,greedy,0,4
C1m4,7,20,34,sloppy,0,4
C1m4,7,20,35,greedy,0,2
C1m4,7,20,35,sloppy,0,2
C1m4,7,20,36,greedy,0,2
C1m4,7,20,36,sloppy,0,2
C1m4,7,20,37,greedy,1,6
C1m4,7,20,37,sloppy,0,5
C1m4,7,20,38,greedy,0,3
C1m4,7,20,38,sloppy,0,2
C1m4,7,20,39,greedy,0,2
C1m4,7,20,39,sloppy,0,2
C1m4,7,40,40,greedy,0,5
C1m4,7,40,40,sloppy,1,6
C1m4,7,40,41,greedy,1,6
C1m4,7,40,41,sloppy,0,5
C1m4,7,40,42,greedy,0,5
C1m4,7,40,42,sloppy,1,6
C1m4,7,40,43,greedy,0,3
C1m4,7,40,43,sloppy,0,4
C1m4,7,40,44,greedy,0,2
C1m4,7,40,44,sloppy,0,3
C1m4,7,40,45,greedy,0,3
C1m4,7,40,45,sloppy,0,1
C1m4,7,40,46,greedy,0,4
C1m4,7,40,46,sloppy,0,5
C1m4,7,40,47,greedy,0,5
C1m4,7,40,47,sloppy,0,3
C1m4,7,40,48,greedy,0,2
C1m4,7,40,48,sloppy,0,2
C1m4,7,40,49,greedy,0,5
C1m4,7,40,49,sloppy,0,3
C1m4,7,40,50,greedy,0,4
C1m4,7,40,50,sloppy,0,2
C1m4,7,40,51,greedy,0,5
C1m4,7,40,51,sloppy,0,0
C1m4,7,40,52,greedy,0,4
C1m4,7,40,52,sloppy,1,6
C1m4,7,40,53,greedy,0,2
C1m4,7,40,53,sloppy,0,2
C1m4,7,40,54,greedy,0,2
C1m4,7,40,54,sloppy,1,6
C1m4,7,40,55,greedy,0,4
C1m4,7,40,55,sloppy,0,4
C1m4,7,40,56,greedy,0,1
C1m4,7,40,56,sloppy,0,1
C1m4,7,40,57,greedy,0,5
C1m4,7,40,57,sloppy,0,5
C1m4,7,40,58,greedy,0,2
C1m4,7,40,58,sloppy,0,2
C1m4,7,40,59,greedy,0,2
C1m4,7,40,59,sloppy,0,2
C1m4,7,60,60,greedy,0,3
C1m4,7,60,60,sloppy,0,5
C1m4,7,60,61,greedy,0,2
C1m4,7,60,61,sloppy,0,4
C1m4,7,60,62,greedy,0,2
C1m4,7,60,62,sloppy,0,2
C1m4,7,60,63,greedy,0,1
C1m4,7,60,63,sloppy,0,3
C1m4,7,60,64,greedy,0,3
C1m4,7,60,64,sloppy,0,3
C1m4,7,60,65,greedy,0,1
C1m4,7,60,65,sloppy,0,2
C1m4,7,60,66,greedy,0,2
C1m4,7,60,66,sloppy,1,6
C1m4,7,60,67,greedy,0,1
C1m4,7,60,67,sloppy,0,2
C1m4,7,60,68,greedy,0,5
C1m4,7,60,68,sloppy,0,5
C1m4,7,60,69,greedy,0,5
C1m4,7,60,69,sloppy,0,2
C1m4,7,60,70,greedy,0,4
C1m4,7,60,70,sloppy,0,4
C1m4,7,60,71,greedy,1,6
C1m4,7,60,71,sloppy,0,2
C1m4,7,60,72,greedy,0,4
C1m4,7,60,72,sloppy,0,4
C1m4,7,60,73,greedy,0,5
C1m4,7,60,73,sloppy,1,6
C1m4,7,60,74,greedy,1,6
C1m4,7,60,74,sloppy,0,2
C1m4,7,60,75,greedy,0,5
C1m4,7,60,75,sloppy,0,5
C1m4,7,60,76,greedy,0,2
C1m4,7,60,76,sloppy,0,2
C1m4,7,60,77,greedy,1,6
C1m4,7,60,77,sloppy,0,5
C1m4,7,60,78,greedy,1,6
C1m4,7,60,78,sloppy,0,2
C1m4,7,60,79,greedy,0,2
C1m4,7,60,79,sloppy,0,2
C1m4,7,80,80,greedy,0,5
C1m4,7,80,80,sloppy,1,6
C1m4,7,80,81,greedy,0,3
C1m4,7,80,81,sloppy,1,6
C1m4,7,80,82,greedy,0,3
C1m4,7,80,82,sloppy,0,3
C1m4,7,80,83,greedy,0,0
C1m4,7,80,83,sloppy,0,4
C1m4,7,80,84,greedy,0,5
C1m4,7,80,84,sloppy,0,5
C1m4,7,80,85,greedy,1,6
C1m4,7,80,85,sloppy,0,5
C1m4,7,80,86,greedy,0,1
C1m4,7,80,86,sloppy,0,5
C1m4,7,80,87,greedy,0,1
C1m4,7,80,87,sloppy,0,1
C1m4,7,80,88,greedy,0,2
C1m4,7,80,88,sloppy,0,2
C1m4,7,80,89,greedy,0,2
C1m4,7,80,89,sloppy,0,2
C1m4,7,80,90,greedy,1,6
C1m4,7,80,90,sloppy,0,0
C1m4,7,80,91,greedy,0,4
C1m4,7,80,91,sloppy,0,4
C1m4,7,80,92,greedy,0,2
C1m4,7,80,92,sloppy,0,4
C1m4,7,80,93,greedy,0,1
C1m4,7,80,93,sloppy,0,1
C1m4,7,80,94,greedy,0,2
C1m4,7,80,94,sloppy,0,2
C1m4,7,80,95,greedy,0,3
C1m4,7,80,95,sloppy,0,2
C1m4,7,80,96,greedy,0,4
C1m4,7,80,96,sloppy,0,4
C1m4,7,80,97,greedy,0,4
C1m4,7,80,97,sloppy,0,4
C1m4,7,80,98,greedy,0,4
C1m4,7,80,98,sloppy,0,3
C1m4,7,80,99,greedy,0,3
C1m4,7,80,99,sloppy,0,3
C1m4,8,0,0,greedy,0,1
C1m4,8,0,0,sloppy,0,2
C1m4,8,0,1,greedy,0,2
C1m4,8,0,1,sloppy,0,5
C1m4,8,0,2,greedy,0,2
C1m4,8,0,2,sloppy,0,2
C1m4,8,0,3,greedy,0,4
C1m4,8,0,3,sloppy,0,4
C1m4,8,0,4,greedy,0,3
C1m4,8,0,4,sloppy,0,3
C1m4,8,0,5,greedy,0,4
C1m4,8,0,5,sloppy,0,1
C1m4,8,0,6,greedy,0,1
C1m4,8,0,6,sloppy,0,3
C1m4,8,0,7,greedy,0,2
C1m4,8,0,7,sloppy,0,2
C1m4,8,0,8,greedy,0,3
C1m4,8,0,8,sloppy,0,3
C1m4,8,0,9,greedy,0,2
C1m4,8,0,9,sloppy,0,3
C1m4,8,0,10,greedy,0,1
C1m4,8,0,10,sloppy,0,1
C1m4,8,0,11,greedy,0,2
C1m4,8,0,11,sloppy,0,2
C1m4,8,0,12,greedy,0,2
C1m4,8,0,12,sloppy,0,3
C1m4,8,0,13,greedy,0,5
C1m4,8,0,13,sloppy,0,5
C1m4,8,0,14,greedy,0,5
C1m4,8,0,14,sloppy,0,5
C1m4,8,0,15,greedy,1,6
C1m4,8,0,15,sloppy,0,3
C1m4,8,0,16,greedy,0,1
C1m4,8,0,16,sloppy,0,3
C1m4,8,0,17,greedy,0,4
C1m4,8,0,17,sloppy,0,4
C1m4,8,0,18,greedy,1,6
C1m4,8,0,18,sloppy,0,3
C1m4,8,0,19,greedy,0,4
C1m4,8,0,19,sloppy,0,3
C1m4,8,100,100,greedy,0,4
C1m4,8,100,100,sloppy,0,5
C1m4,8,100,101,greedy,0,3
C1m4,8,100,101,sloppy,0,3
C1m4,8,100,102,greedy,0,3
C1m4,8,100,102,sloppy,0,3
C1m4,8,100,103,greedy,0,5
C1m4,8,100,103,sloppy,1,6
C1m4,8,100,104,greedy,0,2
C1m4,8,100,104,sloppy,0,2
C1m4,8,100,105,greedy,0,3
C1m4,8,100,105,sloppy,0,3
C1m4,8,100,106,greedy,1,6
C1m4,8,100,106,sloppy,0,5
C1m4,8,100,107,greedy,0,5
C1m4,8,100,107,sloppy,1,6
C1m4,8,100,108,greedy,0,2
C1m4,8,100,108,sloppy,0,2
C1m4,8,100,109,greedy,0,2
C1m4,8,100,109,sloppy,0,3
C1m4,8,100,110,greedy,0,2
C1m4,8,100,110,sloppy,0,1
C1m4,8,100,111,greedy,0,2
C1m4,8,100,111,sloppy,0,2
C1m4,8,100,112,greedy,0,3
C1m4,8,100,112,sloppy,0,4
C1m4,8,100,113,greedy,0,5
C1m4,8,100,113,sloppy,0,4
C1m4,8,100,114,greedy,0,2
C1m4,8,100,114,sloppy,0,2
C1m4,8,100,115,greedy,0,2
C1m4,8,100,115,sloppy,0,3
C1m4,8,100,116,greedy,0,3
C1m4,8,100,116,sloppy,0,1
C1m4,8,100,117,greedy,0,2
C1m4,8,100,117,sloppy,0,2
C1m4,8,100,118,greedy,0,3
C1m4,8,100,118,sloppy,0,3
C1m4,8,100,119,greedy,0,1
C1m4,8,100,119,sloppy,0,1
C1m4,8,120,120,greedy,0,3
C1m4,8,120,120,sloppy,0,3
C1m4,8,120,121,greedy,0,2
C1m4,8,120,121,sloppy,0,2
C1m4,8,120,122,greedy,0,3
C1m4,8,120,122,sloppy,0,5
C1m4,8,120,123,greedy,0,5
C1m4,8,120,123,sloppy,1,6
C1m4,8,120,124,greedy,0,2
C1m4,8,120,124,sloppy,0,2
C1m4,8,120,125,greedy,0,1
C1m4,8,120,125,sloppy,0,3
C1m4,8,120,126,greedy,0,4
C1m4,8,120,126,sloppy,0,2
C1m4,8,120,127,greedy,0,3
C1m4,8,120,127,sloppy,0,3
C1m4,8,120,128,greedy,0,3
C1m4,8,120,128,sloppy,0,3
C1m4,8,120,129,greedy,0,1
C1m4,8,120,129,sloppy,0,5
C1m4,8,120,130,greedy,0,0
C1m4,8,120,130,sloppy,0,2
C1m4,8,120,131,greedy,0,4
C1m4,8,120,131,sloppy,1,6
C1m4,8,120,132,greedy,1,6
C1m4,8,120,132,sloppy,0,3
C1m4,8,120,133,greedy,0,1
C1m4,8,120,133,sloppy,0,3
C1m4,8,120,134,greedy,0,3
C1m4,8,120,134,sloppy,0,3
C1m4,8,120,135,greedy,0,5
C1m4,8,120,135,sloppy,0,4
C1m4,8,120,136,greedy,0,1
C1m4,8,120,136,sloppy,0,1
C1m4,8,120,137,greedy,0,5
C1m4,8,120,137,sloppy,0,5
C1m4,8,120,138,greedy,0,4
C1m4,8,120,138,sloppy,0,4
C1m4,8,120,139,greedy,0,2
C1m4,8,120,139,sloppy,0,2
C1m4,8,140,140,greedy,0,2
C1m4,8,140,140,sloppy,0,2
C1m4,8,140,141,greedy,0,2
C1m4,8,140,141,sloppy,0,2
C1m4,8,140,142,greedy,0,4
C1m4,8,140,142,sloppy,0,3
C1m4,8,140,143,greedy,0,3
C1m4,8,140,143,sloppy,0,3
C1m4,8,140,144,greedy,0,4
C1m4,8,140,144,sloppy,0,2
C1m4,8,140,145,greedy,0,1
C1m4,8,140,145,sloppy,0,2
C1m4,8,140,146,greedy,1,6
C1m4,8,140,146,sloppy,0,5
C1m4,8,140,147,greedy,0,1
C1m4,8,140,147,sloppy,0,1
C1m4,8,140,148,greedy,0,3
C1m4,8,140,148,sloppy,0,4
C1m4,8,140,149,greedy,0,1
C1m4,8,140,149,sloppy,0,2
C1m4,8,140,150,greedy,0,4
C1m4,8,140,150,sloppy,0,3
C1m4,8,140,151,greedy,0,0
C1m4,8,140,151,sloppy,0,3
C1m4,8,140,152,greedy,1,6
C1m4,8,140,152,sloppy,1,6
C1m4,8,140,153,greedy,0,4
C1m4,8,140,153,sloppy,0,1
C1m4,8,140,154,greedy,0,2
C1m4,8,140,154,sloppy,0,2
C1m4,8,140,155,greedy,1,6
C1m4,8,140,155,sloppy,0,1
C1m4,8,140,156,greedy,0,0
C1m4,8,140,156,sloppy,0,0
C1m4,8,140,157,greedy,0,3
C1m4,8,140,157,sloppy,0,5
C1m4,8,140,158,greedy,0,2
C1m4,8,140,158,sloppy,0,3
C1m4,8,140,159,greedy,1,6
C1m4,8,140,159,sloppy,0,1
C1m4,8,20,20,greedy,0,2
C1m4,8,20,20,sloppy,0,2
C1m4,8,20,21,greedy,0,3
C1m4,8,20,21,sloppy,0,4
C1m4,8,20,22,greedy,0,2
C1m4,8,20,22,sloppy,0,0
C1m4,8,20,23,greedy,0,2
C1m4,8,20,23,sloppy,0,1
C1m4,8,20,24,greedy,0,5
C1m4,8,20,24,sloppy,0,3
C1m4,8,20,25,greedy,0,1
C1m4,8,20,25,sloppy,0,5
C1m4,8,20,26,greedy,0,2
C1m4,8,20,26,sloppy,0,2
C1m4,8,20,27,greedy,1,6
C1m4,8,20,27,sloppy,0,0
C1m4,8,20,28,greedy,1,6
C1m4,8,20,28,sloppy,0,3
C1m4,8,20,29,greedy,0,3
C1m4,8,20,29,sloppy,0,3
C1m4,8,20,30,greedy,0,4
C1m4,8,20,30,sloppy,0,1
C1m4,8,20,31,greedy,0,3
C1m4,8,20,31,sloppy,0,3
C1m4,8,20,32,greedy,1,6
C1m4,8,20,32,sloppy,1,6
C1m4,8,20,33,greedy,0,4
C1m4,8,20,33,sloppy,0,4
C1m4,8,20,34,greedy,1,6
C1m4,8,20,34,sloppy,0,4
C1m4,8,20,35,greedy,0,1
C1m4,8,20,35,sloppy,0,2
C1m4,8,20,36,greedy,0,2
C1m4,8,20,36,sloppy,0,2
C1m4,8,20,37,greedy,0,5
C1m4,8,20,37,sloppy,1,6
C1m4,8,20,38,greedy,0,3
C1m4,8,20,38,sloppy,0,2
C1m4,8,20,39,greedy,0,2
C1m4,8,20,39,sloppy,0,2
C1m4,8,40,40,greedy,0,2
C1m4,8,40,40,sloppy,0,3
C1m4,8,40,41,greedy,0,5
C1m4,8,40,41,sloppy,0,3
C1m4,8,40,42,greedy,0,5
C1m4,8,40,42,sloppy,0,4
C1m4,8,40,43,greedy,0,3
C1m4,8,40,43,sloppy,0,3
C1m4,8,40,44,greedy,0,3
C1m4,8,40,44,sloppy,0,2
C1m4,8,40,45,greedy,0,4
C1m4,8,40,45,sloppy,0,4
C1m4,8,40,46,greedy,0,5
C1m4,8,40,46,sloppy,0,5
C1m4,8,40,47,greedy,0,3
C1m4,8,40,47,sloppy,0,5
C1m4,8,40,48,greedy,0,2
C1m4,8,40,48,sloppy,0,2
C1m4,8,40,49,greedy,0,3
C1m4,8,40,49,sloppy,0,3
C1m4,8,40,50,greedy,0,4
C1m4,8,40,50,sloppy,0,2
C1m4,8,40,51,greedy,0,1
C1m4,8,40,51,sloppy,0,0
C1m4,8,40,52,greedy,0,4
C1m4,8,40,52,sloppy,0,1
C1m4,8,40,53,greedy,0,2
C1m4,8,40,53,sloppy,0,2
C1m4,8,40,54,greedy,0,2
C1m4,8,40,54,sloppy,0,2
C1m4,8,40,55,greedy,0,3
C1m4,8,40,55,sloppy,0,2
C1m4,8,40,56,greedy,0,1
C1m4,8,40,56,sloppy,0,1
C1m4,8,40,57,greedy,0,2
C1m4,8,40,57,sloppy,0,3
C1m4,8,40,58,greedy,0,2
C1m4,8,40,58,sloppy,0,2
C1m4,8,40,59,greedy,0,5
C1m4,8,40,59,sloppy,0,2
C1m4,8,60,60,greedy,0,3
C1m4,8,60,60,sloppy,0,2
C1m4,8,60,61,greedy,0,2
C1m4,8,60,61,sloppy,0,5
C1m4,8,60,62,greedy,0,2
C1m4,8,60,62,sloppy,0,2
C1m4,8,60,63,greedy,1,6
C1m4,8,60,63,sloppy,0,3
C1m4,8,60,64,greedy,0,2
C1m4,8,60,64,sloppy,0,1
C1m4,8,60,65,greedy,0,1
C1m4,8,60,65,sloppy,0,1
C1m4,8,60,66,greedy,0,2
C1m4,8,60,66,sloppy,0,2
C1m4,8,60,67,greedy,0,1
C1m4,8,60,67,sloppy,0,2
C1m4,8,60,68,greedy,0,3
C1m4,8,60,68,sloppy,0,2
C1m4,8,60,69,greedy,0,5
C1m4,8,60,69,sloppy,0,3
C1m4,8,60,70,greedy,0,1
C1m4,8,60,70,sloppy,0,1
C1m4,8,60,71,greedy,0,2
C1m4,8,60,71,sloppy,0,2
C1m4,8,60,72,greedy,0,4
C1m4,8,60,72,sloppy,0,4
C1m4,8,60,73,greedy,1,6
C1m4,8,60,73,sloppy,0,5
C1m4,8,60,74,greedy,0,2
C1m4,8,60,74,sloppy,0,2
C1m4,8,60,75,greedy,0,1
C1m4,8,60,75,sloppy,0,5
C1m4,8,60,76,greedy,0,2
C1m4,8,60,76,sloppy,0,2
C1m4,8,60,77,greedy,0,2
C1m4,8,60,77,sloppy,1,6
C1m4,8,60,78,greedy,0,2
C1m4,8,60,78,sloppy,0,2
C1m4,8,60,79,greedy,0,3
C1m4,8,60,79,sloppy,0,2
C1m4,8,80,80,greedy,0,2
C1m4,8,80,80,sloppy,0,1
C1m4,8,80,81,greedy,0,3
C1m4,8,80,81,sloppy,1,6
C1m4,8,80,82,greedy,0,3
C1m4,8,80,82,sloppy,1,6
C1m4,8,80,83,greedy,0,0
C1m4,8,80,83,sloppy,0,3
C1m4,8,80,84,greedy,1,6
C1m4,8,80,84,sloppy,0,3
C1m4,8,80,85,greedy,0,5
C1m4,8,80,85,sloppy,0,5
C1m4,8,80,86,greedy,0,1
C1m4,8,80,86,sloppy,0,1
C1m4,8,80,87,greedy,0,1
C1m4,8,80,87,sloppy,0,1
C1m4,8,80,88,greedy,0,2
C1m4,8,80,88,sloppy,0,2
C1m4,8,80,89,greedy,0,2
C1m4,8,80,89,sloppy,0,3
C1m4,8,80,90,greedy,0,3
C1m4,8,80,90,sloppy,0,0
C1m4,8,80,91,greedy,0,2
C1m4,8,80,91,sloppy,0,3
C1m4,8,80,92,greedy,0,5
C1m4,8,80,92,sloppy,0,4
C1m4,8,80,93,greedy,0,1
C1m4,8,80,93,sloppy,0,1
C1m4,8,80,94,greedy,0,2
C1m4,8,80,94,sloppy,0,2
C1m4,8,80,95,greedy,0,2
C1m4,8,80,95,sloppy,0,1
C1m4,8,80,96,greedy,0,4
C1m4,8,80,96,sloppy,0,4
C1m4,8,80,97,greedy,0,3
C1m4,8,80,97,sloppy,0,4
C1m4,8,80,98,greedy,0,4
C1m4,8,80,98,sloppy,0,4
C1m4,8,80,99,greedy,0,4
C1m4,8,80,99,sloppy,1,6
C1m5,4,0,0,greedy,0,4
C1m5,4,0,0,sloppy,0,2
C1m5,4,0,1,greedy,1,6
C1m5,4,0,1,sloppy,0,2
C1m5,4,0,2,greedy,0,3
C1m5,4,0,2,sloppy,0,2
C1m5,4,0,3,greedy,0,5
C1m5,4,0,3,sloppy,0,5
C1m5,4,0,4,greedy,0,2
C1m5,4,0,4,sloppy,0,2
C1m5,4,0,5,greedy,1,6
C1m5,4,0,5,sloppy,1,6
C1m5,4,0,6,greedy,0,5
C1m5,4,0,6,sloppy,0,2
C1m5,4,0,7,greedy,1,6
C1m5,4,0,7,sloppy,1,6
C1m5,4,0,8,greedy,0,3
C1m5,4,0,8,sloppy,0,3
C1m5,4,0,9,greedy,0,5
C1m5,4,0,9,sloppy,1,6
C1m5,4,0,10,greedy,0,5
C1m5,4,0,10,sloppy,0,1
C1m5,4,0,11,greedy,0,3
C1m5,4,0,11,sloppy,0,5
C1m5,4,0,12,greedy,1,6
C1m5,4,0,12,sloppy,1,6
C1m5,4,0,13,greedy,0,5
C1m5,4,0,13,sloppy,0,5
C1m5,4,0,14,greedy,0,2
C1m5,4,0,14,sloppy,0,3
C1m5,4,0,15,greedy,1,6
C1m5,4,0,15,sloppy,1,6
C1m5,4,0,16,greedy,0,5
C1m5,4,0,16,sloppy,0,1
C1m5,4,0,17,greedy,0,5
C1m5,4,0,17,sloppy,1,6
C1m5,4,0,18,greedy,0,2
C1m5,4,0,18,sloppy,0,2
C1m5,4,0,19,greedy,0,5
C1m5,4,0,19,sloppy,0,3
C1m5,4,100,100,greedy,0,1
C1m5,4,100,100,sloppy,0,5
C1m5,4,100,101,greedy,1,6
C1m5,4,100,101,sloppy,1,6
C1m5,4,100,102,greedy,0,1
C1m5,4,100,102,sloppy,0,4
C1m5,4,100,103,greedy,0,2
C1m5,4,100,103,sloppy,0,2
C1m5,4,100,104,greedy,0,3
C1m5,4,100,104,sloppy,0,3
C1m5,4,100,105,greedy,0,5
C1m5,4,100,105,sloppy,1,6
C1m5,4,100,106,greedy,0,5
C1m5,4,100,106,sloppy,1,6
C1m5,4,100,107,greedy,0,5
C1m5,4,100,107,sloppy,0,5
C1m5,4,100,108,greedy,0,2
C1m5,4,100,108,sloppy,0,2
C1m5,4,100,109,greedy,1,6
C1m5,4,100,109,sloppy,0,4
C1m5,4,100,110,greedy,0,0
C1m5,4,100,110,sloppy,0,3
C1m5,4,100,111,greedy,0,2
C1m5,4,100,111,sloppy,0,2
C1m5,4,100,112,greedy,0,0
C1m5,4,100,112,sloppy,0,0
C1m5,4,100,113,greedy,0,1
C1m5,4,100,113,sloppy,0,1
C1m5,4,100,114,greedy,1,6
C1m5,4,100,114,sloppy,1,6
C1m5,4,100,115,greedy,0,5
C1m5,4,100,115,sloppy,0,2
C1m5,4,100,116,greedy,0,1
C1m5,4,100,116,sloppy,0,1
C1m5,4,100,117,greedy,0,2
C1m5,4,100,117,sloppy,0,2
C1m5,4,100,118,greedy,1,6
C1m5,4,100,118,sloppy,0,5
C1m5,4,100,119,greedy,0,3
C1m5,4,100,119,sloppy,0,2
C1m5,4,120,120,greedy,1,6
C1m5,4,120,120,sloppy,0,5
C1m5,4,120,121,greedy,0,0
C1m5,4,120,121,sloppy,0,4
C1m5,4,120,122,greedy,1,6
C1m5,4,120,122,sloppy,1,6
C1m5,4,120,123,greedy,0,3
C1m5,4,120,123,sloppy,0,5
C1m5,4,120,124,greedy,0,5
C1m5,4,120,124,sloppy,0,2
C1m5,4,120,125,greedy,0,1
C1m5,4,120,125,sloppy,0,5
C1m5,4,120,126,greedy,0,1
C1m5,4,120,126,sloppy,0,4
C1m5,4,120,127,greedy,0,4
C1m5,4,120,127,sloppy,0,4
C1m5,4,120,128,greedy,0,3
C1m5,4,120,128,sloppy,0,3
C1m5,4,120,129,greedy,0,2
C1m5,4,120,129,sloppy,1,6
C1m5,4,120,130,greedy,0,2
C1m5,4,120,130,sloppy,0,2
C1m5,4,120,131,greedy,0,1
C1m5,4,120,131,sloppy,0,3
C1m5,4,120,132,greedy,0,3
C1m5,4,120,132,sloppy,0,1
C1m5,4,120,133,greedy,1,6
C1m5,4,120,133,sloppy,0,3
C1m5,4,120,134,greedy,1,6
C1m5,4,120,134,sloppy,0,2
C1m5,4,120,135,greedy,0,5
C1m5,4,120,135,sloppy,1,6
C1m5,4,120,136,greedy,0,5
C1m5,4,120,136,sloppy,0,4
C1m5,4,120,137,greedy,1,6
C1m5,4,120,137,sloppy,0,5
C1m5,4,120,138,greedy,0,4
C1m5,4,120,138,sloppy,0,3
C1m5,4,120,139,greedy,0,2
C1m5,4,120,139,sloppy,0,3
C1m5,4,140,140,greedy,0,1
C1m5,4,140,140,sloppy,0,2
C1m5,4,140,141,greedy,0,2
C1m5,4,140,141,sloppy,0,2
C1m5,4,140,142,greedy,0,3
C1m5,4,140,142,sloppy,0,4
C1m5,4,140,143,greedy,1,6
C1m5,4,140,143,sloppy,1,6
C1m5,4,140,144,greedy,0,5
C1m5,4,140,144,sloppy,0,4
C1m5,4,140,145,greedy,0,3
C1m5,4,140,145,sloppy,1,6
C1m5,4,140,146,greedy,0,4
C1m5,4,140,146,sloppy,0,1
C1m5,4,140,147,greedy,0,1
C1m5,4,140,147,sloppy,0,5
C1m5,4,140,148,greedy,0,2
C1m5,4,140,148,sloppy,0,2
C1m5,4,140,149,greedy,0,5
C1m5,4,140,149,sloppy,1,6
C1m5,4,140,150,greedy,1,6
C1m5,4,140,150,sloppy,0,1
C1m5,4,140,151,greedy,0,5
C1m5,4,140,151,sloppy,0,3
C1m5,4,140,152,greedy,1,6
C1m5,4,140,152,sloppy,1,6
C1m5,4,140,153,greedy,0,5
C1m5,4,140,153,sloppy,0,5
C1m5,4,140,154,greedy,0,3
C1m5,4,140,154,sloppy,1,6
C1m5,4,140,155,greedy,0,5
C1m5,4,140,155,sloppy,0,5
C1m5,4,140,156,greedy,1,6
C1m5,4,140,156,sloppy,0,0
C1m5,4,140,157,greedy,0,1
C1m5,4,140,157,sloppy,0,5
C1m5,4,140,158,greedy,0,2
C1m5,4,140,158,sloppy,0,2
C1m5,4,140,159,greedy,0,2
C1m5,4,140,159,sloppy,0,5
C1m5,4,20,20,greedy,0,2
C1m5,4,20,20,sloppy,0,2
C1m5,4,20,21,greedy,1,6
C1m5,4,20,21,sloppy,0,1
C1m5,4,20,22,greedy,0,3
C1m5,4,20,22,sloppy,0,5
C1m5,4,20,23,greedy,1,6
C1m5,4,20,23,sloppy,0,5
C1m5,4,20,24,greedy,0,5
C1m5,4,20,24,sloppy,0,0
C1m5,4,20,25,greedy,0,5
C1m5,4,20,25,sloppy,0,5
C1m5,4,20,26,greedy,0,2
C1m5,4,20,26,sloppy,0,2
C1m5,4,20,27,greedy,0,5
C1m5,4,20,27,sloppy,1,6
C1m5,4,20,28,greedy,0,4
C1m5,4,20,28,sloppy,0,4
C1m5,4,20,29,greedy,0,3
C1m5,4,20,29,sloppy,0,3
C1m5,4,20,30,greedy,1,6
C1m5,4,20,30,sloppy,0,5
C1m5,4,20,31,greedy,1,6
C1m5,4,20,31,sloppy,1,6
C1m5,4,20,32,greedy,0,5
C1m5,4,20,32,sloppy,1,6
C1m5,4,20,33,greedy,0,0
C1m5,4,20,33,sloppy,0,4
C1m5,4,20,34,greedy,0,2
C1m5,4,20,34,sloppy,0,4
C1m5,4,20,35,greedy,0,4
C1m5,4,20,35,sloppy,0,2
C1m5,4,20,36,greedy,0,2
C1m5,4,20,36,sloppy,0,2
C1m5,4,20,37,greedy,1,6
C1m5,4,20,37,sloppy,0,5
C1m5,4,20,38,greedy,0,3
C1m5,4,20,38,sloppy,0,3
C1m5,4,20,39,greedy,1,6
C1m5,4,20,39,sloppy,0,5
C1m5,4,40,40,greedy,0,2
C1m5,4,40,40,sloppy,0,2
C1m5,4,40,41,greedy,0,5
C1m5,4,40,41,sloppy,0,5
C1m5,4,40,42,greedy,0,5
C1m5,4,40,42,sloppy,0,0
C1m5,4,40,43,greedy,0,4
C1m5,4,40,43,sloppy,0,2
C1m5,4,40,44,greedy,0,5
C1m5,4,40,44,sloppy,0,3
C1m5,4,40,45,greedy,0,4
C1m5,4,40,45,sloppy,0,4
C1m5,4,40,46,greedy,0,0
C1m5,4,40,46,sloppy,0,0
C1m5,4,40,47,greedy,1,6
C1m5,4,40,47,sloppy,1,6
C1m5,4,40,48,greedy,0,2
C1m5,4,40,48,sloppy,0,2
C1m5,4,40,49,greedy,0,5
C1m5,4,40,49,sloppy,0,5
C1m5,4,40,50,greedy,1,6
C1m5,4,40,50,sloppy,0,4
C1m5,4,40,51,greedy,0,1
C1m5,4,40,51,sloppy,0,1
C1m5,4,40,52,greedy,0,1
C1m5,4,40,52,sloppy,0,1
C1m5,4,40,53,greedy,0,3
C1m5,4,40,53,sloppy,0,3
C1m5,4,40,54,greedy,0,5
C1m5,4,40,54,sloppy,0,5
C1m5,4,40,55,greedy,1,6
C1m5,4,40,55,sloppy,1,6
C1m5,4,40,56,greedy,1,6
C1m5,4,40,56,sloppy,1,6
C1m5,4,40,57,greedy,0,5
C1m5,4,40,57,sloppy,0,3
C1m5,4,40,58,greedy,0,2
C1m5,4,40,58,sloppy,0,3
C1m5,4,40,59,greedy,0,5
C1m5,4,40,59,sloppy,0,5
C1m5,4,60,60,greedy,0,5
C1m5,4,60,60,sloppy,1,6
C1m5,4,60,61,greedy,0,5
C1m5,4,60,61,sloppy,0,2
C1m5,4,60,62,greedy,0,4
C1m5,4,60,62,sloppy,0,3
C1m5,4,60,63,greedy,0,3
C1m5,4,60,63,sloppy,0,3
C1m5,4,60,64,greedy,0,1
C1m5,4,60,64,sloppy,0,3
C1m5,4,60,65,greedy,1,6
C1m5,4,60,65,sloppy,0,5
C1m5,4,60,66,greedy,1,6
C1m5,4,60,66,sloppy,0,5
C1m5,4,60,67,greedy,0,4
C1m5,4,60,67,sloppy,0,4
C1m5,4,60,68,greedy,0,3
C1m5,4,60,68,sloppy,0,5
C1m5,4,60,69,greedy,1,6
C1m5,4,60,69,sloppy,0,2
C1m5,4,60,70,greedy,1,6
C1m5,4,60,70,sloppy,0,4
C1m5,4,60,71,greedy,1,6
C1m5,4,60,71,sloppy,0,5
C1m5,4,60,72,greedy,0,4
C1m5,4,60,72,sloppy,0,4
C1m5,4,60,73,greedy,0,5
C1m5,4,60,73,sloppy,0,3
C1m5,4,60,74,greedy,0,4
C1m5,4,60,74,sloppy,0,5
C1m5,4,60,75,greedy,0,5
C1m5,4,60,75,sloppy,0,5
C1m5,4,60,76,greedy,0,2
C1m5,4,60,76,sloppy,0,1
C1m5,4,60,77,greedy,1,6
C1m5,4,60,77,sloppy,1,6
C1m5,4,60,78,greedy,1,6
C1m5,4,60,78,sloppy,0,3
C1m5,4,60,79,greedy,1,6
C1m5,4,60,79,sloppy,1,6
C1m5,4,80,80,greedy,1,6
C1m5,4,80,80,sloppy,0,5
C1m5,4,80,81,greedy,0,2
C1m5,4,80,81,sloppy,0,3
C1m5,4,80,82,greedy,0,2
C1m5,4,80,82,sloppy,0,2
C1m5,4,80,83,greedy,0,5
C1m5,4,80,83,sloppy,0,5
C1m5,4,80,84,greedy,1,6
C1m5,4,80,84,sloppy,0,5
C1m5,4,80,85,greedy,0,3
C1m5,4,80,85,sloppy,0,5
C1m5,4,80,86,greedy,0,5
C1m5,4,80,86,sloppy,0,5
C1m5,4,80,87,greedy,0,1
C1m5,4,80,87,sloppy,0,1
C1m5,4,80,88,greedy,0,2
C1m5,4,80,88,sloppy,0,2
C1m5,4,80,89,greedy,0,2
C1m5,4,80,89,sloppy,0,4
C1m5,4,80,90,greedy,0,4
C1m5,4,80,90,sloppy,0,5
C1m5,4,80,91,greedy,0,1
C1m5,4,80,91,sloppy,0,4
C1m5,4,80,92,greedy,0,4
C1m5,4,80,92,sloppy,0,5
C1m5,4,80,93,greedy,1,6
C1m5,4,80,93,sloppy,0,5
C1m5,4,80,94,greedy,0,3
C1m5,4,80,94,sloppy,0,2
C1m5,4,80,95,greedy,0,5
C1m5,4,80,95,sloppy,1,6
C1m5,4,80,96,greedy,0,4
C1m5,4,80,96,sloppy,0,4
C1m5,4,80,97,greedy,0,2
C1m5,4,80,97,sloppy,0,2
C1m5,4,80,98,greedy,0,2
C1m5,4,80,98,sloppy,0,3
C1m5,4,80,99,greedy,0,3
C1m5,4,80,99,sloppy,0,5
C1m5,5,0,0,greedy,1,6
C1m5,5,0,0,sloppy,0,2
C1m5,5,0,1,greedy,0,3
C1m5,5,0,1,sloppy,0,5
C1m5,5,0,2,greedy,0,3
C1m5,5,0,2,sloppy,0,2
C1m5,5,0,3,greedy,0,3
C1m5,5,0,3,sloppy,0,3
C1m5,5,0,4,greedy,0,2
C1m5,5,0,4,sloppy,0,3
C1m5,5,0,5,greedy,1,6
C1m5,5,0,5,sloppy,1,6
C1m5,5,0,6,greedy,0,2
C1m5,5,0,6,sloppy,0,3
C1m5,5,0,7,greedy,0,5
C1m5,5,0,7,sloppy,0,2
C1m5,5,0,8,greedy,0,2
C1m5,5,0,8,sloppy,0,3
C1m5,5,0,9,greedy,1,6
C1m5,5,0,9,sloppy,0,5
C1m5,5,0,10,greedy,0,1
C1m5,5,0,10,sloppy,0,1
C1m5,5,0,11,greedy,0,5
C1m5,5,0,11,sloppy,0,3
C1m5,5,0,12,greedy,0,3
C1m5,5,0,12,sloppy,1,6
C1m5,5,0,13,greedy,0,2
C1m5,5,0,13,sloppy,0,5
C1m5,5,0,14,greedy,0,3
C1m5,5,0,14,sloppy,0,3
C1m5,5,0,15,greedy,0,5
C1m5,5,0,15,sloppy,0,5
C1m5,5,0,16,greedy,0,5
C1m5,5,0,16,sloppy,0,1
C1m5,5,0,17,greedy,0,2
C1m5,5,0,17,sloppy,0,5
C1m5,5,0,18,greedy,0,2
C1m5,5,0,18,sloppy,0,2
C1m5,5,0,19,greedy,0,3
C1m5,5,0,19,sloppy,1,6
C1m5,5,100,100,greedy,0,4
C1m5,5,100,100,sloppy,0,5
C1m5,5,100,101,greedy,0,5
C1m5,5,100,101,sloppy,1,6
C1m5,5,100,102,greedy,0,1
C1m5,5,100,102,sloppy,0,4
C1m5,5,100,103,greedy,0,2
C1m5,5,100,103,sloppy,1,6
C1m5,5,100,104,greedy,0,3
C1m5,5,100,104,sloppy,0,3
C1m5,5,100,105,greedy,0,5
C1m5,5,100,105,sloppy,0,3
C1m5,5,100,106,greedy,0,5
C1m5,5,100,106,sloppy,0,5
C1m5,5,100,107,greedy,0,5
C1m5,5,100,107,sloppy,0,5
C1m5,5,100,108,greedy,0,2
C1m5,5,100,108,sloppy,0,2
C1m5,5,100,109,greedy,1,6
C1m5,5,100,109,sloppy,1,6
C1m5,5,100,110,greedy,0,0
C1m5,5,100,110,sloppy,0,1
C1m5,5,100,111,greedy,0,2
C1m5,5,100,111,sloppy,0,4
C1m5,5,100,112,greedy,0,0
C1m5,5,100,112,sloppy,0,0
C1m5,5,100,113,greedy,0,1
C1m5,5,100,113,sloppy,0,4
C1m5,5,100,114,greedy,0,5
C1m5,5,100,114,sloppy,1,6
C1m5,5,100,115,greedy,0,2
C1m5,5,100,115,sloppy,0,2
C1m5,5,100,116,greedy,0,1
C1m5,5,100,116,sloppy,0,1
C1m5,5,100,117,greedy,0,2
C1m5,5,100,117,sloppy,0,2
C1m5,5,100,118,greedy,1,6
C1m5,5,100,118,sloppy,0,5
C1m5,5,100,119,greedy,0,2
C1m5,5,100,119,sloppy,0,3
C1m5,5,120,120,greedy,1,6
C1m5,5,120,120,sloppy,1,6
C1m5,5,120,121,greedy,0,0
C1m5,5,120,121,sloppy,0,4
C1m5,5,120,122,greedy,1,6
C1m5,5,120,122,sloppy,0,3
C1m5,5,120,123,greedy,0,3
C1m5,5,120,123,sloppy,1,6
C1m5,5,120,124,greedy,0,2
C1m5,5,120,124,sloppy,0,5
C1m5,5,120,125,greedy,0,1
C1m5,5,120,125,sloppy,1,6
C1m5,5,120,126,greedy,0,1
C1m5,5,120,126,sloppy,0,4
C1m5,5,120,127,greedy,1,6
C1m5,5,120,127,sloppy,1,6
C1m5,5,120,128,greedy,0,2
C1m5,5,120,128,sloppy,0,2
C1m5,5,120,129,greedy,0,5
C1m5,5,120,129,sloppy,1,6
C1m5,5,120,130,greedy,0,2
C1m5,5,120,130,sloppy,0,2
C1m5,5,120,131,greedy,0,1
C1m5,5,120,131,sloppy,0,5
C1m5,5,120,132,greedy,0,5
C1m5,5,120,132,sloppy,0,1
C1m5,5,120,133,greedy,0,3
C1m5,5,120,133,sloppy,0,3
C1m5,5,120,134,greedy,0,4
C1m5,5,120,134,sloppy,1,6
C1m5,5,120,135,greedy,0,5
C1m5,5,120,135,sloppy,1,6
C1m5,5,120,136,greedy,0,4
C1m5,5,120,136,sloppy,0,5
C1m5,5,120,137,greedy,1,6
C1m5,5,120,137,sloppy,0,5
C1m5,5,120,138,greedy,0,4
C1m5,5,120,138,sloppy,0,3
C1m5,5,120,139,greedy,0,2
C1m5,5,120,139,sloppy,0,2
C1m5,5,140,140,greedy,0,1
C1m5,5,140,140,sloppy,0,2
C1m5,5,140,141,greedy,0,2
C1m5,5,140,141,sloppy,0,2
C1m5,5,140,142,greedy,0,4
C1m5,5,140,142,sloppy,0,3
C1m5,5,140,143,greedy,0,1
C1m5,5,140,143,sloppy,0,1
C1m5,5,140,144,greedy,1,6
C1m5,5,140,144,sloppy,0,3
C1m5,5,140,145,greedy,1,6
C1m5,5,140,145,sloppy,0,3
C1m5,5,140,146,greedy,0,1
C1m5,5,140,146,sloppy,0,1
C1m5,5,140,147,greedy,0,1
C1m5,5,140,147,sloppy,1,6
C1m5,5,140,148,greedy,0,4
C1m5,5,140,148,sloppy,1,6
C1m5,5,140,149,greedy,1,6
C1m5,5,140,149,sloppy,1,6
C1m5,5,140,150,greedy,0,1
C1m5,5,140,150,sloppy,1,6
C1m5,5,140,151,greedy,0,3
C1m5,5,140,151,sloppy,0,3
C1m5,5,140,152,greedy,0,2
C1m5,5,140,152,sloppy,0,2
C1m5,5,140,153,greedy,0,4
C1m5,5,140,153,sloppy,0,4
C1m5,5,140,154,greedy,0,1
C1m5,5,140,154,sloppy,0,4
C1m5,5,140,155,greedy,1,6
C1m5,5,140,155,sloppy,0,5
C1m5,5,140,156,greedy,1,6
C1m5,5,140,156,sloppy,0,0
C1m5,5,140,157,greedy,0,1
C1m5,5,140,157,sloppy,0,1
C1m5,5,140,158,greedy,0,5
C1m5,5,140,158,sloppy,0,2
C1m5,5,140,159,greedy,0,5
C1m5,5,140,159,sloppy,0,2
C1m5,5,20,20,greedy,0,2
C1m5,5,20,20,sloppy,0,4
C1m5,5,20,21,greedy,0,4
C1m5,5,20,21,sloppy,0,1
C1m5,5,20,22,greedy,0,3
C1m5,5,20,22,sloppy,0,2
C1m5,5,20,23,greedy,0,5
C1m5,5,20,23,sloppy,1,6
C1m5,5,20,24,greedy,0,5
C1m5,5,20,24,sloppy,0,0
C1m5,5,20,25,greedy,0,5
C1m5,5,20,25,sloppy,0,5
C1m5,5,20,26,greedy,0,4
C1m5,5,20,26,sloppy,0,2
C1m5,5,20,27,greedy,1,6
C1m5,5,20,27,sloppy,0,5
C1m5,5,20,28,greedy,0,4
C1m5,5,20,28,sloppy,0,4
C1m5,5,20,29,greedy,0,3
C1m5,5,20,29,sloppy,0,3
C1m5,5,20,30,greedy,0,5
C1m5,5,20,30,sloppy,0,4
C1m5,5,20,31,greedy,0,3
C1m5,5,20,31,sloppy,0,5
C1m5,5,20,32,greedy,1,6
C1m5,5,20,32,sloppy,1,6
C1m5,5,20,33,greedy,0,0
C1m5,5,20,33,sloppy,0,2
C1m5,5,20,34,greedy,0,4
C1m5,5,20,34,sloppy,1,6
C1m5,5,20,35,greedy,0,2
C1m5,5,20,35,sloppy,0,2
C1m5,5,20,36,greedy,0,3
C1m5,5,20,36,sloppy,0,2
C1m5,5,20,37,greedy,0,5
C1m5,5,20,37,sloppy,1,6
C1m5,5,20,38,greedy,0,3
C1m5,5,20,38,sloppy,1,6
C1m5,5,20,39,greedy,0,4
C1m5,5,20,39,sloppy,0,4
C1m5,5,40,40,greedy,0,2
C1m5,5,40,40,sloppy,0,2
C1m5,5,40,41,greedy,0,5
C1m5,5,40,41,sloppy,0,5
C1m5,5,40,42,greedy,1,6
C1m5,5,40,42,sloppy,0,0
C1m5,5,40,43,greedy,0,3
C1m5,5,40,43,sloppy,0,2
C1m5,5,40,44,greedy,0,3
C1m5,5,40,44,sloppy,0,3
C1m5,5,40,45,greedy,0,4
C1m5,5,40,45,sloppy,0,4
C1m5,5,40,46,greedy,0,0
C1m5,5,40,46,sloppy,0,0
C1m5,5,40,47,greedy,0,5
C1m5,5,40,47,sloppy,1,6
C1m5,5,40,48,greedy,0,2
C1m5,5,40,48,sloppy,0,2
C1m5,5,40,49,greedy,0,5
C1m5,5,40,49,sloppy,0,5
C1m5,5,40,50,greedy,0,4
C1m5,5,40,50,sloppy,0,4
C1m5,5,40,51,greedy,0,5
C1m5,5,40,51,sloppy,1,6
C1m5,5,40,52,greedy,0,1
C1m5,5,40,52,sloppy,0,1
C1m5,5,40,53,greedy,1,6
C1m5,5,40,53,sloppy,0,5
C1m5,5,40,54,greedy,1,6
C1m5,5,40,54,sloppy,0,5
C1m5,5,40,55,greedy,0,5
C1m5,5,40,55,sloppy,1,6
C1m5,5,40,56,greedy,0,5
C1m5,5,40,56,sloppy,0,5
C1m5,5,40,57,greedy,0,2
C1m5,5,40,57,sloppy,0,5
C1m5,5,40,58,greedy,0,2
C1m5,5,40,58,sloppy,0,2
C1m5,5,40,59,greedy,0,4
C1m5,5,40,59,sloppy,0,5
C1m5,5,60,60,greedy,0,1
C1m5,5,60,60,sloppy,0,5
C1m5,5,60,61,greedy,0,2
C1m5,5,60,61,sloppy,0,2
C1m5,5,60,62,greedy,0,5
C1m5,5,60,62,sloppy,1,6
C1m5,5,60,63,greedy,0,3
C1m5,5,60,63,sloppy,1,6
C1m5,5,60,64,greedy,0,1
C1m5,5,60,64,sloppy,0,3
C1m5,5,60,65,greedy,1,6
C1m5,5,60,65,sloppy,0,2
C1m5,5,60,66,greedy,0,5
C1m5,5,60,66,sloppy,0,2
C1m5,5,60,67,greedy,0,4
C1m5,5,60,67,sloppy,0,4
C1m5,5,60,68,greedy,0,5
C1m5,5,60,68,sloppy,0,3
C1m5,5,60,69,greedy,1,6
C1m5,5,60,69,sloppy,1,6
C1m5,5,60,70,greedy,1,6
C1m5,5,60,70,sloppy,0,4
C1m5,5,60,71,greedy,1,6
C1m5,5,60,71,sloppy,1,6
C1m5,5,60,72,greedy,0,2
C1m5,5,60,72,sloppy,0,2
C1m5,5,60,73,greedy,0,3
C1m5,5,60,73,sloppy,0,5
C1m5,5,60,74,greedy,0,2
C1m5,5,60,74,sloppy,1,6
C1m5,5,60,75,greedy,0,5
C1m5,5,60,75,sloppy,0,5
C1m5,5,60,76,greedy,0,2
C1m5,5,60,76,sloppy,0,1
C1m5,5,60,77,greedy,0,2
C1m5,5,60,77,sloppy,1,6
C1m5,5,60,78,greedy,1,6
C1m5,5,60,78,sloppy,0,5
C1m5,5,60,79,greedy,1,6
C1m5,5,60,79,sloppy,0,2
C1m5,5,80,80,greedy,0,3
C1m5,5,80,80,sloppy,1,6
C1m5,5,80,81,greedy,0,5
C1m5,5,80,81,sloppy,0,2
C1m5,5,80,82,greedy,0,2
C1m5,5,80,82,sloppy,0,2
C1m5,5,80,83,greedy,1,6
C1m5,5,80,83,sloppy,0,5
C1m5,5,80,84,greedy,1,6
C1m5,5,80,84,sloppy,0,5
C1m5,5,80,85,greedy,0,4
C1m5,5,80,85,sloppy,1,6
C1m5,5,80,86,greedy,0,5
C1m5,5,80,86,sloppy,0,5
C1m5,5,80,87,greedy,0,1
C1m5,5,80,87,sloppy,0,1
C1m5,5,80,88,greedy,0,2
C1m5,5,80,88,sloppy,0,2
C1m5,5,80,89,greedy,0,4
C1m5,5,80,89,sloppy,0,4
C1m5,5,80,90,greedy,0,4
C1m5,5,80,90,sloppy,1,6
C1m5,5,80,91,greedy,1,6
C1m5,5,80,91,sloppy,0,4
C1m5,5,80,92,greedy,0,5
C1m5,5,80,92,sloppy,1,6
C1m5,5,80,93,greedy,1,6
C1m5,5,80,93,sloppy,1,6
C1m5,5,80,94,greedy,0,2
C1m5,5,80,94,sloppy,0,2
C1m5,5,80,95,greedy,0,5
C1m5,5,80,95,sloppy,1,6
C1m5,5,80,96,greedy,0,4
C1m5,5,80,96,sloppy,0,4
C1m5,5,80,97,greedy,0,2
C1m5,5,80,97,sloppy,0,2
C1m5,5,80,98,greedy,0,3
C1m5,5,80,98,sloppy,0,3
C1m5,5,80,99,greedy,0,3
C1m5,5,80,99,sloppy,0,3
C1m5,6,0,0,greedy,0,2
C1m5,6,0,0,sloppy,0,2
C1m5,6,0,1,greedy,0,4
C1m5,6,0,1,sloppy,0,4
C1m5,6,0,2,greedy,0,2
C1m5,6,0,2,sloppy,0,5
C1m5,6,0,3,greedy,0,4
C1m5,6,0,3,sloppy,0,4
C1m5,6,0,4,greedy,0,3
C1m5,6,0,4,sloppy,0,3
C1m5,6,0,5,greedy,0,4
C1m5,6,0,5,sloppy,0,2
C1m5,6,0,6,greedy,0,4
C1m5,6,0,6,sloppy,0,3
C1m5,6,0,7,greedy,1,6
C1m5,6,0,7,sloppy,0,3
C1m5,6,0,8,greedy,0,3
C1m5,6,0,8,sloppy,0,3
C1m5,6,0,9,greedy,0,2
C1m5,6,0,9,sloppy,0,2
C1m5,6,0,10,greedy,0,1
C1m5,6,0,10,sloppy,0,1
C1m5,6,0,11,greedy,0,5
C1m5,6,0,11,sloppy,0,5
C1m5,6,0,12,greedy,0,3
C1m5,6,0,12,sloppy,0,3
C1m5,6,0,13,greedy,0,2
C1m5,6,0,13,sloppy,0,3
C1m5,6,0,14,greedy,0,3
C1m5,6,0,14,sloppy,0,5
C1m5,6,0,15,greedy,1,6
C1m5,6,0,15,sloppy,0,5
C1m5,6,0,16,greedy,0,1
C1m5,6,0,16,sloppy,0,1
C1m5,6,0,17,greedy,0,4
C1m5,6,0,17,sloppy,0,5
C1m5,6,0,18,greedy,1,6
C1m5,6,0,18,sloppy,1,6
C1m5,6,0,19,greedy,0,3
C1m5,6,0,19,sloppy,0,3
C1m5,6,100,100,greedy,0,5
C1m5,6,100,100,sloppy,0,5
C1m5,6,100,101,greedy,0,3
C1m5,6,100,101,sloppy,0,5
C1m5,6,100,102,greedy,0,4
C1m5,6,100,102,sloppy,0,3
C1m5,6,100,103,greedy,0,5
C1m5,6,100,103,sloppy,0,5
C1m5,6,100,104,greedy,0,2
C1m5,6,100,104,sloppy,0,2
C1m5,6,100,105,greedy,0,5
C1m5,6,100,105,sloppy,0,1
C1m5,6,100,106,greedy,0,3
C1m5,6,100,106,sloppy,0,3
C1m5,6,100,107,greedy,0,1
C1m5,6,100,107,sloppy,0,5
C1m5,6,100,108,greedy,0,2
C1m5,6,100,108,sloppy,0,2
C1m5,6,100,109,greedy,0,2
C1m5,6,100,109,sloppy,0,3
C1m5,6,100,110,greedy,0,2
C1m5,6,100,110,sloppy,0,3
C1m5,6,100,111,greedy,0,2
C1m5,6,100,111,sloppy,0,2
C1m5,6,100,112,greedy,0,4
C1m5,6,100,112,sloppy,0,4
C1m5,6,100,113,greedy,0,5
C1m5,6,100,113,sloppy,0,5
C1m5,6,100,114,greedy,0,2
C1m5,6,100,114,sloppy,0,2
C1m5,6,100,115,greedy,0,2
C1m5,6,100,115,sloppy,0,2
C1m5,6,100,116,greedy,0,1
C1m5,6,100,116,sloppy,0,1
C1m5,6,100,117,greedy,0,2
C1m5,6,100,117,sloppy,0,2
C1m5,6,100,118,greedy,0,3
C1m5,6,100,118,sloppy,0,3
C1m5,6,100,119,greedy,0,3
C1m5,6,100,119,sloppy,1,6
C1m5,6,120,120,greedy,0,3
C1m5,6,120,120,sloppy,0,3
C1m5,6,120,121,greedy,0,2
C1m5,6,120,121,sloppy,0,2
C1m5,6,120,122,greedy,0,5
C1m5,6,120,122,sloppy,0,2
C1m5,6,120,123,greedy,1,6
C1m5,6,120,123,sloppy,1,6
C1m5,6,120,124,greedy,0,2
C1m5,6,120,124,sloppy,0,2
C1m5,6,120,125,greedy,1,6
C1m5,6,120,125,sloppy,0,1
C1m5,6,120,126,greedy,0,1
C1m5,6,120,126,sloppy,0,2
C1m5,6,120,127,greedy,1,6
C1m5,6,120,127,sloppy,0,3
C1m5,6,120,128,greedy,0,3
C1m5,6,120,128,sloppy,1,6
C1m5,6,120,129,greedy,0,5
C1m5,6,120,129,sloppy,0,5
C1m5,6,120,130,greedy,0,0
C1m5,6,120,130,sloppy,0,2
C1m5,6,120,131,greedy,1,6
C1m5,6,120,131,sloppy,1,6
C1m5,6,120,132,greedy,0,3
C1m5,6,120,132,sloppy,0,3
C1m5,6,120,133,greedy,0,5
C1m5,6,120,133,sloppy,0,3
C1m5,6,120,134,greedy,0,5
C1m5,6,120,134,sloppy,1,6
C1m5,6,120,135,greedy,0,5
C1m5,6,120,135,sloppy,0,4
C1m5,6,120,136,greedy,0,4
C1m5,6,120,136,sloppy,1,6
C1m5,6,120,137,greedy,0,3
C1m5,6,120,137,sloppy,1,6
C1m5,6,120,138,greedy,0,4
C1m5,6,120,138,sloppy,0,4
C1m5,6,120,139,greedy,0,2
C1m5,6,120,139,sloppy,0,2
C1m5,6,140,140,greedy,0,3
C1m5,6,140,140,sloppy,0,5
C1m5,6,140,141,greedy,0,2
C1m5,6,140,141,sloppy,0,2
C1m5,6,140,142,greedy,0,3
C1m5,6,140,142,sloppy,0,3
C1m5,6,140,143,greedy,0,3
C1m5,6,140,143,sloppy,0,3
C1m5,6,140,144,greedy,0,4
C1m5,6,140,144,sloppy,0,2
C1m5,6,140,145,greedy,0,2
C1m5,6,140,145,sloppy,0,5
C1m5,6,140,146,greedy,0,4
C1m5,6,140,146,sloppy,0,1
C1m5,6,140,147,greedy,0,2
C1m5,6,140,147,sloppy,0,2
C1m5,6,140,148,greedy,0,4
C1m5,6,140,148,sloppy,0,5
C1m5,6,140,149,greedy,1,6
C1m5,6,140,149,sloppy,0,5
C1m5,6,140,150,greedy,0,5
C1m5,6,140,150,sloppy,1,6
C1m5,6,140,151,greedy,0,0
C1m5,6,140,151,sloppy,0,5
C1m5,6,140,152,greedy,1,6
C1m5,6,140,152,sloppy,1,6
C1m5,6,140,153,greedy,0,5
C1m5,6,140,153,sloppy,0,4
C1m5,6,140,154,greedy,0,2
C1m5,6,140,154,sloppy,0,2
C1m5,6,140,155,greedy,0,2
C1m5,6,140,155,sloppy,0,3
C1m5,6,140,156,greedy,0,0
C1m5,6,140,156,sloppy,0,0
C1m5,6,140,157,greedy,0,5
C1m5,6,140,157,sloppy,0,5
C1m5,6,140,158,greedy,0,2
C1m5,6,140,158,sloppy,1,6
C1m5,6,140,159,greedy,0,1
C1m5,6,140,159,sloppy,0,2
C1m5,6,20,20,greedy,0,4
C1m5,6,20,20,sloppy,0,2
C1m5,6,20,21,greedy,0,4
C1m5,6,20,21,sloppy,0,4
C1m5,6,20,22,greedy,0,3
C1m5,6,20,22,sloppy,0,0
C1m5,6,20,23,greedy,1,6
C1m5,6,20,23,sloppy,0,5
C1m5,6,20,24,greedy,0,5
C1m5,6,20,24,sloppy,0,3
C1m5,6,20,25,greedy,0,1
C1m5,6,20,25,sloppy,0,5
C1m5,6,20,26,greedy,0,2
C1m5,6,20,26,sloppy,0,2
C1m5,6,20,27,greedy,0,4
C1m5,6,20,27,sloppy,0,4
C1m5,6,20,28,greedy,0,3
C1m5,6,20,28,sloppy,0,4
C1m5,6,20,29,greedy,0,1
C1m5,6,20,29,sloppy,0,1
C1m5,6,20,30,greedy,0,1
C1m5,6,20,30,sloppy,0,5
C1m5,6,20,31,greedy,0,3
C1m5,6,20,31,sloppy,0,3
C1m5,6,20,32,greedy,0,3
C1m5,6,20,32,sloppy,0,5
C1m5,6,20,33,greedy,0,4
C1m5,6,20,33,sloppy,0,3
C1m5,6,20,34,greedy,0,4
C1m5,6,20,34,sloppy,0,4
C1m5,6,20,35,greedy,0,2
C1m5,6,20,35,sloppy,0,2
C1m5,6,20,36,greedy,0,5
C1m5,6,20,36,sloppy,0,2
C1m5,6,20,37,greedy,1,6
C1m5,6,20,37,sloppy,0,5
C1m5,6,20,38,greedy,0,3
C1m5,6,20,38,sloppy,1,6
C1m5,6,20,39,greedy,0,2
C1m5,6,20,39,sloppy,0,2
C1m5,6,40,40,greedy,0,5
C1m5,6,40,40,sloppy,0,3
C1m5,6,40,41,greedy,1,6
C1m5,6,40,41,sloppy,0,3
C1m5,6,40,42,greedy,0,5
C1m5,6,40,42,sloppy,0,4
C1m5,6,40,43,greedy,0,4
C1m5,6,40,43,sloppy,0,4
C1m5,6,40,44,greedy,0,5
C1m5,6,40,44,sloppy,0,2
C1m5,6,40,45,greedy,0,4
C1m5,6,40,45,sloppy,0,3
C1m5,6,40,46,greedy,0,4
C1m5,6,40,46,sloppy,0,4
C1m5,6,40,47,greedy,1,6
C1m5,6,40,47,sloppy,0,5
C1m5,6,40,48,greedy,0,2
C1m5,6,40,48,sloppy,0,2
C1m5,6,40,49,greedy,0,3
C1m5,6,40,49,sloppy,0,5
C1m5,6,40,50,greedy,0,2
C1m5,6,40,50,sloppy,0,4
C1m5,6,40,51,greedy,0,1
C1m5,6,40,51,sloppy,0,0
C1m5,6,40,52,greedy,1,6
C1m5,6,40,52,sloppy,0,5
C1m5,6,40,53,greedy,0,2
C1m5,6,40,53,sloppy,0,3
C1m5,6,40,54,greedy,0,5
C1m5,6,40,54,sloppy,0,5
C1m5,6,40,55,greedy,0,3
C1m5,6,40,55,sloppy,0,2
C1m5,6,40,56,greedy,1,6
C1m5,6,40,56,sloppy,0,5
C1m5,6,40,57,greedy,0,5
C1m5,6,40,57,sloppy,0,5
C1m5,6,40,58,greedy,0,2
C1m5,6,40,58,sloppy,0,2
C1m5,6,40,59,greedy,0,5
C1m5,6,40,59,sloppy,0,2
C1m5,6,60,60,greedy,0,3
C1m5,6,60,60,sloppy,0,2
C1m5,6,60,61,greedy,0,2
C1m5,6,60,61,sloppy,0,4
C1m5,6,60,62,greedy,0,2
C1m5,6,60,62,sloppy,0,2
C1m5,6,60,63,greedy,0,1
C1m5,6,60,63,sloppy,0,5
C1m5,6,60,64,greedy,0,3
C1m5,6,60,64,sloppy,0,1
C1m5,6,60,65,greedy,0,2
C1m5,6,60,65,sloppy,0,2
C1m5,6,60,66,greedy,0,5
C1m5,6,60,66,sloppy,1,6
C1m5,6,60,67,greedy,0,1
C1m5,6,60,67,sloppy,0,2
C1m5,6,60,68,greedy,0,5
C1m5,6,60,68,sloppy,0,2
C1m5,6,60,69,greedy,0,2
C1m5,6,60,69,sloppy,0,4
C1m5,6,60,70,greedy,0,4
C1m5,6,60,70,sloppy,0,1
C1m5,6,60,71,greedy,0,2
C1m5,6,60,71,sloppy,0,2
C1m5,6,60,72,greedy,0,4
C1m5,6,60,72,sloppy,1,6
C1m5,6,60,73,greedy,1,6
C1m5,6,60,73,sloppy,0,5
C1m5,6,60,74,greedy,0,2
C1m5,6,60,74,sloppy,0,2
C1m5,6,60,75,greedy,0,5
C1m5,6,60,75,sloppy,0,2
C1m5,6,60,76,greedy,0,5
C1m5,6,60,76,sloppy,0,2
C1m5,6,60,77,greedy,0,5
C1m5,6,60,77,sloppy,1,6
C1m5,6,60,78,greedy,0,2
C1m5,6,60,78,sloppy,0,5
C1m5,6,60,79,greedy,0,5
C1m5,6,60,79,sloppy,0,2
C1m5,6,80,80,greedy,0,5
C1m5,6,80,80,sloppy,0,2
C1m5,6,80,81,greedy,0,3
C1m5,6,80,81,sloppy,0,3
C1m5,6,80,82,greedy,0,3
C1m5,6,80,82,sloppy,0,3
C1m5,6,80,83,greedy,0,0
C1m5,6,80,83,sloppy,0,3
C1m5,6,80,84,greedy,1,6
C1m5,6,80,84,sloppy,0,3
C1m5,6,80,85,greedy,0,5
C1m5,6,80,85,sloppy,0,5
C1m5,6,80,86,greedy,0,2
C1m5,6,80,86,sloppy,0,2
C1m5,6,80,87,greedy,0,1
C1m5,6,80,87,sloppy,0,1
C1m5,6,80,88,greedy,0,2
C1m5,6,80,88,sloppy,0,2
C1m5,6,80,89,greedy,0,4
C1m5,6,80,89,sloppy,0,2
C1m5,6,80,90,greedy,0,3
C1m5,6,80,90,sloppy,0,0
C1m5,6,80,91,greedy,0,3
C1m5,6,80,91,sloppy,0,2
C1m5,6,80,92,greedy,0,3
C1m5,6,80,92,sloppy,0,4
C1m5,6,80,93,greedy,0,1
C1m5,6,80,93,sloppy,0,3
C1m5,6,80,94,greedy,0,2
C1m5,6,80,94,sloppy,0,2
C1m5,6,80,95,greedy,0,5
C1m5,6,80,95,sloppy,0,1
C1m5,6,80,96,greedy,0,4
C1m5,6,80,96,sloppy,0,5
C1m5,6,80,97,greedy,0,4
C1m5,6,80,97,sloppy,0,3
C1m5,6,80,98,greedy,1,6
C1m5,6,80,98,sloppy,0,2
C1m5,6,80,99,greedy,0,3
C1m5,6,80,99,sloppy,1,6
C1m5,7,0,0,greedy,0,2
C1m5,7,0,0,sloppy,0,5
C1m5,7,0,1,greedy,0,4
C1m5,7,0,1,sloppy,0,4
C1m5,7,0,2,greedy,0,2
C1m5,7,0,2,sloppy,0,2
C1m5,7,0,3,greedy,0,4
C1m5,7,0,3,sloppy,0,3
C1m5,7,0,4,greedy,0,3
C1m5,7,0,4,sloppy,0,3
C1m5,7,0,5,greedy,1,6
C1m5,7,0,5,sloppy,0,1
C1m5,7,0,6,greedy,0,3
C1m5,7,0,6,sloppy,0,3
C1m5,7,0,7,greedy,0,2
C1m5,7,0,7,sloppy,0,4
C1m5,7,0,8,greedy,0,5
C1m5,7,0,8,sloppy,1,6
C1m5,7,0,9,greedy,0,2
C1m5,7,0,9,sloppy,0,3
C1m5,7,0,10,greedy,0,1
C1m5,7,0,10,sloppy,0,1
C1m5,7,0,11,greedy,0,5
C1m5,7,0,11,sloppy,0,2
C1m5,7,0,12,greedy,0,3
C1m5,7,0,12,sloppy,0,3
C1m5,7,0,13,greedy,0,5
C1m5,7,0,13,sloppy,0,2
C1m5,7,0,14,greedy,1,6
C1m5,7,0,14,sloppy,0,3
C1m5,7,0,15,greedy,1,6
C1m5,7,0,15,sloppy,0,5
C1m5,7,0,16,greedy,0,3
C1m5,7,0,16,sloppy,0,3
C1m5,7,0,17,greedy,0,4
C1m5,7,0,17,sloppy,0,4
C1m5,7,0,18,greedy,1,6
C1m5,7,0,18,sloppy,0,5
C1m5,7,0,19,greedy,0,3
C1m5,7,0,19,sloppy,0,2
C1m5,7,100,100,greedy,0,5
C1m5,7,100,100,sloppy,0,5
C1m5,7,100,101,greedy,0,3
C1m5,7,100,101,sloppy,0,3
C1m5,7,100,102,greedy,0,1
C1m5,7,100,102,sloppy,0,3
C1m5,7,100,103,greedy,0,3
C1m5,7,100,103,sloppy,0,5
C1m5,7,100,104,greedy,0,2
C1m5,7,100,104,sloppy,0,2
C1m5,7,100,105,greedy,0,5
C1m5,7,100,105,sloppy,0,3
C1m5,7,100,106,greedy,0,3
C1m5,7,100,106,sloppy,0,3
C1m5,7,100,107,greedy,0,3
C1m5,7,100,107,sloppy,0,5
C1m5,7,100,108,greedy,0,2
C1m5,7,100,108,sloppy,0,2
C1m5,7,100,109,greedy,0,2
C1m5,7,100,109,sloppy,0,3
C1m5,7,100,110,greedy,0,1
C1m5,7,100,110,sloppy,0,1
C1m5,7,100,111,greedy,0,2
C1m5,7,100,111,sloppy,0,2
C1m5,7,100,112,greedy,0,4
C1m5,7,100,112,sloppy,0,4
C1m5,7,100,113,greedy,1,6
C1m5,7,100,113,sloppy,0,4
C1m5,7,100,114,greedy,0,4
C1m5,7,100,114,sloppy,0,5
C1m5,7,100,115,greedy,0,2
C1m5,7,100,115,sloppy,0,2
C1m5,7,100,116,greedy,0,1
C1m5,7,100,116,sloppy,0,1
C1m5,7,100,117,greedy,0,2
C1m5,7,100,117,sloppy,0,2
C1m5,7,100,118,greedy,1,6
C1m5,7,100,118,sloppy,1,6
C1m5,7,100,119,greedy,0,3
C1m5,7,100,119,sloppy,0,2
C1m5,7,120,120,greedy,0,3
C1m5,7,120,120,sloppy,0,3
C1m5,7,120,121,greedy,0,2
C1m5,7,120,121,sloppy,0,2
C1m5,7,120,122,greedy,1,6
C1m5,7,120,122,sloppy,0,5
C1m5,7,120,123,greedy,0,5
C1m5,7,120,123,sloppy,1,6
C1m5,7,120,124,greedy,0,2
C1m5,7,120,124,sloppy,0,2
C1m5,7,120,125,greedy,0,1
C1m5,7,120,125,sloppy,0,1
C1m5,7,120,126,greedy,0,2
C1m5,7,120,126,sloppy,0,2
C1m5,7,120,127,greedy,0,4
C1m5,7,120,127,sloppy,0,3
C1m5,7,120,128,greedy,0,3
C1m5,7,120,128,sloppy,0,3
C1m5,7,120,129,greedy,0,5
C1m5,7,120,129,sloppy,0,5
C1m5,7,120,130,greedy,0,0
C1m5,7,120,130,sloppy,0,2
C1m5,7,120,131,greedy,1,6
C1m5,7,120,131,sloppy,0,5
C1m5,7,120,132,greedy,0,3
C1m5,7,120,132,sloppy,0,5
C1m5,7,120,133,greedy,0,3
C1m5,7,120,133,sloppy,0,3
C1m5,7,120,134,greedy,0,5
C1m5,7,120,134,sloppy,0,3
C1m5,7,120,135,greedy,0,4
C1m5,7,120,135,sloppy,1,6
C1m5,7,120,136,greedy,0,1
C1m5,7,120,136,sloppy,0,3
C1m5,7,120,137,greedy,0,5
C1m5,7,120,137,sloppy,0,5
C1m5,7,120,138,greedy,0,2
C1m5,7,120,138,sloppy,0,2
C1m5,7,120,139,greedy,0,2
C1m5,7,120,139,sloppy,0,2
C1m5,7,140,140,greedy,0,2
C1m5,7,140,140,sloppy,0,2
C1m5,7,140,141,greedy,0,2
C1m5,7,140,141,sloppy,0,2
C1m5,7,140,142,greedy,0,3
C1m5,7,140,142,sloppy,0,3
C1m5,7,140,143,greedy,0,4
C1m5,7,140,143,sloppy,0,5
C1m5,7,140,144,greedy,0,2
C1m5,7,140,144,sloppy,0,5
C1m5,7,140,145,greedy,0,2
C1m5,7,140,145,sloppy,0,2
C1m5,7,140,146,greedy,0,4
C1m5,7,140,146,sloppy,0,1
C1m5,7,140,147,greedy,0,1
C1m5,7,140,147,sloppy,0,5
C1m5,7,140,148,greedy,0,4
C1m5,7,140,148,sloppy,0,4
C1m5,7,140,149,greedy,0,2
C1m5,7,140,149,sloppy,0,2
C1m5,7,140,150,greedy,0,4
C1m5,7,140,150,sloppy,0,5
C1m5,7,140,151,greedy,0,0
C1m5,7,140,151,sloppy,0,4
C1m5,7,140,152,greedy,1,6
C1m5,7,140,152,sloppy,1,6
C1m5,7,140,153,greedy,0,5
C1m5,7,140,153,sloppy,0,1
C1m5,7,140,154,greedy,0,2
C1m5,7,140,154,sloppy,0,2
C1m5,7,140,155,greedy,1,6
C1m5,7,140,155,sloppy,0,2
C1m5,7,140,156,greedy,0,0
C1m5,7,140,156,sloppy,0,0
C1m5,7,140,157,greedy,0,3
C1m5,7,140,157,sloppy,0,3
C1m5,7,140,158,greedy,0,2
C1m5,7,140,158,sloppy,0,2
C1m5,7,140,159,greedy,0,5
C1m5,7,140,159,sloppy,0,1
C1m5,7,20,20,greedy,0,4
C1m5,7,20,20,sloppy,1,6
C1m5,7,20,21,greedy,0,4
C1m5,7,20,21,sloppy,0,3
C1m5,7,20,22,greedy,0,2
C1m5,7,20,22,sloppy,0,0
C1m5,7,20,23,greedy,0,2
C1m5,7,20,23,sloppy,0,5
C1m5,7,20,24,greedy,0,3
C1m5,7,20,24,sloppy,0,3
C1m5,7,20,25,greedy,0,5
C1m5,7,20,25,sloppy,0,5
C1m5,7,20,26,greedy,0,2
C1m5,7,20,26,sloppy,0,2
C1m5,7,20,27,greedy,0,4
C1m5,7,20,27,sloppy,0,1
C1m5,7,20,28,greedy,0,5
C1m5,7,20,28,sloppy,0,3
C1m5,7,20,29,greedy,0,3
C1m5,7,20,29,sloppy,0,3
C1m5,7,20,30,greedy,0,5
C1m5,7,20,30,sloppy,0,4
C1m5,7,20,31,greedy,0,3
C1m5,7,20,31,sloppy,0,3
C1m5,7,20,32,greedy,1,6
C1m5,7,20,32,sloppy,0,3
C1m5,7,20,33,greedy,0,4
C1m5,7,20,33,sloppy,0,5
C1m5,7,20,34,greedy,0,4
C1m5,7,20,34,sloppy,0,4
C1m5,7,20,35,greedy,0,2
C1m5,7,20,35,sloppy,0,2
C1m5,7,20,36,greedy,0,2
C1m5,7,20,36,sloppy,0,2
C1m5,7,20,37,greedy,1,6
C1m5,7,20,37,sloppy,0,5
C1m5,7,20,38,greedy,0,3
C1m5,7,20,38,sloppy,0,2
C1m5,7,20,39,greedy,0,2
C1m5,7,20,39,sloppy,0,2
C1m5,7,40,40,greedy,0,5
C1m5,7,40,40,sloppy,0,5
C1m5,7,40,41,greedy,0,2
C1m5,7,40,41,sloppy,1,6
C1m5,7,40,42,greedy,0,5
C1m5,7,40,42,sloppy,0,2
C1m5,7,40,43,greedy,0,3
C1m5,7,40,43,sloppy,0,4
C1m5,7,40,44,greedy,0,2
C1m5,7,40,44,sloppy,0,2
C1m5,7,40,45,greedy,0,3
C1m5,7,40,45,sloppy,0,1
C1m5,7,40,46,greedy,0,4
C1m5,7,40,46,sloppy,0,4
C1m5,7,40,47,greedy,1,6
C1m5,7,40,47,sloppy,0,3
C1m5,7,40,48,greedy,0,2
C1m5,7,40,48,sloppy,0,2
C1m5,7,40,49,greedy,0,5
C1m5,7,40,49,sloppy,0,5
C1m5,7,40,50,greedy,0,2
C1m5,7,40,50,sloppy,0,2
C1m5,7,40,51,greedy,0,5
C1m5,7,40,51,sloppy,0,0
C1m5,7,40,52,greedy,0,4
C1m5,7,40,52,sloppy,0,5
C1m5,7,40,53,greedy,0,2
C1m5,7,40,53,sloppy,0,3
C1m5,7,40,54,greedy,0,2
C1m5,7,40,54,sloppy,0,2
C1m5,7,40,55,greedy,0,2
C1m5,7,40,55,sloppy,0,3
C1m5,7,40,56,greedy,0,1
C1m5,7,40,56,sloppy,0,1
C1m5,7,40,57,greedy,0,2
C1m5,7,40,57,sloppy,0,2
C1m5,7,40,58,greedy,0,2
C1m5,7,40,58,sloppy,0,2
C1m5,7,40,59,greedy,0,2
C1m5,7,40,59,sloppy,0,2
C1m5,7,60,60,greedy,0,5
C1m5,7,60,60,sloppy,0,3
C1m5,7,60,61,greedy,0,2
C1m5,7,60,61,sloppy,0,5
C1m5,7,60,62,greedy,0,2
C1m5,7,60,62,sloppy,0,2
C1m5,7,60,63,greedy,0,1
C1m5,7,60,63,sloppy,0,5
C1m5,7,60,64,greedy,0,3
C1m5,7,60,64,sloppy,0,3
C1m5,7,60,65,greedy,0,1
C1m5,7,60,65,sloppy,0,2
C1m5,7,60,66,greedy,0,2
C1m5,7,60,66,sloppy,0,3
C1m5,7,60,67,greedy,0,1
C1m5,7,60,67,sloppy,0,2
C1m5,7,60,68,greedy,0,5
C1m5,7,60,68,sloppy,0,5
C1m5,7,60,69,greedy,0,5
C1m5,7,60,69,sloppy,0,2
C1m5,7,60,70,greedy,0,4
C1m5,7,60,70,sloppy,0,5
C1m5,7,60,71,greedy,0,5
C1m5,7,60,71,sloppy,1,6
C1m5,7,60,72,greedy,0,4
C1m5,7,60,72,sloppy,0,4
C1m5,7,60,73,greedy,1,6
C1m5,7,60,73,sloppy,1,6
C1m5,7,60,74,greedy,0,5
C1m5,7,60,74,sloppy,0,3
C1m5,7,60,75,greedy,0,5
C1m5,7,60,75,sloppy,0,2
C1m5,7,60,76,greedy,0,2
C1m5,7,60,76,sloppy,0,2
C1m5,7,60,77,greedy,1,6
C1m5,7,60,77,sloppy,0,3
C1m5,7,60,78,greedy,0,2
C1m5,7,60,78,sloppy,0,2
C1m5,7,60,79,greedy,0,2
C1m5,7,60,79,sloppy,0,2
C1m5,7,80,80,greedy,0,2
C1m5,7,80,80,sloppy,1,6
C1m5,7,80,81,greedy,1,6
C1m5,7,80,81,sloppy,0,3
C1m5,7,80,82,greedy,0,3
C1m5,7,80,82,sloppy,0,3
C1m5,7,80,83,greedy,0,0
C1m5,7,80,83,sloppy,0,5
C1m5,7,80,84,greedy,0,5
C1m5,7,80,84,sloppy,0,3
C1m5,7,80,85,greedy,0,5
C1m5,7,80,85,sloppy,1,6
C1m5,7,80,86,greedy,0,1
C1m5,7,80,86,sloppy,0,4
C1m5,7,80,87,greedy,0,1
C1m5,7,80,87,sloppy,0,1
C1m5,7,80,88,greedy,0,2
C1m5,7,80,88,sloppy,0,2
C1m5,7,80,89,greedy,0,2
C1m5,7,80,89,sloppy,0,2
C1m5,7,80,90,greedy,1,6
C1m5,7,80,90,sloppy,0,0
C1m5,7,80,91,greedy,0,4
C1m5,7,80,91,sloppy,0,4
C1m5,7,80,92,greedy,0,3
C1m5,7,80,92,sloppy,0,3
C1m5,7,80,93,greedy,0,1
C1m5,7,80,93,sloppy,0,1
C1m5,7,80,94,greedy,0,2
C1m5,7,80,94,sloppy,0,2
C1m5,7,80,95,greedy,1,6
C1m5,7,80,95,sloppy,0,2
C1m5,7,80,96,greedy,0,4
C1m5,7,80,96,sloppy,0,4
C1m5,7,80,97,greedy,1,6
C1m5,7,80,97,sloppy,0,4
C1m5,7,80,98,greedy,0,4
C1m5,7,80,98,sloppy,0,4
C1m5,7,80,99,greedy,0,3
C1m5,7,80,99,sloppy,0,3
C1m5,8,0,0,greedy,0,1
C1m5,8,0,0,sloppy,0,2
C1m5,8,0,1,greedy,0,2
C1m5,8,0,1,sloppy,0,5
C1m5,8,0,2,greedy,0,2
C1m5,8,0,2,sloppy,0,2
C1m5,8,0,3,greedy,0,4
C1m5,8,0,3,sloppy,0,4
C1m5,8,0,4,greedy,0,3
C1m5,8,0,4,sloppy,0,3
C1m5,8,0,5,greedy,0,4
C1m5,8,0,5,sloppy,0,1
C1m5,8,0,6,greedy,0,1
C1m5,8,0,6,sloppy,0,3
C1m5,8,0,7,greedy,0,2
C1m5,8,0,7,sloppy,0,2
C1m5,8,0,8,greedy,0,3
C1m5,8,0,8,sloppy,0,3
C1m5,8,0,9,greedy,0,2
C1m5,8,0,9,sloppy,0,3
C1m5,8,0,10,greedy,0,1
C1m5,8,0,10,sloppy,0,1
C1m5,8,0,11,greedy,0,2
C1m5,8,0,11,sloppy,0,2
C1m5,8,0,12,greedy,0,2
C1m5,8,0,12,sloppy,0,3
C1m5,8,0,13,greedy,0,5
C1m5,8,0,13,sloppy,0,5
C1m5,8,0,14,greedy,0,5
C1m5,8,0,14,sloppy,0,5
C1m5,8,0,15,greedy,1,6
C1m5,8,0,15,sloppy,0,3
C1m5,8,0,16,greedy,0,1
C1m5,8,0,16,sloppy,0,3
C1m5,8,0,17,greedy,0,4
C1m5,8,0,17,sloppy,0,4
C1m5,8,0,18,greedy,1,6
C1m5,8,0,18,sloppy,0,3
C1m5,8,0,19,greedy,0,4
C1m5,8,0,19,sloppy,0,3
C1m5,8,100,100,greedy,0,4
C1m5,8,100,100,sloppy,0,5
C1m5,8,100,101,greedy,0,3
C1m5,8,100,101,sloppy,0,3
C1m5,8,100,102,greedy,0,3
C1m5,8,100,102,sloppy,0,3
C1m5,8,100,103,greedy,0,5
C1m5,8,100,103,sloppy,1,6
C1m5,8,100,104,greedy,0,2
C1m5,8,100,104,sloppy,0,2
C1m5,8,100,105,greedy,0,3
C1m5,8,100,105,sloppy,0,3
C1m5,8,100,106,greedy,1,6
C1m5,8,100,106,sloppy,0,5
C1m5,8,100,107,greedy,0,5
C1m5,8,100,107,sloppy,1,6
C1m5,8,100,108,greedy,0,2
C1m5,8,100,108,sloppy,0,2
C1m5,8,100,109,greedy,0,2
C1m5,8,100,109,sloppy,0,3
C1m5,8,100,110,greedy,0,2
C1m5,8,100,110,sloppy,0,1
C1m5,8,100,111,greedy,0,2
C1m5,8,100,111,sloppy,0,2
C1m5,8,100,112,greedy,0,3
C1m5,8,100,112,sloppy,0,4
C1m5,8,100,113,greedy,0,5
C1m5,8,100,113,sloppy,0,4
C1m5,8,100,114,greedy,0,2
C1m5,8,100,114,sloppy,0,2
C1m5,8,100,115,greedy,0,2
C1m5,8,100,115,sloppy,0,3
C1m5,8,100,116,greedy,0,3
C1m5,8,100,116,sloppy,0,1
C1m5,8,100,117,greedy,0,2
C1m5,8,100,117,sloppy,0,2
C1m5,8,100,118,greedy,0,3
C1m5,8,100,118,sloppy,0,3
C1m5,8,100,119,greedy,0,1
C1m5,8,100,119,sloppy,0,1
C1m5,8,120,120,greedy,0,3
C1m5,8,120,120,sloppy,0,3
C1m5,8,120,121,greedy,0,2
C1m5,8,120,121,sloppy,0,2
C1m5,8,120,122,greedy,0,3
C1m5,8,120,122,sloppy,0,5
C1m5,8,120,123,greedy,0,5
C1m5,8,120,123,sloppy,1,6
C1m5,8,120,124,greedy,0,2
C1m5,8,120,124,sloppy,0,2
C1m5,8,120,125,greedy,0,1
C1m5,8,120,125,sloppy,0,3
C1m5,8,120,126,greedy,0,4
C1m5,8,120,126,sloppy,0,2
C1m5,8,120,127,greedy,0,3
C1m5,8,120,127,sloppy,0,3
C1m5,8,120,128,greedy,0,3
C1m5,8,120,128,sloppy,0,3
C1m5,8,120,129,greedy,0,1
C1m5,8,120,129,sloppy,0,5
C1m5,8,120,130,greedy,0,0
C1m5,8,120,130,sloppy,0,2
C1m5,8,120,131,greedy,0,4
C1m5,8,120,131,sloppy,1,6
C1m5,8,120,132,greedy,1,6
C1m5,8,120,132,sloppy,0,3
C1m5,8,120,133,greedy,0,1
C1m5,8,120,133,sloppy,0,3
C1m5,8,120,134,greedy,0,3
C1m5,8,120,134,sloppy,0,3
C1m5,8,120,135,greedy,0,5
C1m5,8,120,135,sloppy,0,4
C1m5,8,120,136,greedy,0,1
C1m5,8,120,136,sloppy,0,1
C1m5,8,120,137,greedy,0,5
C1m5,8,120,137,sloppy,0,5
C1m5,8,120,138,greedy,0,4
C1m5,8,120,138,sloppy,0,4
C1m5,8,120,139,greedy,0,2
C1m5,8,120,139,sloppy,0,2
C1m5,8,140,140,greedy,0,2
C1m5,8,140,140,sloppy,0,2
C1m5,8,140,141,greedy,0,2
C1m5,8,140,141,sloppy,0,2
C1m5,8,140,142,greedy,0,4
C1m5,8,140,142,sloppy,0,3
C1m5,8,140,143,greedy,0,3
C1m5,8,140,143,sloppy,0,3
C1m5,8,140,144,greedy,0,4
C1m5,8,140,144,sloppy,0,2
C1m5,8,140,145,greedy,0,1
C1m5,8,140,145,sloppy,0,2
C1m5,8,140,146,greedy,1,6
C1m5,8,140,146,sloppy,0,5
C1m5,8,140,147,greedy,0,1
C1m5,8,140,147,sloppy,0,1
C1m5,8,140,148,greedy,0,3
C1m5,8,140,148,sloppy,0,4
C1m5,8,140,149,greedy,0,1
C1m5,8,140,149,sloppy,0,2
C1m5,8,140,150,greedy,0,4
C1m5,8,140,150,sloppy,0,3
C1m5,8,140,151,greedy,0,0
C1m5,8,140,151,sloppy,0,3
C1m5,8,140,152,greedy,1,6
C1m5,8,140,152,sloppy,1,6
C1m5,8,140,153,greedy,0,4
C1m5,8,140,153,sloppy,0,1
C1m5,8,140,154,greedy,0,2
C1m5,8,140,154,sloppy,0,2
C1m5,8,140,155,greedy,1,6
C1m5,8,140,155,sloppy,0,1
C1m5,8,140,156,greedy,0,0
C1m5,8,140,156,sloppy,0,0
C1m5,8,140,157,greedy,0,3
C1m5,8,140,157,sloppy,0,5
C1m5,8,140,158,greedy,0,2
C1m5,8,140,158,sloppy,0,3
C1m5,8,140,159,greedy,1,6
C1m5,8,140,159,sloppy,0,1
C1m5,8,20,20,greedy,0,2
C1m5,8,20,20,sloppy,0,2
C1m5,8,20,21,greedy,0,3
C1m5,8,20,21,sloppy,0,4
C1m5,8,20,22,greedy,0,2
C1m5,8,20,22,sloppy,0,0
C1m5,8,20,23,greedy,0,2
C1m5,8,20,23,sloppy,0,1
C1m5,8,20,24,greedy,0,5
C1m5,8,20,24,sloppy,0,3
C1m5,8,20,25,greedy,0,1
C1m5,8,20,25,sloppy,0,5
C1m5,8,20,26,greedy,0,2
C1m5,8,20,26,sloppy,0,2
C1m5,8,20,27,greedy,1,6
C1m5,8,20,27,sloppy,0,0
C1m5,8,20,28,greedy,1,6
C1m5,8,20,28,sloppy,0,3
C1m5,8,20,29,greedy,0,3
C1m5,8,20,29,sloppy,0,3
C1m5,8,20,30,greedy,0,4
C1m5,8,20,30,sloppy,0,1
C1m5,8,20,31,greedy,0,3
C1m5,8,20,31,sloppy,0,3
C1m5,8,20,32,greedy,1,6
C1m5,8,20,32,sloppy,1,6
C1m5,8,20,33,greedy,0,4
C1m5,8,20,33,sloppy,0,4
C1m5,8,20,34,greedy,1,6
C1m5,8,20,34,sloppy,0,4
C1m5,8,20,35,greedy,0,1
C1m5,8,20,35,sloppy,0,2
C1m5,8,20,36,greedy,0,2
C1m5,8,20,36,sloppy,0,2
C1m5,8,20,37,greedy,0,5
C1m5,8,20,37,sloppy,1,6
C1m5,8,20,38,greedy,0,3
C1m5,8,20,38,sloppy,0,2
C1m5,8,20,39,greedy,0,2
C1m5,8,20,39,sloppy,0,2
C1m5,8,40,40,greedy,0,2
C1m5,8,40,40,sloppy,0,3
C1m5,8,40,41,greedy,0,5
C1m5,8,40,41,sloppy,0,3
C1m5,8,40,42,greedy,0,5
C1m5,8,40,42,sloppy,0,4
C1m5,8,40,43,greedy,0,3
C1m5,8,40,43,sloppy,0,3
C1m5,8,40,44,greedy,0,3
C1m5,8,40,44,sloppy,0,2
C1m5,8,40,45,greedy,0,4
C1m5,8,40,45,sloppy,0,4
C1m5,8,40,46,greedy,0,5
C1m5,8,40,46,sloppy,0,5
C1m5,8,40,47,greedy,0,3
C1m5,8,40,47,sloppy,0,5
C1m5,8,40,48,greedy,0,2
C1m5,8,40,48,sloppy,0,2
C1m5,8,40,49,greedy,0,3
C1m5,8,40,49,sloppy,0,3
C1m5,8,40,50,greedy,0,4
C1m5,8,40,50,sloppy,0,2
C1m5,8,40,51,greedy,0,1
C1m5,8,40,51,sloppy,0,0
C1m5,8,40,52,greedy,0,4
C1m5,8,40,52,sloppy,0,1
C1m5,8,40,53,greedy,0,2
C1m5,8,40,53,sloppy,0,2
C1m5,8,40,54,greedy,0,2
C1m5,8,40,54,sloppy,0,2
C1m5,8,40,55,greedy,0,3
C1m5,8,40,55,sloppy,0,2
C1m5,8,40,56,greedy,0,1
C1m5,8,40,56,sloppy,0,1
C1m5,8,40,57,greedy,0,2
C1m5,8,40,57,sloppy,0,3
C1m5,8,40,58,greedy,0,2
C1m5,8,40,58,sloppy,0,2
C1m5,8,40,59,greedy,0,5
C1m5,8,40,59,sloppy,0,2
C1m5,8,60,60,greedy,0,3
C1m5,8,60,60,sloppy,0,2
C1m5,8,60,61,greedy,0,2
C1m5,8,60,61,sloppy,0,5
C1m5,8,60,62,greedy,0,2
C1m5,8,60,62,sloppy,0,2
C1m5,8,60,63,greedy,1,6
C1m5,8,60,63,sloppy,0,3
C1m5,8,60,64,greedy,0,2
C1m5,8,60,64,sloppy,0,1
C1m5,8,60,65,greedy,0,1
C1m5,8,60,65,sloppy,0,1
C1m5,8,60,66,greedy,0,2
C1m5,8,60,66,sloppy,0,2
C1m5,8,60,67,greedy,0,1
C1m5,8,60,67,sloppy,0,2
C1m5,8,60,68,greedy,0,3
C1m5,8,60,68,sloppy,0,2
C1m5,8,60,69,greedy,0,5
C1m5,8,60,69,sloppy,0,3
C1m5,8,60,70,greedy,0,1
C1m5,8,60,70,sloppy,0,1
C1m5,8,60,71,greedy,0,2
C1m5,8,60,71,sloppy,0,2
C1m5,8,60,72,greedy,0,4
C1m5,8,60,72,sloppy,0,4
C1m5,8,60,73,greedy,1,6
C1m5,8,60,73,sloppy,0,5
C1m5,8,60,74,greedy,0,2
C1m5,8,60,74,sloppy,0,2
C1m5,8,60,75,greedy,0,1
C1m5,8,60,75,sloppy,0,5
C1m5,8,60,76,greedy,0,2
C1m5,8,60,76,sloppy,0,2
C1m5,8,60,77,greedy,0,2
C1m5,8,60,77,sloppy,1,6
C1m5,8,60,78,greedy,0,2
C1m5,8,60,78,sloppy,0,2
C1m5,8,60,79,greedy,0,3
C1m5,8,60,79,sloppy,0,2
C1m5,8,80,80,greedy,0,2
C1m5,8,80,80,sloppy,0,1
C1m5,8,80,81,greedy,0,3
C1m5,8,80,81,sloppy,1,6
C1m5,8,80,82,greedy,0,3
C1m5,8,80,82,sloppy,1,6
C1m5,8,80,83,greedy,0,0
C1m5,8,80,83,sloppy,0,3
C1m5,8,80,84,greedy,1,6
C1m5,8,80,84,sloppy,0,3
C1m5,8,80,85,greedy,0,5
C1m5,8,80,85,sloppy,0,5
C1m5,8,80,86,greedy,0,1
C1m5,8,80,86,sloppy,0,1
C1m5,8,80,87,greedy,0,1
C1m5,8,80,87,sloppy,0,1
C1m5,8,80,88,greedy,0,2
C1m5,8,80,88,sloppy,0,2
C1m5,8,80,89,greedy,0,2
C1m5,8,80,89,sloppy,0,3
C1m5,8,80,90,greedy,0,3
C1m5,8,80,90,sloppy,0,0
C1m5,8,80,91,greedy,0,2
C1m5,8,80,91,sloppy,0,3
C1m5,8,80,92,greedy,0,5
C1m5,8,80,92,sloppy,0,4
C1m5,8,80,93,greedy,0,1
C1m5,8,80,93,sloppy,0,1
C1m5,8,80,94,greedy,0,2
C1m5,8,80,94,sloppy,0,2
C1m5,8,80,95,greedy,0,2
C1m5,8,80,95,sloppy,0,1
C1m5,8,80,96,greedy,0,4
C1m5,8,80,96,sloppy,0,4
C1m5,8,80,97,greedy,0,3
C1m5,8,80,97,sloppy,0,4
C1m5,8,80,98,greedy,0,4
C1m5,8,80,98,sloppy,0,4
C1m5,8,80,99,greedy,0,4
C1m5,8,80,99,sloppy,1,6
C1r0,0,0,0,greedy,1,6
C1r0,0,0,0,sloppy,0,4
C1r0,0,0,1,greedy,1,6
C1r0,0,0,1,sloppy,1,6
C1r0,0,0,2,greedy,0,2
C1r0,0,0,2,sloppy,0,3
C1r0,0,0,3,greedy,0,5
C1r0,0,0,3,sloppy,1,6
C1r0,0,0,4,greedy,0,5
C1r0,0,0,4,sloppy,0,3
C1r0,0,0,5,greedy,1,6
C1r0,0,0,5,sloppy,1,6
C1r0,0,0,6,greedy,1,6
C1r0,0,0,6,sloppy,1,6
C1r0,0,0,7,greedy,0,5
C1r0,0,0,7,sloppy,1,6
C1r0,0,0,8,greedy,0,2
C1r0,0,0,8,sloppy,0,3
C1r0,0,0,9,greedy,1,6
C1r0,0,0,9,sloppy,1,6
C1r0,0,0,10,greedy,0,1
C1r0,0,0,10,sloppy,0,4
C1r0,0,0,11,greedy,0,5
C1r0,0,0,11,sloppy,0,3
C1r0,0,0,12,greedy,0,5
C1r0,0,0,12,sloppy,0,0
C1r0,0,0,13,greedy,1,6
C1r0,0,0,13,sloppy,1,6
C1r0,0,0,14,greedy,0,3
C1r0,0,0,14,sloppy,0,0
C1r0,0,0,15,greedy,0,1
C1r0,0,0,15,sloppy,1,6
C1r0,0,0,16,greedy,0,1
C1r0,0,0,16,sloppy,1,6
C1r0,0,0,17,greedy,1,6
C1r0,0,0,17,sloppy,1,6
C1r0,0,0,18,greedy,1,6
C1r0,0,0,18,sloppy,1,6
C1r0,0,0,19,greedy,0,4
C1r0,0,0,19,sloppy,1,6
C1r0,0,100,100,greedy,0,4
C1r0,0,100,100,sloppy,0,4
C1r0,0,100,101,greedy,1,6
C1r0,0,100,101,sloppy,1,6
C1r0,0,100,102,greedy,0,4
C1r0,0,100,102,sloppy,0,4
C1r0,0,100,103,greedy,1,6
C1r0,0,100,103,sloppy,0,3
C1r0,0,100,104,greedy,0,3
C1r0,0,100,104,sloppy,0,3
C1r0,0,100,105,greedy,1,6
C1r0,0,100,105,sloppy,0,0
C1r0,0,100,106,greedy,0,1
C1r0,0,100,106,sloppy,1,6
C1r0,0,100,107,greedy,1,6
C1r0,0,100,107,sloppy,0,3
C1r0,0,100,108,greedy,1,6
C1r0,0,100,108,sloppy,0,3
C1r0,0,100,109,greedy,1,6
C1r0,0,100,109,sloppy,1,6
C1r0,0,100,110,greedy,0,0
C1r0,0,100,110,sloppy,0,1
C1r0,0,100,111,greedy,0,2
C1r0,0,100,111,sloppy,1,6
C1r0,0,100,112,greedy,0,0
C1r0,0,100,112,sloppy,0,0
C1r0,0,100,113,greedy,1,6
C1r0,0,100,113,sloppy,0,4
C1r0,0,100,114,greedy,1,6
C1r0,0,100,114,sloppy,1,6
C1r0,0,100,115,greedy,0,2
C1r0,0,100,115,sloppy,0,2
C1r0,0,100,116,greedy,0,1
C1r0,0,100,116,sloppy,0,1
C1r0,0,100,117,greedy,1,6
C1r0,0,100,117,sloppy,0,2
C1r0,0,100,118,greedy,1,6
C1r0,0,100,118,sloppy,1,6
C1r0,0,100,119,greedy,1,6
C1r0,0,100,119,sloppy,1,6
C1r0,0,120,120,greedy,1,6
C1r0,0,120,120,sloppy,1,6
C1r0,0,120,121,greedy,0,0
C1r0,0,120,121,sloppy,1,6
C1r0,0,120,122,greedy,1,6
C1r0,0,120,122,sloppy,0,2
C1r0,0,120,123,greedy,1,6
C1r0,0,120,123,sloppy,1,6
C1r0,0,120,124,greedy,0,5
C1r0,0,120,124,sloppy,0,4
C1r0,0,120,125,greedy,0,1
C1r0,0,120,125,sloppy,0,3
C1r0,0,120,126,greedy,0,4
C1r0,0,120,126,sloppy,1,6
C1r0,0,120,127,greedy,1,6
C1r0,0,120,127,sloppy,0,4
C1r0,0,120,128,greedy,0,3
C1r0,0,120,128,sloppy,0,3
C1r0,0,120,129,greedy,1,6
C1r0,0,120,129,sloppy,1,6
C1r0,0,120,130,greedy,0,2
C1r0,0,120,130,sloppy,0,2
C1r0,0,120,131,greedy,1,6
C1r0,0,120,131,sloppy,1,6
C1r0,0,120,132,greedy,0,1
C1r0,0,120,132,sloppy,1,6
C1r0,0,120,133,greedy,1,6
C1r0,0,120,133,sloppy,0,5
C1r0,0,120,134,greedy,0,4
C1r0,0,120,134,sloppy,1,6
C1r0,0,120,135,greedy,0,5
C1r0,0,120,135,sloppy,1,6
C1r0,0,120,136,greedy,0,4
C1r0,0,120,136,sloppy,0,4
C1r0,0,120,137,greedy,1,6
C1r0,0,120,137,sloppy,1,6
C1r0,0,120,138,greedy,0,4
C1r0,0,120,138,sloppy,0,4
C1r0,0,120,139,greedy,1,6
C1r0,0,120,139,sloppy,0,2
C1r0,0,140,140,greedy,0,5
C1r0,0,140,140,sloppy,0,1
C1r0,0,140,141,greedy,0,2
C1r0,0,140,141,sloppy,0,2
C1r0,0,140,142,greedy,0,3
C1r0,0,140,142,sloppy,0,3
C1r0,0,140,143,greedy,0,4
C1r0,0,140,143,sloppy,1,6
C1r0,0,140,144,greedy,0,5
C1r0,0,140,144,sloppy,0,5
C1r0,0,140,145,greedy,0,3
C1r0,0,140,145,sloppy,0,3
C1r0,0,140,146,greedy,0,1
C1r0,0,140,146,sloppy,0,1
C1r0,0,140,147,greedy,1,6
C1r0,0,140,147,sloppy,0,1
C1r0,0,140,148,greedy,0,5
C1r0,0,140,148,sloppy,1,6
C1r0,0,140,149,greedy,1,6
C1r0,0,140,149,sloppy,1,6
C1r0,0,140,150,greedy,0,1
C1r0,0,140,150,sloppy,1,6
C1r0,0,140,151,greedy,0,5
C1r0,0,140,151,sloppy,1,6
C1r0,0,140,152,greedy,1,6
C1r0,0,140,152,sloppy,1,6
C1r0,0,140,153,greedy,0,4
C1r0,0,140,153,sloppy,0,4
C1r0,0,140,154,greedy,0,4
C1r0,0,140,154,sloppy,0,5
C1r0,0,140,155,greedy,1,6
C1r0,0,140,155,sloppy,1,6
C1r0,0,140,156,greedy,1,6
C1r0,0,140,156,sloppy,0,0
C1r0,0,140,157,greedy,1,6
C1r0,0,140,157,sloppy,1,6
C1r0,0,140,158,greedy,0,2
C1r0,0,140,158,sloppy,0,2
C1r0,0,140,159,greedy,1,6
C1r0,0,140,159,sloppy,1,6
C1r0,0,20,20,greedy,0,2
C1r0,0,20,20,sloppy,0,4
C1r0,0,20,21,greedy,0,4
C1r0,0,20,21,sloppy,0,4
C1r0,0,20,22,greedy,0,4
C1r0,0,20,22,sloppy,1,6
C1r0,0,20,23,greedy,0,5
C1r0,0,20,23,sloppy,1,6
C1r0,0,20,24,greedy,0,5
C1r0,0,20,24,sloppy,0,0
C1r0,0,20,25,greedy,1,6
C1r0,0,20,25,sloppy,0,5
C1r0,0,20,26,greedy,0,2
C1r0,0,20,26,sloppy,0,2
C1r0,0,20,27,greedy,0,5
C1r0,0,20,27,sloppy,1,6
C1r0,0,20,28,greedy,1,6
C1r0,0,20,28,sloppy,1,6
C1r0,0,20,29,greedy,0,3
C1r0,0,20,29,sloppy,0,1
C1r0,0,20,30,greedy,0,5
C1r0,0,20,30,sloppy,1,6
C1r0,0,20,31,greedy,1,6
C1r0,0,20,31,sloppy,1,6
C1r0,0,20,32,greedy,1,6
C1r0,0,20,32,sloppy,0,4
C1r0,0,20,33,greedy,0,0
C1r0,0,20,33,sloppy,0,2
C1r0,0,20,34,greedy,0,4
C1r0,0,20,34,sloppy,1,6
C1r0,0,20,35,greedy,0,2
C1r0,0,20,35,sloppy,0,3
C1r0,0,20,36,greedy,0,2
C1r0,0,20,36,sloppy,0,2
C1r0,0,20,37,greedy,1,6
C1r0,0,20,37,sloppy,0,1
C1r0,0,20,38,greedy,1,6
C1r0,0,20,38,sloppy,1,6
C1r0,0,20,39,greedy,0,3
C1r0,0,20,39,sloppy,0,4
C1r0,0,40,40,greedy,0,5
C1r0,0,40,40,sloppy,1,6
C1r0,0,40,41,greedy,1,6
C1r0,0,40,41,sloppy,0,5
C1r0,0,40,42,greedy,1,6
C1r0,0,40,42,sloppy,0,0
C1r0,0,40,43,greedy,0,2
C1r0,0,40,43,sloppy,0,2
C1r0,0,40,44,greedy,1,6
C1r0,0,40,44,sloppy,1,6
C1r0,0,40,45,greedy,0,1
C1r0,0,40,45,sloppy,0,1
C1r0,0,40,46,greedy,0,0
C1r0,0,40,46,sloppy,0,0
C1r0,0,40,47,greedy,1,6
C1r0,0,40,47,sloppy,0,5
C1r0,0,40,48,greedy,0,2
C1r0,0,40,48,sloppy,0,2
C1r0,0,40,49,greedy,1,6
C1r0,0,40,49,sloppy,0,5
C1r0,0,40,50,greedy,0,4
C1r0,0,40,50,sloppy,0,4
C1r0,0,40,51,greedy,1,6
C1r0,0,40,51,sloppy,1,6
C1r0,0,40,52,greedy,1,6
C1r0,0,40,52,sloppy,0,1
C1r0,0,40,53,greedy,1,6
C1r0,0,40,53,sloppy,0,3
C1r0,0,40,54,greedy,1,6
C1r0,0,40,54,sloppy,1,6
C1r0,0,40,55,greedy,1,6
C1r0,0,40,55,sloppy,1,6
C1r0,0,40,56,greedy,1,6
C1r0,0,40,56,sloppy,1,6
C1r0,0,40,57,greedy,0,5
C1r0,0,40,57,sloppy,1,6
C1r0,0,40,58,greedy,0,4
C1r0,0,40,58,sloppy,0,2
C1r0,0,40,59,greedy,1,6
C1r0,0,40,59,sloppy,1,6
C1r0,0,60,60,greedy,1,6
C1r0,0,60,60,sloppy,1,6
C1r0,0,60,61,greedy,1,6
C1r0,0,60,61,sloppy,0,5
C1r0,0,60,62,greedy,1,6
C1r0,0,60,62,sloppy,1,6
C1r0,0,60,63,greedy,0,3
C1r0,0,60,63,sloppy,0,3
C1r0,0,60,64,greedy,0,4
C1r0,0,60,64,sloppy,0,1
C1r0,0,60,65,greedy,1,6
C1r0,0,60,65,sloppy,1,6
C1r0,0,60,66,greedy,0,3
C1r0,0,60,66,sloppy,0,3
C1r0,0,60,67,greedy,0,4
C1r0,0,60,67,sloppy,0,4
C1r0,0,60,68,greedy,1,6
C1r0,0,60,68,sloppy,0,3
C1r0,0,60,69,greedy,0,5
C1r0,0,60,69,sloppy,1,6
C1r0,0,60,70,greedy,1,6
C1r0,0,60,70,sloppy,0,4
C1r0,0,60,71,greedy,1,6
C1r0,0,60,71,sloppy,0,4
C1r0,0,60,72,greedy,0,4
C1r0,0,60,72,sloppy,0,4
C1r0,0,60,73,greedy,1,6
C1r0,0,60,73,sloppy,0,3
C1r0,0,60,74,greedy,1,6
C1r0,0,60,74,sloppy,0,2
C1r0,0,60,75,greedy,1,6
C1r0,0,60,75,sloppy,1,6
C1r0,0,60,76,greedy,1,6
C1r0,0,60,76,sloppy,1,6
C1r0,0,60,77,greedy,0,1
C1r0,0,60,77,sloppy,1,6
C1r0,0,60,78,greedy,1,6
C1r0,0,60,78,sloppy,1,6
C1r0,0,60,79,greedy,1,6
C1r0,0,60,79,sloppy,1,6
C1r0,0,80,80,greedy,0,5
C1r0,0,80,80,sloppy,0,2
C1r0,0,80,81,greedy,0,2
C1r0,0,80,81,sloppy,0,3
C1r0,0,80,82,greedy,0,4
C1r0,0,80,82,sloppy,0,5
C1r0,0,80,83,greedy,1,6
C1r0,0,80,83,sloppy,0,5
C1r0,0,80,84,greedy,0,5
C1r0,0,80,84,sloppy,1,6
C1r0,0,80,85,greedy,0,3
C1r0,0,80,85,sloppy,0,3
C1r0,0,80,86,greedy,0,1
C1r0,0,80,86,sloppy,1,6
C1r0,0,80,87,greedy,0,1
C1r0,0,80,87,sloppy,0,1
C1r0,0,80,88,greedy,0,2
C1r0,0,80,88,sloppy,1,6
C1r0,0,80,89,greedy,0,1
C1r0,0,80,89,sloppy,1,6
C1r0,0,80,90,greedy,0,5
C1r0,0,80,90,sloppy,1,6
C1r0,0,80,91,greedy,1,6
C1r0,0,80,91,sloppy,0,4
C1r0,0,80,92,greedy,1,6
C1r0,0,80,92,sloppy,0,2
C1r0,0,80,93,greedy,0,5
C1r0,0,80,93,sloppy,1,6
C1r0,0,80,94,greedy,0,4
C1r0,0,80,94,sloppy,0,4
C1r0,0,80,95,greedy,1,6
C1r0,0,80,95,sloppy,1,6
C1r0,0,80,96,greedy,1,6
C1r0,0,80,96,sloppy,0,4
C1r0,0,80,97,greedy,1,6
C1r0,0,80,97,sloppy,0,2
C1r0,0,80,98,greedy,0,3
C1r0,0,80,98,sloppy,0,2
C1r0,0,80,99,greedy,0,4
C1r0,0,80,99,sloppy,0,5
C1r0,4,0,0,greedy,0,4
C1r0,4,0,0,sloppy,0,2
C1r0,4,0,1,greedy,1,6
C1r0,4,0,1,sloppy,0,2
C1r0,4,0,2,greedy,0,3
C1r0,4,0,2,sloppy,0,2
C1r0,4,0,3,greedy,0,5
C1r0,4,0,3,sloppy,0,5
C1r0,4,0,4,greedy,0,2
C1r0,4,0,4,sloppy,0,2
C1r0,4,0,5,greedy,1,6
C1r0,4,0,5,sloppy,1,6
C1r0,4,0,6,greedy,0,5
C1r0,4,0,6,sloppy,0,2
C1r0,4,0,7,greedy,1,6
C1r0,4,0,7,sloppy,1,6
C1r0,4,0,8,greedy,0,3
C1r0,4,0,8,sloppy,0,3
C1r0,4,0,9,greedy,0,5
C1r0,4,0,9,sloppy,1,6
C1r0,4,0,10,greedy,0,5
C1r0,4,0,10,sloppy,0,1
C1r0,4,0,11,greedy,0,3
C1r0,4,0,11,sloppy,0,5
C1r0,4,0,12,greedy,1,6
C1r0,4,0,12,sloppy,1,6
C1r0,4,0,13,greedy,0,5
C1r0,4,0,13,sloppy,0,5
C1r0,4,0,14,greedy,0,2
C1r0,4,0,14,sloppy,0,3
C1r0,4,0,15,greedy,1,6
C1r0,4,0,15,sloppy,1,6
C1r0,4,0,16,greedy,0,5
C1r0,4,0,16,sloppy,0,1
C1r0,4,0,17,greedy,0,5
C1r0,4,0,17,sloppy,1,6
C1r0,4,0,18,greedy,0,2
C1r0,4,0,18,sloppy,0,2
C1r0,4,0,19,greedy,0,5
C1r0,4,0,19,sloppy,0,3
C1r0,4,100,100,greedy,0,1
C1r0,4,100,100,sloppy,0,5
C1r0,4,100,101,greedy,1,6
C1r0,4,100,101,sloppy,1,6
C1r0,4,100,102,greedy,0,1
C1r0,4,100,102,sloppy,0,4
C1r0,4,100,103,greedy,0,2
C1r0,4,100,103,sloppy,0,2
C1r0,4,100,104,greedy,0,3
C1r0,4,100,104,sloppy,0,3
C1r0,4,100,105,greedy,0,5
C1r0,4,100,105,sloppy,1,6
C1r0,4,100,106,greedy,0,5
C1r0,4,100,106,sloppy,1,6
C1r0,4,100,107,greedy,0,5
C1r0,4,100,107,sloppy,0,5
C1r0,4,100,108,greedy,0,2
C1r0,4,100,108,sloppy,0,2
C1r0,4,100,109,greedy,1,6
C1r0,4,100,109,sloppy,0,4
C1r0,4,100,110,greedy,0,0
C1r0,4,100,110,sloppy,0,3
C1r0,4,100,111,greedy,0,2
C1r0,4,100,111,sloppy,0,2
C1r0,4,100,112,greedy,0,0
C1r0,4,100,112,sloppy,0,0
C1r0,4,100,113,greedy,0,1
C1r0,4,100,113,sloppy,0,1
C1r0,4,100,114,greedy,1,6
C1r0,4,100,114,sloppy,1,6
C1r0,4,100,115,greedy,0,5
C1r0,4,100,115,sloppy,0,2
C1r0,4,100,116,greedy,0,1
C1r0,4,100,116,sloppy,0,1
C1r0,4,100,117,greedy,0,2
C1r0,4,100,117,sloppy,0,2
C1r0,4,100,118,greedy,1,6
C1r0,4,100,118,sloppy,0,5
C1r0,4,100,119,greedy,0,3
C1r0,4,100,119,sloppy,0,2
C1r0,4,120,120,greedy,1,6
C1r0,4,120,120,sloppy,0,5
C1r0,4,120,121,greedy,0,0
C1r0,4,120,121,sloppy,0,4
C1r0,4,120,122,greedy,1,6
C1r0,4,120,122,sloppy,1,6
C1r0,4,120,123,greedy,0,3
C1r0,4,120,123,sloppy,0,5
C1r0,4,120,124,greedy,0,5
C1r0,4,120,124,sloppy,0,2
C1r0,4,120,125,greedy,0,1
C1r0,4,120,125,sloppy,0,5
C1r0,4,120,126,greedy,0,1
C1r0,4,120,126,sloppy,0,4
C1r0,4,120,127,greedy,0,4
C1r0,4,120,127,sloppy,0,4
C1r0,4,120,128,greedy,0,3
C1r0,4,120,128,sloppy,0,3
C1r0,4,120,129,greedy,0,2
C1r0,4,120,129,sloppy,1,6
C1r0,4,120,130,greedy,0,2
C1r0,4,120,130,sloppy,0,2
C1r0,4,120,131,greedy,0,1
C1r0,4,120,131,sloppy,0,3
C1r0,4,120,132,greedy,0,3
C1r0,4,120,132,sloppy,0,1
C1r0,4,120,133,greedy,1,6
C1r0,4,120,133,sloppy,0,3
C1r0,4,120,134,greedy,1,6
C1r0,4,120,134,sloppy,0,2
C1r0,4,120,135,greedy,0,5
C1r0,4,120,135,sloppy,1,6
C1r0,4,120,136,greedy,0,5
C1r0,4,120,136,sloppy,0,4
C1r0,4,120,137,greedy,1,6
C1r0,4,120,137,sloppy,0,5
C1r0,4,120,138,greedy,0,4
C1r0,4,120,138,sloppy,0,3
C1r0,4,120,139,greedy,0,2
C1r0,4,120,139,sloppy,0,3
C1r0,4,140,140,greedy,0,1
C1r0,4,140,140,sloppy,0,2
C1r0,4,140,141,greedy,0,2
C1r0,4,140,141,sloppy,0,2
C1r0,4,140,142,greedy,0,3
C1r0,4,140,142,sloppy,0,4
C1r0,4,140,143,greedy,1,6
C1r0,4,140,143,sloppy,1,6
C1r0,4,140,144,greedy,0,5
C1r0,4,140,144,sloppy,0,4
C1r0,4,140,145,greedy,0,3
C1r0,4,140,145,sloppy,1,6
C1r0,4,140,146,greedy,0,4
C1r0,4,140,146,sloppy,0,1
C1r0,4,140,147,greedy,0,1
C1r0,4,140,147,sloppy,0,5
C1r0,4,140,148,greedy,0,2
C1r0,4,140,148,sloppy,0,2
C1r0,4,140,149,greedy,0,5
C1r0,4,140,149,sloppy,1,6
C1r0,4,140,150,greedy,1,6
C1r0,4,140,150,sloppy,0,1
C1r0,4,140,151,greedy,0,5
C1r0,4,140,151,sloppy,0,3
C1r0,4,140,152,greedy,1,6
C1r0,4,140,152,sloppy,1,6
C1r0,4,140,153,greedy,0,5
C1r0,4,140,153,sloppy,0,5
C1r0,4,140,154,greedy,0,3
C1r0,4,140,154,sloppy,1,6
C1r0,4,140,155,greedy,0,5
C1r0,4,140,155,sloppy,0,5
C1r0,4,140,156,greedy,1,6
C1r0,4,140,156,sloppy,0,0
C1r0,4,140,157,greedy,0,1
C1r0,4,140,157,sloppy,0,5
C1r0,4,140,158,greedy,0,2
C1r0,4,140,158,sloppy,0,2
C1r0,4,140,159,greedy,0,2
C1r0,4,140,159,sloppy,0,5
C1r0,4,20,20,greedy,0,2
C1r0,4,20,20,sloppy,0,2
C1r0,4,20,21,greedy,1,6
C1r0,4,20,21,sloppy,0,1
C1r0,4,20,22,greedy,0,3
C1r0,4,20,22,sloppy,0,5
C1r0,4,20,23,greedy,1,6
C1r0,4,20,23,sloppy,0,5
C1r0,4,20,24,greedy,0,5
C1r0,4,20,24,sloppy,0,0
C1r0,4,20,25,greedy,0,5
C1r0,4,20,25,sloppy,0,5
C1r0,4,20,26,greedy,0,2
C1r0,4,20,26,sloppy,0,2
C1r0,4,20,27,greedy,0,5
C1r0,4,20,27,sloppy,1,6
C1r0,4,20,28,greedy,0,4
C1r0,4,20,28,sloppy,0,4
C1r0,4,20,29,greedy,0,3
C1r0,4,20,29,sloppy,0,3
C1r0,4,20,30,greedy,1,6
C1r0,4,20,30,sloppy,0,5
C1r0,4,20,31,greedy,1,6
C1r0,4,20,31,sloppy,1,6
C1r0,4,20,32,greedy,0,5
C1r0,4,20,32,sloppy,1,6
C1r0,4,20,33,greedy,0,0
C1r0,4,20,33,sloppy,0,4
C1r0,4,20,34,greedy,0,2
C1r0,4,20,34,sloppy,0,4
C1r0,4,20,35,greedy,0,4
C1r0,4,20,35,sloppy,0,2
C1r0,4,20,36,greedy,0,2
C1r0,4,20,36,sloppy,0,2
C1r0,4,20,37,greedy,1,6
C1r0,4,20,37,sloppy,0,5
C1r0,4,20,38,greedy,0,3
C1r0,4,20,38,sloppy,0,3
C1r0,4,20,39,greedy,1,6
C1r0,4,20,39,sloppy,0,5
C1r0,4,40,40,greedy,0,2
C1r0,4,40,40,sloppy,0,2
C1r0,4,40,41,greedy,0,5
C1r0,4,40,41,sloppy,0,5
C1r0,4,40,42,greedy,0,5
C1r0,4,40,42,sloppy,0,0
C1r0,4,40,43,greedy,0,4
C1r0,4,40,43,sloppy,0,2
C1r0,4,40,44,greedy,0,5
C1r0,4,40,44,sloppy,0,3
C1r0,4,40,45,greedy,0,4
C1r0,4,40,45,sloppy,0,4
C1r0,4,40,46,greedy,0,0
C1r0,4,40,46,sloppy,0,0
C1r0,4,40,47,greedy,1,6
C1r0,4,40,47,sloppy,1,6
C1r0,4,40,48,greedy,0,2
C1r0,4,40,48,sloppy,0,2
C1r0,4,40,49,greedy,0,5
C1r0,4,40,49,sloppy,0,5
C1r0,4,40,50,greedy,1,6
C1r0,4,40,50,sloppy,0,4
C1r0,4,40,51,greedy,0,1
C1r0,4,40,51,sloppy,0,1
C1r0,4,40,52,greedy,0,1
C1r0,4,40,52,sloppy,0,1
C1r0,4,40,53,greedy,0,3
C1r0,4,40,53,sloppy,0,3
C1r0,4,40,54,greedy,0,5
C1r0,4,40,54,sloppy,0,5
C1r0,4,40,55,greedy,1,6
C1r0,4,40,55,sloppy,1,6
C1r0,4,40,56,greedy,1,6
C1r0,4,40,56,sloppy,1,6
C1r0,4,40,57,greedy,0,5
C1r0,4,40,57,sloppy,0,3
C1r0,4,40,58,greedy,0,2
C1r0,4,40,58,sloppy,0,3
C1r0,4,40,59,greedy,0,5
C1r0,4,40,59,sloppy,0,5
C1r0,4,60,60,greedy,0,5
C1r0,4,60,60,sloppy,1,6
C1r0,4,60,61,greedy,0,5
C1r0,4,60,61,sloppy,0,2
C1r0,4,60,62,greedy,0,4
C1r0,4,60,62,sloppy,0,3
C1r0,4,60,63,greedy,0,3
C1r0,4,60,63,sloppy,0,3
C1r0,4,60,64,greedy,0,1
C1r0,4,60,64,sloppy,0,3
C1r0,4,60,65,greedy,1,6
C1r0,4,60,65,sloppy,0,5
C1r0,4,60,66,greedy,1,6
C1r0,4,60,66,sloppy,0,5
C1r0,4,60,67,greedy,0,4
C1r0,4,60,67,sloppy,0,4
C1r0,4,60,68,greedy,0,3
C1r0,4,60,68,sloppy,0,5
C1r0,4,60,69,greedy,1,6
C1r0,4,60,69,sloppy,0,2
C1r0,4,60,70,greedy,1,6
C1r0,4,60,70,sloppy,0,4
C1r0,4,60,71,greedy,1,6
C1r0,4,60,71,sloppy,0,5
C1r0,4,60,72,greedy,0,4
C1r0,4,60,72,sloppy,0,4
C1r0,4,60,73,greedy,0,5
C1r0,4,60,73,sloppy,0,3
C1r0,4,60,74,greedy,0,4
C1r0,4,60,74,sloppy,0,5
C1r0,4,60,75,greedy,0,5
C1r0,4,60,75,sloppy,0,5
C1r0,4,60,76,greedy,0,2
C1r0,4,60,76,sloppy,0,1
C1r0,4,60,77,greedy,1,6
C1r0,4,60,77,sloppy,1,6
C1r0,4,60,78,greedy,1,6
C1r0,4,60,78,sloppy,0,3
C1r0,4,60,79,greedy,1,6
C1r0,4,60,79,sloppy,1,6
C1r0,4,80,80,greedy,1,6
C1r0,4,80,80,sloppy,0,5
C1r0,4,80,81,greedy,0,2
C1r0,4,80,81,sloppy,0,3
C1r0,4,80,82,greedy,0,2
C1r0,4,80,82,sloppy,0,2
C1r0,4,80,83,greedy,0,5
C1r0,4,80,83,sloppy,0,5
C1r0,4,80,84,greedy,1,6
C1r0,4,80,84,sloppy,0,5
C1r0,4,80,85,greedy,0,3
C1r0,4,80,85,sloppy,0,5
C1r0,4,80,86,greedy,0,5
C1r0,4,80,86,sloppy,0,5
C1r0,4,80,87,greedy,0,1
C1r0,4,80,87,sloppy,0,1
C1r0,4,80,88,greedy,0,2
C1r0,4,80,88,sloppy,0,2
C1r0,4,80,89,greedy,0,2
C1r0,4,80,89,sloppy,0,4
C1r0,4,80,90,greedy,0,4
C1r0,4,80,90,sloppy,0,5
C1r0,4,80,91,greedy,0,1
C1r0,4,80,91,sloppy,0,4
C1r0,4,80,92,greedy,0,4
C1r0,4,80,92,sloppy,0,5
C1r0,4,80,93,greedy,1,6
C1r0,4,80,93,sloppy,0,5
C1r0,4,80,94,greedy,0,3
C1r0,4,80,94,sloppy,0,2
C1r0,4,80,95,greedy,0,5
C1r0,4,80,95,sloppy,1,6
C1r0,4,80,96,greedy,0,4
C1r0,4,80,96,sloppy,0,4
C1r0,4,80,97,greedy,0,2
C1r0,4,80,97,sloppy,0,2
C1r0,4,80,98,greedy,0,2
C1r0,4,80,98,sloppy,0,3
C1r0,4,80,99,greedy,0,3
C1r0,4,80,99,sloppy,0,5
C1r0,5,0,0,greedy,1,6
C1r0,5,0,0,sloppy,0,2
C1r0,5,0,1,greedy,0,3
C1r0,5,0,1,sloppy,0,5
C1r0,5,0,2,greedy,0,3
C1r0,5,0,2,sloppy,0,2
C1r0,5,0,3,greedy,0,3
C1r0,5,0,3,sloppy,0,3
C1r0,5,0,4,greedy,0,2
C1r0,5,0,4,sloppy,0,3
C1r0,5,0,5,greedy,1,6
C1r0,5,0,5,sloppy,1,6
C1r0,5,0,6,greedy,0,2
C1r0,5,0,6,sloppy,0,3
C1r0,5,0,7,greedy,0,5
C1r0,5,0,7,sloppy,0,2
C1r0,5,0,8,greedy,0,2
C1r0,5,0,8,sloppy,0,3
C1r0,5,0,9,greedy,1,6
C1r0,5,0,9,sloppy,0,5
C1r0,5,0,10,greedy,0,1
C1r0,5,0,10,sloppy,0,1
C1r0,5,0,11,greedy,0,5
C1r0,5,0,11,sloppy,0,3
C1r0,5,0,12,greedy,0,3
C1r0,5,0,12,sloppy,1,6
C1r0,5,0,13,greedy,0,2
C1r0,5,0,13,sloppy,0,5
C1r0,5,0,14,greedy,0,3
C1r0,5,0,14,sloppy,0,3
C1r0,5,0,15,greedy,0,5
C1r0,5,0,15,sloppy,0,5
C1r0,5,0,16,greedy,0,5
C1r0,5,0,16,sloppy,0,1
C1r0,5,0,17,greedy,0,2
C1r0,5,0,17,sloppy,0,5
C1r0,5,0,18,greedy,0,2
C1r0,5,0,18,sloppy,0,2
C1r0,5,0,19,greedy,0,3
C1r0,5,0,19,sloppy,1,6
C1r0,5,100,100,greedy,0,4
C1r0,5,100,100,sloppy,0,5
C1r0,5,100,101,greedy,0,5
C1r0,5,100,101,sloppy,1,6
C1r0,5,100,102,greedy,0,1
C1r0,5,100,102,sloppy,0,4
C1r0,5,100,103,greedy,0,2
C1r0,5,100,103,sloppy,1,6
C1r0,5,100,104,greedy,0,3
C1r0,5,100,104,sloppy,0,3
C1r0,5,100,105,greedy,0,5
C1r0,5,100,105,sloppy,0,3
C1r0,5,100,106,greedy,0,5
C1r0,5,100,106,sloppy,0,5
C1r0,5,100,107,greedy,0,5
C1r0,5,100,107,sloppy,0,5
C1r0,5,100,108,greedy,0,2
C1r0,5,100,108,sloppy,0,2
C1r0,5,100,109,greedy,1,6
C1r0,5,100,109,sloppy,1,6
C1r0,5,100,110,greedy,0,0
C1r0,5,100,110,sloppy,0,1
C1r0,5,100,111,greedy,0,2
C1r0,5,100,111,sloppy,0,4
C1r0,5,100,112,greedy,0,0
C1r0,5,100,112,sloppy,0,0
C1r0,5,100,113,greedy,0,1
C1r0,5,100,113,sloppy,0,4
C1r0,5,100,114,greedy,0,5
C1r0,5,100,114,sloppy,1,6
C1r0,5,100,115,greedy,0,2
C1r0,5,100,115,sloppy,0,2
C1r0,5,100,116,greedy,0,1
C1r0,5,100,116,sloppy,0,1
C1r0,5,100,117,greedy,0,2
C1r0,5,100,117,sloppy,0,2
C1r0,5,100,118,greedy,1,6
C1r0,5,100,118,sloppy,0,5
C1r0,5,100,119,greedy,0,2
C1r0,5,100,119,sloppy,0,3
C1r0,5,120,120,greedy,1,6
C1r0,5,120,120,sloppy,1,6
C1r0,5,120,121,greedy,0,0
C1r0,5,120,121,sloppy,0,4
C1r0,5,120,122,greedy,1,6
C1r0,5,120,122,sloppy,0,3
C1r0,5,120,123,greedy,0,3
C1r0,5,120,123,sloppy,1,6
C1r0,5,120,124,greedy,0,2
C1r0,5,120,124,sloppy,0,5
C1r0,5,120,125,greedy,0,1
C1r0,5,120,125,sloppy,1,6
C1r0,5,120,126,greedy,0,1
C1r0,5,120,126,sloppy,0,4
C1r0,5,120,127,greedy,1,6
C1r0,5,120,127,sloppy,1,6
C1r0,5,120,128,greedy,0,2
C1r0,5,120,128,sloppy,0,2
C1r0,5,120,129,greedy,0,5
C1r0,5,120,129,sloppy,1,6
C1r0,5,120,130,greedy,0,2
C1r0,5,120,130,sloppy,0,2
C1r0,5,120,131,greedy,0,1
C1r0,5,120,131,sloppy,0,5
C1r0,5,120,132,greedy,0,5
C1r0,5,120,132,sloppy,0,1
C1r0,5,120,133,greedy,0,3
C1r0,5,120,133,sloppy,0,3
C1r0,5,120,134,greedy,0,4
C1r0,5,120,134,sloppy,1,6
C1r0,5,120,135,greedy,0,5
C1r0,5,120,135,sloppy,1,6
C1r0,5,120,136,greedy,0,4
C1r0,5,120,136,sloppy,0,5
C1r0,5,120,137,greedy,1,6
C1r0,5,120,137,sloppy,0,5
C1r0,5,120,138,greedy,0,4
C1r0,5,120,138,sloppy,0,3
C1r0,5,120,139,greedy,0,2
C1r0,5,120,139,sloppy,0,2
C1r0,5,140,140,greedy,0,1
C1r0,5,140,140,sloppy,0,2
C1r0,5,140,141,greedy,0,2
C1r0,5,140,141,sloppy,0,2
C1r0,5,140,142,greedy,0,4
C1r0,5,140,142,sloppy,0,3
C1r0,5,140,143,greedy,0,1
C1r0,5,140,143,sloppy,0,1
C1r0,5,140,144,greedy,1,6
C1r0,5,140,144,sloppy,0,3
C1r0,5,140,145,greedy,1,6
C1r0,5,140,145,sloppy,0,3
C1r0,5,140,146,greedy,0,1
C1r0,5,140,146,sloppy,0,1
C1r0,5,140,147,greedy,0,1
C1r0,5,140,147,sloppy,1,6
C1r0,5,140,148,greedy,0,4
C1r0,5,140,148,sloppy,1,6
C1r0,5,140,149,greedy,1,6
C1r0,5,140,149,sloppy,1,6
C1r0,5,140,150,greedy,0,1
C1r0,5,140,150,sloppy,1,6
C1r0,5,140,151,greedy,0,3
C1r0,5,140,151,sloppy,0,3
C1r0,5,140,152,greedy,0,2
C1r0,5,140,152,sloppy,0,2
C1r0,5,140,153,greedy,0,4
C1r0,5,140,153,sloppy,0,4
C1r0,5,140,154,greedy,0,1
C1r0,5,140,154,sloppy,0,4
C1r0,5,140,155,greedy,1,6
C1r0,5,140,155,sloppy,0,5
C1r0,5,140,156,greedy,1,6
C1r0,5,140,156,sloppy,0,0
C1r0,5,140,157,greedy,0,1
C1r0,5,140,157,sloppy,0,1
C1r0,5,140,158,greedy,0,5
C1r0,5,140,158,sloppy,0,2
C1r0,5,140,159,greedy,0,5
C1r0,5,140,159,sloppy,0,2
C1r0,5,20,20,greedy,0,2
C1r0,5,20,20,sloppy,0,4
C1r0,5,20,21,greedy,0,4
C1r0,5,20,21,sloppy,0,1
C1r0,5,20,22,greedy,0,3
C1r0,5,20,22,sloppy,0,2
C1r0,5,20,23,greedy,0,5
C1r0,5,20,23,sloppy,1,6
C1r0,5,20,24,greedy,0,5
C1r0,5,20,24,sloppy,0,0
C1r0,5,20,25,greedy,0,5
C1r0,5,20,25,sloppy,0,5
C1r0,5,20,26,greedy,0,4
C1r0,5,20,26,sloppy,0,2
C1r0,5,20,27,greedy,1,6
C1r0,5,20,27,sloppy,0,5
C1r0,5,20,28,greedy,0,4
C1r0,5,20,28,sloppy,0,4
C1r0,5,20,29,greedy,0,3
C1r0,5,20,29,sloppy,0,3
C1r0,5,20,30,greedy,0,5
C1r0,5,20,30,sloppy,0,4
C1r0,5,20,31,greedy,0,3
C1r0,5,20,31,sloppy,0,5
C1r0,5,20,32,greedy,1,6
C1r0,5,20,32,sloppy,0,5
C1r0,5,20,33,greedy,0,0
C1r0,5,20,33,sloppy,0,2
C1r0,5,20,34,greedy,0,4
C1r0,5,20,34,sloppy,1,6
C1r0,5,20,35,greedy,0,2
C1r0,5,20,35,sloppy,0,2
C1r0,5,20,36,greedy,0,2
C1r0,5,20,36,sloppy,0,2
C1r0,5,20,37,greedy,0,5
C1r0,5,20,37,sloppy,1,6
C1r0,5,20,38,greedy,0,3
C1r0,5,20,38,sloppy,1,6
C1r0,5,20,39,greedy,0,4
C1r0,5,20,39,sloppy,0,4
C1r0,5,40,40,greedy,0,2
C1r0,5,40,40,sloppy,0,2
C1r0,5,40,41,greedy,0,5
C1r0,5,40,41,sloppy,0,5
C1r0,5,40,42,greedy,1,6
C1r0,5,40,42,sloppy,0,0
C1r0,5,40,43,greedy,0,3
C1r0,5,40,43,sloppy,0,2
C1r0,5,40,44,greedy,0,3
C1r0,5,40,44,sloppy,0,3
C1r0,5,40,45,greedy,0,4
C1r0,5,40,45,sloppy,1,6
C1r0,5,40,46,greedy,0,0
C1r0,5,40,46,sloppy,0,0
C1r0,5,40,47,greedy,0,5
C1r0,5,40,47,sloppy,1,6
C1r0,5,40,48,greedy,0,2
C1r0,5,40,48,sloppy,0,2
C1r0,5,40,49,greedy,0,5
C1r0,5,40,49,sloppy,0,5
C1r0,5,40,50,greedy,0,4
C1r0,5,40,50,sloppy,0,4
C1r0,5,40,51,greedy,0,5
C1r0,5,40,51,sloppy,1,6
C1r0,5,40,52,greedy,0,1
C1r0,5,40,52,sloppy,0,1
C1r0,5,40,53,greedy,1,6
C1r0,5,40,53,sloppy,0,5
C1r0,5,40,54,greedy,1,6
C1r0,5,40,54,sloppy,0,5
C1r0,5,40,55,greedy,0,5
C1r0,5,40,55,sloppy,1,6
C1r0,5,40,56,greedy,0,5
C1r0,5,40,56,sloppy,0,5
C1r0,5,40,57,greedy,0,2
C1r0,5,40,57,sloppy,0,5
C1r0,5,40,58,greedy,0,2
C1r0,5,40,58,sloppy,0,2
C1r0,5,40,59,greedy,0,4
C1r0,5,40,59,sloppy,0,5
C1r0,5,60,60,greedy,0,1
C1r0,5,60,60,sloppy,0,5
C1r0,5,60,61,greedy,0,2
C1r0,5,60,61,sloppy,0,2
C1r0,5,60,62,greedy,0,5
C1r0,5,60,62,sloppy,1,6
C1r0,5,60,63,greedy,0,3
C1r0,5,60,63,sloppy,1,6
C1r0,5,60,64,greedy,0,1
C1r0,5,60,64,sloppy,0,3
C1r0,5,60,65,greedy,1,6
C1r0,5,60,65,sloppy,0,2
C1r0,5,60,66,greedy,0,5
C1r0,5,60,66,sloppy,0,2
C1r0,5,60,67,greedy,0,4
C1r0,5,60,67,sloppy,0,4
C1r0,5,60,68,greedy,0,5
C1r0,5,60,68,sloppy,0,3
C1r0,5,60,69,greedy,1,6
C1r0,5,60,69,sloppy,1,6
C1r0,5,60,70,greedy,1,6
C1r0,5,60,70,sloppy,0,4
C1r0,5,60,71,greedy,1,6
C1r0,5,60,71,sloppy,1,6
C1r0,5,60,72,greedy,0,2
C1r0,5,60,72,sloppy,0,2
C1r0,5,60,73,greedy,0,3
C1r0,5,60,73,sloppy,0,5
C1r0,5,60,74,greedy,0,2
C1r0,5,60,74,sloppy,1,6
C1r0,5,60,75,greedy,0,5
C1r0,5,60,75,sloppy,0,5
C1r0,5,60,76,greedy,0,2
C1r0,5,60,76,sloppy,0,1
C1r0,5,60,77,greedy,0,2
C1r0,5,60,77,sloppy,1,6
C1r0,5,60,78,greedy,1,6
C1r0,5,60,78,sloppy,0,5
C1r0,5,60,79,greedy,1,6
C1r0,5,60,79,sloppy,0,2
C1r0,5,80,80,greedy,0,3
C1r0,5,80,80,sloppy,1,6
C1r0,5,80,81,greedy,0,5
C1r0,5,80,81,sloppy,0,2
C1r0,5,80,82,greedy,0,2
C1r0,5,80,82,sloppy,0,2
C1r0,5,80,83,greedy,1,6
C1r0,5,80,83,sloppy,0,5
C1r0,5,80,84,greedy,1,6
C1r0,5,80,84,sloppy,0,5
C1r0,5,80,85,greedy,0,4
C1r0,5,80,85,sloppy,1,6
C1r0,5,80,86,greedy,0,5
C1r0,5,80,86,sloppy,0,5
C1r0,5,80,87,greedy,0,1
C1r0,5,80,87,sloppy,0,1
C1r0,5,80,88,greedy,0,2
C1r0,5,80,88,sloppy,0,2
C1r0,5,80,89,greedy,0,4
C1r0,5,80,89,sloppy,0,4
C1r0,5,80,90,greedy,0,4
C1r0,5,80,90,sloppy,1,6
C1r0,5,80,91,greedy,1,6
C1r0,5,80,91,sloppy,0,4
C1r0,5,80,92,greedy,0,5
C1r0,5,80,92,sloppy,1,6
C1r0,5,80,93,greedy,1,6
C1r0,5,80,93,sloppy,1,6
C1r0,5,80,94,greedy,0,2
C1r0,5,80,94,sloppy,0,2
C1r0,5,80,95,greedy,0,5
C1r0,5,80,95,sloppy,1,6
C1r0,5,80,96,greedy,0,4
C1r0,5,80,96,sloppy,0,4
C1r0,5,80,97,greedy,0,2
C1r0,5,80,97,sloppy,0,2
C1r0,5,80,98,greedy,0,3
C1r0,5,80,98,sloppy,0,3
C1r0,5,80,99,greedy,0,4
C1r0,5,80,99,sloppy,0,3
C1r0,6,0,0,greedy,1,6
C1r0,6,0,0,sloppy,0,2
C1r0,6,0,1,greedy,0,4
C1r0,6,0,1,sloppy,1,6
C1r0,6,0,2,greedy,0,2
C1r0,6,0,2,sloppy,0,5
C1r0,6,0,3,greedy,0,4
C1r0,6,0,3,sloppy,0,4
C1r0,6,0,4,greedy,0,3
C1r0,6,0,4,sloppy,0,3
C1r0,6,0,5,greedy,0,5
C1r0,6,0,5,sloppy,1,6
C1r0,6,0,6,greedy,0,3
C1r0,6,0,6,sloppy,1,6
C1r0,6,0,7,greedy,0,4
C1r0,6,0,7,sloppy,0,4
C1r0,6,0,8,greedy,0,3
C1r0,6,0,8,sloppy,0,3
C1r0,6,0,9,greedy,0,3
C1r0,6,0,9,sloppy,1,6
C1r0,6,0,10,greedy,1,6
C1r0,6,0,10,sloppy,0,1
C1r0,6,0,11,greedy,0,5
C1r0,6,0,11,sloppy,1,6
C1r0,6,0,12,greedy,0,2
C1r0,6,0,12,sloppy,0,3
C1r0,6,0,13,greedy,0,5
C1r0,6,0,13,sloppy,0,5
C1r0,6,0,14,greedy,0,3
C1r0,6,0,14,sloppy,0,3
C1r0,6,0,15,greedy,0,5
C1r0,6,0,15,sloppy,0,5
C1r0,6,0,16,greedy,0,1
C1r0,6,0,16,sloppy,0,1
C1r0,6,0,17,greedy,1,6
C1r0,6,0,17,sloppy,0,5
C1r0,6,0,18,greedy,1,6
C1r0,6,0,18,sloppy,1,6
C1r0,6,0,19,greedy,0,3
C1r0,6,0,19,sloppy,0,4
C1r0,6,100,100,greedy,0,5
C1r0,6,100,100,sloppy,1,6
C1r0,6,100,101,greedy,0,3
C1r0,6,100,101,sloppy,1,6
C1r0,6,100,102,greedy,0,4
C1r0,6,100,102,sloppy,0,4
C1r0,6,100,103,greedy,0,5
C1r0,6,100,103,sloppy,1,6
C1r0,6,100,104,greedy,0,2
C1r0,6,100,104,sloppy,0,2
C1r0,6,100,105,greedy,0,3
C1r0,6,100,105,sloppy,0,1
C1r0,6,100,106,greedy,0,3
C1r0,6,100,106,sloppy,0,3
C1r0,6,100,107,greedy,0,5
C1r0,6,100,107,sloppy,0,5
C1r0,6,100,108,greedy,0,2
C1r0,6,100,108,sloppy,0,2
C1r0,6,100,109,greedy,1,6
C1r0,6,100,109,sloppy,0,4
C1r0,6,100,110,greedy,0,3
C1r0,6,100,110,sloppy,0,1
C1r0,6,100,111,greedy,0,2
C1r0,6,100,111,sloppy,0,2
C1r0,6,100,112,greedy,0,5
C1r0,6,100,112,sloppy,0,4
C1r0,6,100,113,greedy,1,6
C1r0,6,100,113,sloppy,0,5
C1r0,6,100,114,greedy,1,6
C1r0,6,100,114,sloppy,0,2
C1r0,6,100,115,greedy,0,2
C1r0,6,100,115,sloppy,0,2
C1r0,6,100,116,greedy,0,1
C1r0,6,100,116,sloppy,0,1
C1r0,6,100,117,greedy,0,2
C1r0,6,100,117,sloppy,0,2
C1r0,6,100,118,greedy,0,5
C1r0,6,100,118,sloppy,0,5
C1r0,6,100,119,greedy,0,3
C1r0,6,100,119,sloppy,0,4
C1r0,6,120,120,greedy,0,3
C1r0,6,120,120,sloppy,0,3
C1r0,6,120,121,greedy,0,2
C1r0,6,120,121,sloppy,0,2
C1r0,6,120,122,greedy,1,6
C1r0,6,120,122,sloppy,0,3
C1r0,6,120,123,greedy,0,5
C1r0,6,120,123,sloppy,1,6
C1r0,6,120,124,greedy,0,2
C1r0,6,120,124,sloppy,0,2
C1r0,6,120,125,greedy,0,1
C1r0,6,120,125,sloppy,0,1
C1r0,6,120,126,greedy,0,1
C1r0,6,120,126,sloppy,0,4
C1r0,6,120,127,greedy,1,6
C1r0,6,120,127,sloppy,1,6
C1r0,6,120,128,greedy,0,3
C1r0,6,120,128,sloppy,1,6
C1r0,6,120,129,greedy,0,5
C1r0,6,120,129,sloppy,1,6
C1r0,6,120,130,greedy,0,0
C1r0,6,120,130,sloppy,0,2
C1r0,6,120,131,greedy,1,6
C1r0,6,120,131,sloppy,0,5
C1r0,6,120,132,greedy,0,5
C1r0,6,120,132,sloppy,0,3
C1r0,6,120,133,greedy,0,5
C1r0,6,120,133,sloppy,0,5
C1r0,6,120,134,greedy,0,5
C1r0,6,120,134,sloppy,0,3
C1r0,6,120,135,greedy,0,5
C1r0,6,120,135,sloppy,0,4
C1r0,6,120,136,greedy,0,5
C1r0,6,120,136,sloppy,0,1
C1r0,6,120,137,greedy,0,5
C1r0,6,120,137,sloppy,0,5
C1r0,6,120,138,greedy,0,4
C1r0,6,120,138,sloppy,0,4
C1r0,6,120,139,greedy,0,2
C1r0,6,120,139,sloppy,0,2
C1r0,6,140,140,greedy,0,2
C1r0,6,140,140,sloppy,0,2
C1r0,6,140,141,greedy,0,2
C1r0,6,140,141,sloppy,0,2
C1r0,6,140,142,greedy,0,3
C1r0,6,140,142,sloppy,0,3
C1r0,6,140,143,greedy,1,6
C1r0,6,140,143,sloppy,1,6
C1r0,6,140,144,greedy,0,5
C1r0,6,140,144,sloppy,0,5
C1r0,6,140,145,greedy,0,2
C1r0,6,140,145,sloppy,0,5
C1r0,6,140,146,greedy,0,4
C1r0,6,140,146,sloppy,0,1
C1r0,6,140,147,greedy,1,6
C1r0,6,140,147,sloppy,1,6
C1r0,6,140,148,greedy,0,5
C1r0,6,140,148,sloppy,0,4
C1r0,6,140,149,greedy,0,2
C1r0,6,140,149,sloppy,0,5
C1r0,6,140,150,greedy,0,3
C1r0,6,140,150,sloppy,1,6
C1r0,6,140,151,greedy,0,0
C1r0,6,140,151,sloppy,0,5
C1r0,6,140,152,greedy,0,5
C1r0,6,140,152,sloppy,1,6
C1r0,6,140,153,greedy,0,4
C1r0,6,140,153,sloppy,0,4
C1r0,6,140,154,greedy,0,2
C1r0,6,140,154,sloppy,0,2
C1r0,6,140,155,greedy,0,3
C1r0,6,140,155,sloppy,1,6
C1r0,6,140,156,greedy,0,0
C1r0,6,140,156,sloppy,0,0
C1r0,6,140,157,greedy,0,5
C1r0,6,140,157,sloppy,0,3
C1r0,6,140,158,greedy,0,2
C1r0,6,140,158,sloppy,1,6
C1r0,6,140,159,greedy,0,1
C1r0,6,140,159,sloppy,0,2
C1r0,6,20,20,greedy,0,4
C1r0,6,20,20,sloppy,0,2
C1r0,6,20,21,greedy,0,4
C1r0,6,20,21,sloppy,0,4
C1r0,6,20,22,greedy,0,2
C1r0,6,20,22,sloppy,0,0
C1r0,6,20,23,greedy,0,1
C1r0,6,20,23,sloppy,0,2
C1r0,6,20,24,greedy,0,3
C1r0,6,20,24,sloppy,0,3
C1r0,6,20,25,greedy,0,1
C1r0,6,20,25,sloppy,0,5
C1r0,6,20,26,greedy,0,2
C1r0,6,20,26,sloppy,0,2
C1r0,6,20,27,greedy,0,4
C1r0,6,20,27,sloppy,0,4
C1r0,6,20,28,greedy,0,3
C1r0,6,20,28,sloppy,0,2
C1r0,6,20,29,greedy,0,1
C1r0,6,20,29,sloppy,0,1
C1r0,6,20,30,greedy,0,1
C1r0,6,20,30,sloppy,1,6
C1r0,6,20,31,greedy,1,6
C1r0,6,20,31,sloppy,0,3
C1r0,6,20,32,greedy,0,3
C1r0,6,20,32,sloppy,0,5
C1r0,6,20,33,greedy,1,6
C1r0,6,20,33,sloppy,0,3
C1r0,6,20,34,greedy,0,4
C1r0,6,20,34,sloppy,1,6
C1r0,6,20,35,greedy,0,2
C1r0,6,20,35,sloppy,0,2
C1r0,6,20,36,greedy,0,5
C1r0,6,20,36,sloppy,0,2
C1r0,6,20,37,greedy,1,6
C1r0,6,20,37,sloppy,1,6
C1r0,6,20,38,greedy,0,3
C1r0,6,20,38,sloppy,0,3
C1r0,6,20,39,greedy,0,2
C1r0,6,20,39,sloppy,0,2
C1r0,6,40,40,greedy,0,3
C1r0,6,40,40,sloppy,0,5
C1r0,6,40,41,greedy,0,3
C1r0,6,40,41,sloppy,0,5
C1r0,6,40,42,greedy,1,6
C1r0,6,40,42,sloppy,0,4
C1r0,6,40,43,greedy,0,4
C1r0,6,40,43,sloppy,0,4
C1r0,6,40,44,greedy,0,3
C1r0,6,40,44,sloppy,0,2
C1r0,6,40,45,greedy,0,3
C1r0,6,40,45,sloppy,0,3
C1r0,6,40,46,greedy,0,2
C1r0,6,40,46,sloppy,0,5
C1r0,6,40,47,greedy,1,6
C1r0,6,40,47,sloppy,0,3
C1r0,6,40,48,greedy,0,2
C1r0,6,40,48,sloppy,0,2
C1r0,6,40,49,greedy,0,5
C1r0,6,40,49,sloppy,0,2
C1r0,6,40,50,greedy,0,2
C1r0,6,40,50,sloppy,0,4
C1r0,6,40,51,greedy,0,1
C1r0,6,40,51,sloppy,0,0
C1r0,6,40,52,greedy,0,5
C1r0,6,40,52,sloppy,0,5
C1r0,6,40,53,greedy,0,2
C1r0,6,40,53,sloppy,1,6
C1r0,6,40,54,greedy,1,6
C1r0,6,40,54,sloppy,1,6
C1r0,6,40,55,greedy,0,2
C1r0,6,40,55,sloppy,0,5
C1r0,6,40,56,greedy,0,1
C1r0,6,40,56,sloppy,1,6
C1r0,6,40,57,greedy,0,2
C1r0,6,40,57,sloppy,0,2
C1r0,6,40,58,greedy,0,2
C1r0,6,40,58,sloppy,1,6
C1r0,6,40,59,greedy,0,5
C1r0,6,40,59,sloppy,1,6
C1r0,6,60,60,greedy,0,5
C1r0,6,60,60,sloppy,0,5
C1r0,6,60,61,greedy,0,5
C1r0,6,60,61,sloppy,0,4
C1r0,6,60,62,greedy,0,4
C1r0,6,60,62,sloppy,0,2
C1r0,6,60,63,greedy,0,1
C1r0,6,60,63,sloppy,0,3
C1r0,6,60,64,greedy,1,6
C1r0,6,60,64,sloppy,0,1
C1r0,6,60,65,greedy,0,2
C1r0,6,60,65,sloppy,1,6
C1r0,6,60,66,greedy,1,6
C1r0,6,60,66,sloppy,1,6
C1r0,6,60,67,greedy,0,1
C1r0,6,60,67,sloppy,0,1
C1r0,6,60,68,greedy,1,6
C1r0,6,60,68,sloppy,0,5
C1r0,6,60,69,greedy,0,5
C1r0,6,60,69,sloppy,0,3
C1r0,6,60,70,greedy,0,1
C1r0,6,60,70,sloppy,0,5
C1r0,6,60,71,greedy,0,2
C1r0,6,60,71,sloppy,0,2
C1r0,6,60,72,greedy,1,6
C1r0,6,60,72,sloppy,0,5
C1r0,6,60,73,greedy,0,5
C1r0,6,60,73,sloppy,0,5
C1r0,6,60,74,greedy,0,2
C1r0,6,60,74,sloppy,0,2
C1r0,6,60,75,greedy,0,2
C1r0,6,60,75,sloppy,0,5
C1r0,6,60,76,greedy,0,2
C1r0,6,60,76,sloppy,0,2
C1r0,6,60,77,greedy,0,2
C1r0,6,60,77,sloppy,1,6
C1r0,6,60,78,greedy,0,5
C1r0,6,60,78,sloppy,0,2
C1r0,6,60,79,greedy,0,3
C1r0,6,60,79,sloppy,1,6
C1r0,6,80,80,greedy,0,5
C1r0,6,80,80,sloppy,0,5
C1r0,6,80,81,greedy,0,3
C1r0,6,80,81,sloppy,0,3
C1r0,6,80,82,greedy,0,3
C1r0,6,80,82,sloppy,0,3
C1r0,6,80,83,greedy,0,0
C1r0,6,80,83,sloppy,0,3
C1r0,6,80,84,greedy,0,2
C1r0,6,80,84,sloppy,1,6
C1r0,6,80,85,greedy,0,5
C1r0,6,80,85,sloppy,0,5
C1r0,6,80,86,greedy,0,4
C1r0,6,80,86,sloppy,0,4
C1r0,6,80,87,greedy,0,1
C1r0,6,80,87,sloppy,0,1
C1r0,6,80,88,greedy,0,2
C1r0,6,80,88,sloppy,0,5
C1r0,6,80,89,greedy,0,3
C1r0,6,80,89,sloppy,1,6
C1r0,6,80,90,greedy,0,5
C1r0,6,80,90,sloppy,0,0
C1r0,6,80,91,greedy,0,5
C1r0,6,80,91,sloppy,0,3
C1r0,6,80,92,greedy,0,4
C1r0,6,80,92,sloppy,1,6
C1r0,6,80,93,greedy,0,1
C1r0,6,80,93,sloppy,0,5
C1r0,6,80,94,greedy,0,2
C1r0,6,80,94,sloppy,0,2
C1r0,6,80,95,greedy,1,6
C1r0,6,80,95,sloppy,0,1
C1r0,6,80,96,greedy,0,4
C1r0,6,80,96,sloppy,1,6
C1r0,6,80,97,greedy,0,4
C1r0,6,80,97,sloppy,0,4
C1r0,6,80,98,greedy,0,4
C1r0,6,80,98,sloppy,0,4
C1r0,6,80,99,greedy,0,3
C1r0,6,80,99,sloppy,1,6
C1r0,8,0,0,greedy,0,1
C1r0,8,0,0,sloppy,0,2
C1r0,8,0,1,greedy,0,2
C1r0,8,0,1,sloppy,0,5
C1r0,8,0,2,greedy,0,2
C1r0,8,0,2,sloppy,0,2
C1r0,8,0,3,greedy,0,4
C1r0,8,0,3,sloppy,0,4
C1r0,8,0,4,greedy,0,3
C1r0,8,0,4,sloppy,0,3
C1r0,8,0,5,greedy,0,4
C1r0,8,0,5,sloppy,0,1
C1r0,8,0,6,greedy,0,1
C1r0,8,0,6,sloppy,0,3
C1r0,8,0,7,greedy,0,2
C1r0,8,0,7,sloppy,0,2
C1r0,8,0,8,greedy,0,3
C1r0,8,0,8,sloppy,0,3
C1r0,8,0,9,greedy,0,2
C1r0,8,0,9,sloppy,0,3
C1r0,8,0,10,greedy,0,1
C1r0,8,0,10,sloppy,0,1
C1r0,8,0,11,greedy,0,2
C1r0,8,0,11,sloppy,0,2
C1r0,8,0,12,greedy,0,2
C1r0,8,0,12,sloppy,0,3
C1r0,8,0,13,greedy,0,5
C1r0,8,0,13,sloppy,0,5
C1r0,8,0,14,greedy,0,5
C1r0,8,0,14,sloppy,0,5
C1r0,8,0,15,greedy,1,6
C1r0,8,0,15,sloppy,0,3
C1r0,8,0,16,greedy,0,1
C1r0,8,0,16,sloppy,0,3
C1r0,8,0,17,greedy,0,4
C1r0,8,0,17,sloppy,0,4
C1r0,8,0,18,greedy,1,6
C1r0,8,0,18,sloppy,0,3
C1r0,8,0,19,greedy,0,4
C1r0,8,0,19,sloppy,0,3
C1r0,8,100,100,greedy,0,4
C1r0,8,100,100,sloppy,0,5
C1r0,8,100,101,greedy,0,3
C1r0,8,100,101,sloppy,0,3
C1r0,8,100,102,greedy,0,3
C1r0,8,100,102,sloppy,0,3
C1r0,8,100,103,greedy,0,5
C1r0,8,100,103,sloppy,1,6
C1r0,8,100,104,greedy,0,2
C1r0,8,100,104,sloppy,0,2
C1r0,8,100,105,greedy,0,3
C1r0,8,100,105,sloppy,0,3
C1r0,8,100,106,greedy,1,6
C1r0,8,100,106,sloppy,0,5
C1r0,8,100,107,greedy,0,5
C1r0,8,100,107,sloppy,1,6
C1r0,8,100,108,greedy,0,2
C1r0,8,100,108,sloppy,0,2
C1r0,8,100,109,greedy,0,2
C1r0,8,100,109,sloppy,0,3
C1r0,8,100,110,greedy,0,2
C1r0,8,100,110,sloppy,0,1
C1r0,8,100,111,greedy,0,2
C1r0,8,100,111,sloppy,0,2
C1r0,8,100,112,greedy,0,3
C1r0,8,100,112,sloppy,0,4
C1r0,8,100,113,greedy,0,5
C1r0,8,100,113,sloppy,0,4
C1r0,8,100,114,greedy,0,2
C1r0,8,100,114,sloppy,0,2
C1r0,8,100,115,greedy,0,2
C1r0,8,100,115,sloppy,0,3
C1r0,8,100,116,greedy,0,3
C1r0,8,100,116,sloppy,0,1
C1r0,8,100,117,greedy,0,2
C1r0,8,100,117,sloppy,0,2
C1r0,8,100,118,greedy,0,3
C1r0,8,100,118,sloppy,0,3
C1r0,8,100,119,greedy,0,1
C1r0,8,100,119,sloppy,0,1
C1r0,8,120,120,greedy,0,3
C1r0,8,120,120,sloppy,0,3
C1r0,8,120,121,greedy,0,2
C1r0,8,120,121,sloppy,0,2
C1r0,8,120,122,greedy,0,3
C1r0,8,120,122,sloppy,0,5
C1r0,8,120,123,greedy,0,5
C1r0,8,120,123,sloppy,1,6
C1r0,8,120,124,greedy,0,2
C1r0,8,120,124,sloppy,0,2
C1r0,8,120,125,greedy,0,1
C1r0,8,120,125,sloppy,0,3
C1r0,8,120,126,greedy,0,4
C1r0,8,120,126,sloppy,0,2
C1r0,8,120,127,greedy,0,3
C1r0,8,120,127,sloppy,0,3
C1r0,8,120,128,greedy,0,3
C1r0,8,120,128,sloppy,0,3
C1r0,8,120,129,greedy,0,1
C1r0,8,120,129,sloppy,0,5
C1r0,8,120,130,greedy,0,0
C1r0,8,120,130,sloppy,0,2
C1r0,8,120,131,greedy,0,4
C1r0,8,120,131,sloppy,1,6
C1r0,8,120,132,greedy,1,6
C1r0,8,120,132,sloppy,0,3
C1r0,8,120,133,greedy,0,1
C1r0,8,120,133,sloppy,0,3
C1r0,8,120,134,greedy,0,3
C1r0,8,120,134,sloppy,0,3
C1r0,8,120,135,greedy,0,5
C1r0,8,120,135,sloppy,0,4
C1r0,8,120,136,greedy,0,1
C1r0,8,120,136,sloppy,0,1
C1r0,8,120,137,greedy,0,5
C1r0,8,120,137,sloppy,0,5
C1r0,8,120,138,greedy,0,4
C1r0,8,120,138,sloppy,0,4
C1r0,8,120,139,greedy,0,2
C1r0,8,120,139,sloppy,0,2
C1r0,8,140,140,greedy,0,2
C1r0,8,140,140,sloppy,0,2
C1r0,8,140,141,greedy,0,2
C1r0,8,140,141,sloppy,0,2
C1r0,8,140,142,greedy,0,4
C1r0,8,140,142,sloppy,0,3
C1r0,8,140,143,greedy,0,3
C1r0,8,140,143,sloppy,0,3
C1r0,8,140,144,greedy,0,4
C1r0,8,140,144,sloppy,0,2
C1r0,8,140,145,greedy,0,1
C1r0,8,140,145,sloppy,0,2
C1r0,8,140,146,greedy,1,6
C1r0,8,140,146,sloppy,0,5
C1r0,8,140,147,greedy,0,1
C1r0,8,140,147,sloppy,0,1
C1r0,8,140,148,greedy,0,3
C1r0,8,140,148,sloppy,0,4
C1r0,8,140,149,greedy,0,1
C1r0,8,140,149,sloppy,0,2
C1r0,8,140,150,greedy,0,4
C1r0,8,140,150,sloppy,0,3
C1r0,8,140,151,greedy,0,0
C1r0,8,140,151,sloppy,0,3
C1r0,8,140,152,greedy,1,6
C1r0,8,140,152,sloppy,1,6
C1r0,8,140,153,greedy,0,4
C1r0,8,140,153,sloppy,0,1
C1r0,8,140,154,greedy,0,2
C1r0,8,140,154,sloppy,0,2
C1r0,8,140,155,greedy,1,6
C1r0,8,140,155,sloppy,0,1
C1r0,8,140,156,greedy,0,0
C1r0,8,140,156,sloppy,0,0
C1r0,8,140,157,greedy,0,3
C1r0,8,140,157,sloppy,0,5
C1r0,8,140,158,greedy,0,2
C1r0,8,140,158,sloppy,0,3
C1r0,8,140,159,greedy,1,6
C1r0,8,140,159,sloppy,0,1
C1r0,8,20,20,greedy,0,2
C1r0,8,20,20,sloppy,0,2
C1r0,8,20,21,greedy,0,3
C1r0,8,20,21,sloppy,0,4
C1r0,8,20,22,greedy,0,2
C1r0,8,20,22,sloppy,0,0
C1r0,8,20,23,greedy,0,2
C1r0,8,20,23,sloppy,0,1
C1r0,8,20,24,greedy,0,5
C1r0,8,20,24,sloppy,0,3
C1r0,8,20,25,greedy,0,1
C1r0,8,20,25,sloppy,0,5
C1r0,8,20,26,greedy,0,2
C1r0,8,20,26,sloppy,0,2
C1r0,8,20,27,greedy,1,6
C1r0,8,20,27,sloppy,0,0
C1r0,8,20,28,greedy,1,6
C1r0,8,20,28,sloppy,0,3
C1r0,8,20,29,greedy,0,3
C1r0,8,20,29,sloppy,0,3
C1r0,8,20,30,greedy,0,4
C1r0,8,20,30,sloppy,0,1
C1r0,8,20,31,greedy,0,3
C1r0,8,20,31,sloppy,0,3
C1r0,8,20,32,greedy,1,6
C1r0,8,20,32,sloppy,1,6
C1r0,8,20,33,greedy,0,4
C1r0,8,20,33,sloppy,0,4
C1r0,8,20,34,greedy,1,6
C1r0,8,20,34,sloppy,0,4
C1r0,8,20,35,greedy,0,1
C1r0,8,20,35,sloppy,0,2
C1r0,8,20,36,greedy,0,2
C1r0,8,20,36,sloppy,0,2
C1r0,8,20,37,greedy,0,5
C1r0,8,20,37,sloppy,1,6
C1r0,8,20,38,greedy,0,3
C1r0,8,20,38,sloppy,0,2
C1r0,8,20,39,greedy,0,2
C1r0,8,20,39,sloppy,0,2
C1r0,8,40,40,greedy,0,2
C1r0,8,40,40,sloppy,0,3
C1r0,8,40,41,greedy,0,5
C1r0,8,40,41,sloppy,0,3
C1r0,8,40,42,greedy,0,5
C1r0,8,40,42,sloppy,0,4
C1r0,8,40,43,greedy,0,3
C1r0,8,40,43,sloppy,0,3
C1r0,8,40,44,greedy,0,3
C1r0,8,40,44,sloppy,0,2
C1r0,8,40,45,greedy,0,4
C1r0,8,40,45,sloppy,0,4
C1r0,8,40,46,greedy,0,5
C1r0,8,40,46,sloppy,0,5
C1r0,8,40,47,greedy,0,3
C1r0,8,40,47,sloppy,0,5
C1r0,8,40,48,greedy,0,2
C1r0,8,40,48,sloppy,0,2
C1r0,8,40,49,greedy,0,3
C1r0,8,40,49,sloppy,0,3
C1r0,8,40,50,greedy,0,4
C1r0,8,40,50,sloppy,0,2
C1r0,8,40,51,greedy,0,1
C1r0,8,40,51,sloppy,0,0
C1r0,8,40,52,greedy,0,4
C1r0,8,40,52,sloppy,0,1
C1r0,8,40,53,greedy,0,2
C1r0,8,40,53,sloppy,0,2
C1r0,8,40,54,greedy,0,2
C1r0,8,40,54,sloppy,0,2
C1r0,8,40,55,greedy,0,3
C1r0,8,40,55,sloppy,0,2
C1r0,8,40,56,greedy,0,1
C1r0,8,40,56,sloppy,0,1
C1r0,8,40,57,greedy,0,2
C1r0,8,40,57,sloppy,0,3
C1r0,8,40,58,greedy,0,2
C1r0,8,40,58,sloppy,0,2
C1r0,8,40,59,greedy,0,5
C1r0,8,40,59,sloppy,0,2
C1r0,8,60,60,greedy,0,3
C1r0,8,60,60,sloppy,0,2
C1r0,8,60,61,greedy,0,2
C1r0,8,60,61,sloppy,0,5
C1r0,8,60,62,greedy,0,2
C1r0,8,60,62,sloppy,0,2
C1r0,8,60,63,greedy,1,6
C1r0,8,60,63,sloppy,0,3
C1r0,8,60,64,greedy,0,2
C1r0,8,60,64,sloppy,0,1
C1r0,8,60,65,greedy,0,1
C1r0,8,60,65,sloppy,0,1
C1r0,8,60,66,greedy,0,2
C1r0,8,60,66,sloppy,0,2
C1r0,8,60,67,greedy,0,1
C1r0,8,60,67,sloppy,0,2
C1r0,8,60,68,greedy,0,3
C1r0,8,60,68,sloppy,0,2
C1r0,8,60,69,greedy,0,5
C1r0,8,60,69,sloppy,0,3
C1r0,8,60,70,greedy,0,1
C1r0,8,60,70,sloppy,0,1
C1r0,8,60,71,greedy,0,2
C1r0,8,60,71,sloppy,0,2
C1r0,8,60,72,greedy,0,4
C1r0,8,60,72,sloppy,0,4
C1r0,8,60,73,greedy,1,6
C1r0,8,60,73,sloppy,0,5
C1r0,8,60,74,greedy,0,2
C1r0,8,60,74,sloppy,0,2
C1r0,8,60,75,greedy,0,1
C1r0,8,60,75,sloppy,0,5
C1r0,8,60,76,greedy,0,2
C1r0,8,60,76,sloppy,0,2
C1r0,8,60,77,greedy,0,2
C1r0,8,60,77,sloppy,1,6
C1r0,8,60,78,greedy,0,2
C1r0,8,60,78,sloppy,0,2
C1r0,8,60,79,greedy,0,3
C1r0,8,60,79,sloppy,0,2
C1r0,8,80,80,greedy,0,2
C1r0,8,80,80,sloppy,0,1
C1r0,8,80,81,greedy,0,3
C1r0,8,80,81,sloppy,1,6
C1r0,8,80,82,greedy,0,3
C1r0,8,80,82,sloppy,1,6
C1r0,8,80,83,greedy,0,0
C1r0,8,80,83,sloppy,0,3
C1r0,8,80,84,greedy,1,6
C1r0,8,80,84,sloppy,0,3
C1r0,8,80,85,greedy,0,5
C1r0,8,80,85,sloppy,0,5
C1r0,8,80,86,greedy,0,1
C1r0,8,80,86,sloppy,0,1
C1r0,8,80,87,greedy,0,1
C1r0,8,80,87,sloppy,0,1
C1r0,8,80,88,greedy,0,2
C1r0,8,80,88,sloppy,0,2
C1r0,8,80,89,greedy,0,2
C1r0,8,80,89,sloppy,0,3
C1r0,8,80,90,greedy,0,3
C1r0,8,80,90,sloppy,0,0
C1r0,8,80,91,greedy,0,2
C1r0,8,80,91,sloppy,0,3
C1r0,8,80,92,greedy,0,5
C1r0,8,80,92,sloppy,0,4
C1r0,8,80,93,greedy,0,1
C1r0,8,80,93,sloppy,0,1
C1r0,8,80,94,greedy,0,2
C1r0,8,80,94,sloppy,0,2
C1r0,8,80,95,greedy,0,2
C1r0,8,80,95,sloppy,0,1
C1r0,8,80,96,greedy,0,4
C1r0,8,80,96,sloppy,0,4
C1r0,8,80,97,greedy,0,3
C1r0,8,80,97,sloppy,0,4
C1r0,8,80,98,greedy,0,4
C1r0,8,80,98,sloppy,0,4
C1r0,8,80,99,greedy,0,4
C1r0,8,80,99,sloppy,1,6
C1ship,6,0,0,greedy,1,6
C1ship,6,0,0,sloppy,0,2
C1ship,6,0,1,greedy,0,4
C1ship,6,0,1,sloppy,0,4
C1ship,6,0,2,greedy,0,2
C1ship,6,0,2,sloppy,0,5
C1ship,6,0,3,greedy,0,4
C1ship,6,0,3,sloppy,0,4
C1ship,6,0,4,greedy,0,3
C1ship,6,0,4,sloppy,0,3
C1ship,6,0,5,greedy,0,5
C1ship,6,0,5,sloppy,0,5
C1ship,6,0,6,greedy,0,3
C1ship,6,0,6,sloppy,1,6
C1ship,6,0,7,greedy,0,4
C1ship,6,0,7,sloppy,0,3
C1ship,6,0,8,greedy,0,3
C1ship,6,0,8,sloppy,0,3
C1ship,6,0,9,greedy,0,2
C1ship,6,0,9,sloppy,0,3
C1ship,6,0,10,greedy,1,6
C1ship,6,0,10,sloppy,0,1
C1ship,6,0,11,greedy,0,2
C1ship,6,0,11,sloppy,0,2
C1ship,6,0,12,greedy,0,2
C1ship,6,0,12,sloppy,0,3
C1ship,6,0,13,greedy,0,2
C1ship,6,0,13,sloppy,0,2
C1ship,6,0,14,greedy,0,3
C1ship,6,0,14,sloppy,0,3
C1ship,6,0,15,greedy,0,5
C1ship,6,0,15,sloppy,0,5
C1ship,6,0,16,greedy,0,1
C1ship,6,0,16,sloppy,0,1
C1ship,6,0,17,greedy,1,6
C1ship,6,0,17,sloppy,0,5
C1ship,6,0,18,greedy,0,5
C1ship,6,0,18,sloppy,1,6
C1ship,6,0,19,greedy,0,3
C1ship,6,0,19,sloppy,0,3
C1ship,6,100,100,greedy,0,5
C1ship,6,100,100,sloppy,1,6
C1ship,6,100,101,greedy,0,3
C1ship,6,100,101,sloppy,0,4
C1ship,6,100,102,greedy,0,3
C1ship,6,100,102,sloppy,0,4
C1ship,6,100,103,greedy,0,5
C1ship,6,100,103,sloppy,1,6
C1ship,6,100,104,greedy,0,2
C1ship,6,100,104,sloppy,0,2
C1ship,6,100,105,greedy,0,3
C1ship,6,100,105,sloppy,0,1
C1ship,6,100,106,greedy,0,3
C1ship,6,100,106,sloppy,0,5
C1ship,6,100,107,greedy,0,3
C1ship,6,100,107,sloppy,0,3
C1ship,6,100,108,greedy,0,2
C1ship,6,100,108,sloppy,0,2
C1ship,6,100,109,greedy,0,2
C1ship,6,100,109,sloppy,0,4
C1ship,6,100,110,greedy,0,3
C1ship,6,100,110,sloppy,0,1
C1ship,6,100,111,greedy,0,2
C1ship,6,100,111,sloppy,0,2
C1ship,6,100,112,greedy,0,4
C1ship,6,100,112,sloppy,0,4
C1ship,6,100,113,greedy,0,5
C1ship,6,100,113,sloppy,0,4
C1ship,6,100,114,greedy,1,6
C1ship,6,100,114,sloppy,0,2
C1ship,6,100,115,greedy,0,2
C1ship,6,100,115,sloppy,0,2
C1ship,6,100,116,greedy,0,1
C1ship,6,100,116,sloppy,0,1
C1ship,6,100,117,greedy,0,2
C1ship,6,100,117,sloppy,0,2
C1ship,6,100,118,greedy,0,5
C1ship,6,100,118,sloppy,0,5
C1ship,6,100,119,greedy,0,2
C1ship,6,100,119,sloppy,0,4
C1ship,6,120,120,greedy,0,3
C1ship,6,120,120,sloppy,0,3
C1ship,6,120,121,greedy,0,2
C1ship,6,120,121,sloppy,0,2
C1ship,6,120,122,greedy,0,5
C1ship,6,120,122,sloppy,0,3
C1ship,6,120,123,greedy,1,6
C1ship,6,120,123,sloppy,1,6
C1ship,6,120,124,greedy,0,2
C1ship,6,120,124,sloppy,0,2
C1ship,6,120,125,greedy,0,1
C1ship,6,120,125,sloppy,0,1
C1ship,6,120,126,greedy,0,1
C1ship,6,120,126,sloppy,0,4
C1ship,6,120,127,greedy,1,6
C1ship,6,120,127,sloppy,0,3
C1ship,6,120,128,greedy,0,3
C1ship,6,120,128,sloppy,1,6
C1ship,6,120,129,greedy,0,5
C1ship,6,120,129,sloppy,0,5
C1ship,6,120,130,greedy,0,0
C1ship,6,120,130,sloppy,0,2
C1ship,6,120,131,greedy,1,6
C1ship,6,120,131,sloppy,1,6
C1ship,6,120,132,greedy,0,5
C1ship,6,120,132,sloppy,0,3
C1ship,6,120,133,greedy,0,5
C1ship,6,120,133,sloppy,0,3
C1ship,6,120,134,greedy,0,5
C1ship,6,120,134,sloppy,0,3
C1ship,6,120,135,greedy,0,5
C1ship,6,120,135,sloppy,1,6
C1ship,6,120,136,greedy,0,4
C1ship,6,120,136,sloppy,0,1
C1ship,6,120,137,greedy,0,5
C1ship,6,120,137,sloppy,0,5
C1ship,6,120,138,greedy,0,4
C1ship,6,120,138,sloppy,0,4
C1ship,6,120,139,greedy,0,2
C1ship,6,120,139,sloppy,0,2
C1ship,6,140,140,greedy,0,2
C1ship,6,140,140,sloppy,0,2
C1ship,6,140,141,greedy,0,2
C1ship,6,140,141,sloppy,0,2
C1ship,6,140,142,greedy,0,3
C1ship,6,140,142,sloppy,0,3
C1ship,6,140,143,greedy,1,6
C1ship,6,140,143,sloppy,1,6
C1ship,6,140,144,greedy,0,4
C1ship,6,140,144,sloppy,0,5
C1ship,6,140,145,greedy,0,2
C1ship,6,140,145,sloppy,0,5
C1ship,6,140,146,greedy,1,6
C1ship,6,140,146,sloppy,0,1
C1ship,6,140,147,greedy,0,5
C1ship,6,140,147,sloppy,1,6
C1ship,6,140,148,greedy,0,4
C1ship,6,140,148,sloppy,0,4
C1ship,6,140,149,greedy,1,6
C1ship,6,140,149,sloppy,0,3
C1ship,6,140,150,greedy,0,3
C1ship,6,140,150,sloppy,0,5
C1ship,6,140,151,greedy,0,0
C1ship,6,140,151,sloppy,0,5
C1ship,6,140,152,greedy,1,6
C1ship,6,140,152,sloppy,1,6
C1ship,6,140,153,greedy,0,5
C1ship,6,140,153,sloppy,0,5
C1ship,6,140,154,greedy,0,2
C1ship,6,140,154,sloppy,0,2
C1ship,6,140,155,greedy,0,3
C1ship,6,140,155,sloppy,0,3
C1ship,6,140,156,greedy,0,0
C1ship,6,140,156,sloppy,0,0
C1ship,6,140,157,greedy,1,6
C1ship,6,140,157,sloppy,0,3
C1ship,6,140,158,greedy,0,2
C1ship,6,140,158,sloppy,1,6
C1ship,6,140,159,greedy,0,1
C1ship,6,140,159,sloppy,0,5
C1ship,6,20,20,greedy,0,2
C1ship,6,20,20,sloppy,0,2
C1ship,6,20,21,greedy,0,4
C1ship,6,20,21,sloppy,0,4
C1ship,6,20,22,greedy,0,3
C1ship,6,20,22,sloppy,0,0
C1ship,6,20,23,greedy,0,1
C1ship,6,20,23,sloppy,0,2
C1ship,6,20,24,greedy,0,3
C1ship,6,20,24,sloppy,0,3
C1ship,6,20,25,greedy,0,1
C1ship,6,20,25,sloppy,0,5
C1ship,6,20,26,greedy,0,2
C1ship,6,20,26,sloppy,0,2
C1ship,6,20,27,greedy,0,4
C1ship,6,20,27,sloppy,0,4
C1ship,6,20,28,greedy,0,3
C1ship,6,20,28,sloppy,0,3
C1ship,6,20,29,greedy,0,1
C1ship,6,20,29,sloppy,0,1
C1ship,6,20,30,greedy,0,1
C1ship,6,20,30,sloppy,0,4
C1ship,6,20,31,greedy,0,5
C1ship,6,20,31,sloppy,0,3
C1ship,6,20,32,greedy,0,3
C1ship,6,20,32,sloppy,0,5
C1ship,6,20,33,greedy,0,3
C1ship,6,20,33,sloppy,1,6
C1ship,6,20,34,greedy,0,4
C1ship,6,20,34,sloppy,0,4
C1ship,6,20,35,greedy,0,2
C1ship,6,20,35,sloppy,0,2
C1ship,6,20,36,greedy,0,5
C1ship,6,20,36,sloppy,0,2
C1ship,6,20,37,greedy,1,6
C1ship,6,20,37,sloppy,0,4
C1ship,6,20,38,greedy,0,4
C1ship,6,20,38,sloppy,0,5
C1ship,6,20,39,greedy,0,2
C1ship,6,20,39,sloppy,0,2
C1ship,6,40,40,greedy,0,5
C1ship,6,40,40,sloppy,0,5
C1ship,6,40,41,greedy,0,3
C1ship,6,40,41,sloppy,0,5
C1ship,6,40,42,greedy,0,5
C1ship,6,40,42,sloppy,1,6
C1ship,6,40,43,greedy,0,4
C1ship,6,40,43,sloppy,0,3
C1ship,6,40,44,greedy,0,3
C1ship,6,40,44,sloppy,0,2
C1ship,6,40,45,greedy,0,4
C1ship,6,40,45,sloppy,0,4
C1ship,6,40,46,greedy,0,5
C1ship,6,40,46,sloppy,0,5
C1ship,6,40,47,greedy,0,3
C1ship,6,40,47,sloppy,0,3
C1ship,6,40,48,greedy,0,2
C1ship,6,40,48,sloppy,0,2
C1ship,6,40,49,greedy,0,5
C1ship,6,40,49,sloppy,0,3
C1ship,6,40,50,greedy,0,2
C1ship,6,40,50,sloppy,0,4
C1ship,6,40,51,greedy,0,1
C1ship,6,40,51,sloppy,0,0
C1ship,6,40,52,greedy,0,5
C1ship,6,40,52,sloppy,0,5
C1ship,6,40,53,greedy,0,3
C1ship,6,40,53,sloppy,0,2
C1ship,6,40,54,greedy,0,5
C1ship,6,40,54,sloppy,0,5
C1ship,6,40,55,greedy,0,4
C1ship,6,40,55,sloppy,0,2
C1ship,6,40,56,greedy,0,1
C1ship,6,40,56,sloppy,1,6
C1ship,6,40,57,greedy,0,2
C1ship,6,40,57,sloppy,0,2
C1ship,6,40,58,greedy,0,2
C1ship,6,40,58,sloppy,1,6
C1ship,6,40,59,greedy,0,5
C1ship,6,40,59,sloppy,0,5
C1ship,6,60,60,greedy,0,5
C1ship,6,60,60,sloppy,0,2
C1ship,6,60,61,greedy,0,2
C1ship,6,60,61,sloppy,0,4
C1ship,6,60,62,greedy,0,2
C1ship,6,60,62,sloppy,0,2
C1ship,6,60,63,greedy,0,1
C1ship,6,60,63,sloppy,0,3
C1ship,6,60,64,greedy,0,3
C1ship,6,60,64,sloppy,0,1
C1ship,6,60,65,greedy,0,2
C1ship,6,60,65,sloppy,0,2
C1ship,6,60,66,greedy,0,5
C1ship,6,60,66,sloppy,1,6
C1ship,6,60,67,greedy,0,1
C1ship,6,60,67,sloppy,0,1
C1ship,6,60,68,greedy,0,5
C1ship,6,60,68,sloppy,0,2
C1ship,6,60,69,greedy,0,2
C1ship,6,60,69,sloppy,0,4
C1ship,6,60,70,greedy,0,1
C1ship,6,60,70,sloppy,0,4
C1ship,6,60,71,greedy,0,2
C1ship,6,60,71,sloppy,0,2
C1ship,6,60,72,greedy,0,5
C1ship,6,60,72,sloppy,0,5
C1ship,6,60,73,greedy,0,5
C1ship,6,60,73,sloppy,0,5
C1ship,6,60,74,greedy,0,2
C1ship,6,60,74,sloppy,0,2
C1ship,6,60,75,greedy,0,5
C1ship,6,60,75,sloppy,0,5
C1ship,6,60,76,greedy,0,2
C1ship,6,60,76,sloppy,0,2
C1ship,6,60,77,greedy,0,2
C1ship,6,60,77,sloppy,1,6
C1ship,6,60,78,greedy,0,2
C1ship,6,60,78,sloppy,1,6
C1ship,6,60,79,greedy,0,5
C1ship,6,60,79,sloppy,0,2
C1ship,6,80,80,greedy,0,5
C1ship,6,80,80,sloppy,0,5
C1ship,6,80,81,greedy,0,3
C1ship,6,80,81,sloppy,0,3
C1ship,6,80,82,greedy,0,3
C1ship,6,80,82,sloppy,0,3
C1ship,6,80,83,greedy,0,0
C1ship,6,80,83,sloppy,0,3
C1ship,6,80,84,greedy,0,3
C1ship,6,80,84,sloppy,0,3
C1ship,6,80,85,greedy,0,5
C1ship,6,80,85,sloppy,1,6
C1ship,6,80,86,greedy,0,4
C1ship,6,80,86,sloppy,0,5
C1ship,6,80,87,greedy,0,1
C1ship,6,80,87,sloppy,0,1
C1ship,6,80,88,greedy,0,2
C1ship,6,80,88,sloppy,0,2
C1ship,6,80,89,greedy,0,4
C1ship,6,80,89,sloppy,0,2
C1ship,6,80,90,greedy,0,3
C1ship,6,80,90,sloppy,0,0
C1ship,6,80,91,greedy,1,6
C1ship,6,80,91,sloppy,0,4
C1ship,6,80,92,greedy,0,5
C1ship,6,80,92,sloppy,0,4
C1ship,6,80,93,greedy,0,1
C1ship,6,80,93,sloppy,0,3
C1ship,6,80,94,greedy,0,2
C1ship,6,80,94,sloppy,0,2
C1ship,6,80,95,greedy,1,6
C1ship,6,80,95,sloppy,0,1
C1ship,6,80,96,greedy,0,4
C1ship,6,80,96,sloppy,0,5
C1ship,6,80,97,greedy,0,4
C1ship,6,80,97,sloppy,0,4
C1ship,6,80,98,greedy,0,4
C1ship,6,80,98,sloppy,0,2
C1ship,6,80,99,greedy,0,3
C1ship,6,80,99,sloppy,1,6
C1ship,8,0,0,greedy,0,1
C1ship,8,0,0,sloppy,0,2
C1ship,8,0,1,greedy,0,2
C1ship,8,0,1,sloppy,0,5
C1ship,8,0,2,greedy,0,2
C1ship,8,0,2,sloppy,0,2
C1ship,8,0,3,greedy,0,4
C1ship,8,0,3,sloppy,0,4
C1ship,8,0,4,greedy,0,3
C1ship,8,0,4,sloppy,0,3
C1ship,8,0,5,greedy,0,4
C1ship,8,0,5,sloppy,0,1
C1ship,8,0,6,greedy,0,1
C1ship,8,0,6,sloppy,0,3
C1ship,8,0,7,greedy,0,2
C1ship,8,0,7,sloppy,0,2
C1ship,8,0,8,greedy,0,3
C1ship,8,0,8,sloppy,0,3
C1ship,8,0,9,greedy,0,2
C1ship,8,0,9,sloppy,0,3
C1ship,8,0,10,greedy,0,1
C1ship,8,0,10,sloppy,0,1
C1ship,8,0,11,greedy,0,2
C1ship,8,0,11,sloppy,0,2
C1ship,8,0,12,greedy,0,2
C1ship,8,0,12,sloppy,0,3
C1ship,8,0,13,greedy,0,5
C1ship,8,0,13,sloppy,0,5
C1ship,8,0,14,greedy,0,5
C1ship,8,0,14,sloppy,0,5
C1ship,8,0,15,greedy,1,6
C1ship,8,0,15,sloppy,0,3
C1ship,8,0,16,greedy,0,1
C1ship,8,0,16,sloppy,0,3
C1ship,8,0,17,greedy,0,4
C1ship,8,0,17,sloppy,0,4
C1ship,8,0,18,greedy,1,6
C1ship,8,0,18,sloppy,0,3
C1ship,8,0,19,greedy,0,4
C1ship,8,0,19,sloppy,0,3
C1ship,8,100,100,greedy,0,4
C1ship,8,100,100,sloppy,0,5
C1ship,8,100,101,greedy,0,3
C1ship,8,100,101,sloppy,0,3
C1ship,8,100,102,greedy,0,3
C1ship,8,100,102,sloppy,0,3
C1ship,8,100,103,greedy,0,5
C1ship,8,100,103,sloppy,1,6
C1ship,8,100,104,greedy,0,2
C1ship,8,100,104,sloppy,0,2
C1ship,8,100,105,greedy,0,3
C1ship,8,100,105,sloppy,0,3
C1ship,8,100,106,greedy,1,6
C1ship,8,100,106,sloppy,0,5
C1ship,8,100,107,greedy,0,5
C1ship,8,100,107,sloppy,1,6
C1ship,8,100,108,greedy,0,2
C1ship,8,100,108,sloppy,0,2
C1ship,8,100,109,greedy,0,2
C1ship,8,100,109,sloppy,0,3
C1ship,8,100,110,greedy,0,2
C1ship,8,100,110,sloppy,0,1
C1ship,8,100,111,greedy,0,2
C1ship,8,100,111,sloppy,0,2
C1ship,8,100,112,greedy,0,3
C1ship,8,100,112,sloppy,0,4
C1ship,8,100,113,greedy,0,5
C1ship,8,100,113,sloppy,0,4
C1ship,8,100,114,greedy,0,2
C1ship,8,100,114,sloppy,0,2
C1ship,8,100,115,greedy,0,2
C1ship,8,100,115,sloppy,0,3
C1ship,8,100,116,greedy,0,3
C1ship,8,100,116,sloppy,0,1
C1ship,8,100,117,greedy,0,2
C1ship,8,100,117,sloppy,0,2
C1ship,8,100,118,greedy,0,3
C1ship,8,100,118,sloppy,0,3
C1ship,8,100,119,greedy,0,1
C1ship,8,100,119,sloppy,0,1
C1ship,8,120,120,greedy,0,3
C1ship,8,120,120,sloppy,0,3
C1ship,8,120,121,greedy,0,2
C1ship,8,120,121,sloppy,0,2
C1ship,8,120,122,greedy,0,3
C1ship,8,120,122,sloppy,0,5
C1ship,8,120,123,greedy,0,5
C1ship,8,120,123,sloppy,1,6
C1ship,8,120,124,greedy,0,2
C1ship,8,120,124,sloppy,0,2
C1ship,8,120,125,greedy,0,1
C1ship,8,120,125,sloppy,0,3
C1ship,8,120,126,greedy,0,4
C1ship,8,120,126,sloppy,0,2
C1ship,8,120,127,greedy,0,3
C1ship,8,120,127,sloppy,0,3
C1ship,8,120,128,greedy,0,3
C1ship,8,120,128,sloppy,0,3
C1ship,8,120,129,greedy,0,1
C1ship,8,120,129,sloppy,0,5
C1ship,8,120,130,greedy,0,0
C1ship,8,120,130,sloppy,0,2
C1ship,8,120,131,greedy,0,4
C1ship,8,120,131,sloppy,1,6
C1ship,8,120,132,greedy,1,6
C1ship,8,120,132,sloppy,0,3
C1ship,8,120,133,greedy,0,1
C1ship,8,120,133,sloppy,0,3
C1ship,8,120,134,greedy,0,3
C1ship,8,120,134,sloppy,0,3
C1ship,8,120,135,greedy,0,5
C1ship,8,120,135,sloppy,0,4
C1ship,8,120,136,greedy,0,1
C1ship,8,120,136,sloppy,0,1
C1ship,8,120,137,greedy,0,5
C1ship,8,120,137,sloppy,0,5
C1ship,8,120,138,greedy,0,4
C1ship,8,120,138,sloppy,0,4
C1ship,8,120,139,greedy,0,2
C1ship,8,120,139,sloppy,0,2
C1ship,8,140,140,greedy,0,2
C1ship,8,140,140,sloppy,0,2
C1ship,8,140,141,greedy,0,2
C1ship,8,140,141,sloppy,0,2
C1ship,8,140,142,greedy,0,4
C1ship,8,140,142,sloppy,0,3
C1ship,8,140,143,greedy,0,3
C1ship,8,140,143,sloppy,0,3
C1ship,8,140,144,greedy,0,4
C1ship,8,140,144,sloppy,0,2
C1ship,8,140,145,greedy,0,1
C1ship,8,140,145,sloppy,0,2
C1ship,8,140,146,greedy,1,6
C1ship,8,140,146,sloppy,0,5
C1ship,8,140,147,greedy,0,1
C1ship,8,140,147,sloppy,0,1
C1ship,8,140,148,greedy,0,3
C1ship,8,140,148,sloppy,0,4
C1ship,8,140,149,greedy,0,1
C1ship,8,140,149,sloppy,0,2
C1ship,8,140,150,greedy,0,4
C1ship,8,140,150,sloppy,0,3
C1ship,8,140,151,greedy,0,0
C1ship,8,140,151,sloppy,0,3
C1ship,8,140,152,greedy,1,6
C1ship,8,140,152,sloppy,1,6
C1ship,8,140,153,greedy,0,4
C1ship,8,140,153,sloppy,0,1
C1ship,8,140,154,greedy,0,2
C1ship,8,140,154,sloppy,0,2
C1ship,8,140,155,greedy,1,6
C1ship,8,140,155,sloppy,0,1
C1ship,8,140,156,greedy,0,0
C1ship,8,140,156,sloppy,0,0
C1ship,8,140,157,greedy,0,3
C1ship,8,140,157,sloppy,0,5
C1ship,8,140,158,greedy,0,2
C1ship,8,140,158,sloppy,0,3
C1ship,8,140,159,greedy,1,6
C1ship,8,140,159,sloppy,0,1
C1ship,8,20,20,greedy,0,2
C1ship,8,20,20,sloppy,0,2
C1ship,8,20,21,greedy,0,3
C1ship,8,20,21,sloppy,0,4
C1ship,8,20,22,greedy,0,2
C1ship,8,20,22,sloppy,0,0
C1ship,8,20,23,greedy,0,2
C1ship,8,20,23,sloppy,0,1
C1ship,8,20,24,greedy,0,5
C1ship,8,20,24,sloppy,0,3
C1ship,8,20,25,greedy,0,1
C1ship,8,20,25,sloppy,0,5
C1ship,8,20,26,greedy,0,2
C1ship,8,20,26,sloppy,0,2
C1ship,8,20,27,greedy,1,6
C1ship,8,20,27,sloppy,0,0
C1ship,8,20,28,greedy,1,6
C1ship,8,20,28,sloppy,0,3
C1ship,8,20,29,greedy,0,3
C1ship,8,20,29,sloppy,0,3
C1ship,8,20,30,greedy,0,4
C1ship,8,20,30,sloppy,0,1
C1ship,8,20,31,greedy,0,3
C1ship,8,20,31,sloppy,0,3
C1ship,8,20,32,greedy,1,6
C1ship,8,20,32,sloppy,1,6
C1ship,8,20,33,greedy,0,4
C1ship,8,20,33,sloppy,0,4
C1ship,8,20,34,greedy,1,6
C1ship,8,20,34,sloppy,0,4
C1ship,8,20,35,greedy,0,1
C1ship,8,20,35,sloppy,0,2
C1ship,8,20,36,greedy,0,2
C1ship,8,20,36,sloppy,0,2
C1ship,8,20,37,greedy,0,5
C1ship,8,20,37,sloppy,1,6
C1ship,8,20,38,greedy,0,3
C1ship,8,20,38,sloppy,0,2
C1ship,8,20,39,greedy,0,2
C1ship,8,20,39,sloppy,0,2
C1ship,8,40,40,greedy,0,2
C1ship,8,40,40,sloppy,0,3
C1ship,8,40,41,greedy,0,5
C1ship,8,40,41,sloppy,0,3
C1ship,8,40,42,greedy,0,5
C1ship,8,40,42,sloppy,0,4
C1ship,8,40,43,greedy,0,3
C1ship,8,40,43,sloppy,0,3
C1ship,8,40,44,greedy,0,3
C1ship,8,40,44,sloppy,0,2
C1ship,8,40,45,greedy,0,4
C1ship,8,40,45,sloppy,0,4
C1ship,8,40,46,greedy,0,5
C1ship,8,40,46,sloppy,0,5
C1ship,8,40,47,greedy,0,3
C1ship,8,40,47,sloppy,0,5
C1ship,8,40,48,greedy,0,2
C1ship,8,40,48,sloppy,0,2
C1ship,8,40,49,greedy,0,3
C1ship,8,40,49,sloppy,0,3
C1ship,8,40,50,greedy,0,4
C1ship,8,40,50,sloppy,0,2
C1ship,8,40,51,greedy,0,1
C1ship,8,40,51,sloppy,0,0
C1ship,8,40,52,greedy,0,4
C1ship,8,40,52,sloppy,0,1
C1ship,8,40,53,greedy,0,2
C1ship,8,40,53,sloppy,0,2
C1ship,8,40,54,greedy,0,2
C1ship,8,40,54,sloppy,0,2
C1ship,8,40,55,greedy,0,3
C1ship,8,40,55,sloppy,0,2
C1ship,8,40,56,greedy,0,1
C1ship,8,40,56,sloppy,0,1
C1ship,8,40,57,greedy,0,2
C1ship,8,40,57,sloppy,0,3
C1ship,8,40,58,greedy,0,2
C1ship,8,40,58,sloppy,0,2
C1ship,8,40,59,greedy,0,5
C1ship,8,40,59,sloppy,0,2
C1ship,8,60,60,greedy,0,3
C1ship,8,60,60,sloppy,0,2
C1ship,8,60,61,greedy,0,2
C1ship,8,60,61,sloppy,0,5
C1ship,8,60,62,greedy,0,2
C1ship,8,60,62,sloppy,0,2
C1ship,8,60,63,greedy,1,6
C1ship,8,60,63,sloppy,0,3
C1ship,8,60,64,greedy,0,2
C1ship,8,60,64,sloppy,0,1
C1ship,8,60,65,greedy,0,1
C1ship,8,60,65,sloppy,0,1
C1ship,8,60,66,greedy,0,2
C1ship,8,60,66,sloppy,0,2
C1ship,8,60,67,greedy,0,1
C1ship,8,60,67,sloppy,0,2
C1ship,8,60,68,greedy,0,3
C1ship,8,60,68,sloppy,0,2
C1ship,8,60,69,greedy,0,5
C1ship,8,60,69,sloppy,0,3
C1ship,8,60,70,greedy,0,1
C1ship,8,60,70,sloppy,0,1
C1ship,8,60,71,greedy,0,2
C1ship,8,60,71,sloppy,0,2
C1ship,8,60,72,greedy,0,4
C1ship,8,60,72,sloppy,0,4
C1ship,8,60,73,greedy,1,6
C1ship,8,60,73,sloppy,0,5
C1ship,8,60,74,greedy,0,2
C1ship,8,60,74,sloppy,0,2
C1ship,8,60,75,greedy,0,1
C1ship,8,60,75,sloppy,0,5
C1ship,8,60,76,greedy,0,2
C1ship,8,60,76,sloppy,0,2
C1ship,8,60,77,greedy,0,2
C1ship,8,60,77,sloppy,1,6
C1ship,8,60,78,greedy,0,2
C1ship,8,60,78,sloppy,0,2
C1ship,8,60,79,greedy,0,3
C1ship,8,60,79,sloppy,0,2
C1ship,8,80,80,greedy,0,2
C1ship,8,80,80,sloppy,0,1
C1ship,8,80,81,greedy,0,3
C1ship,8,80,81,sloppy,1,6
C1ship,8,80,82,greedy,0,3
C1ship,8,80,82,sloppy,1,6
C1ship,8,80,83,greedy,0,0
C1ship,8,80,83,sloppy,0,3
C1ship,8,80,84,greedy,1,6
C1ship,8,80,84,sloppy,0,3
C1ship,8,80,85,greedy,0,5
C1ship,8,80,85,sloppy,0,5
C1ship,8,80,86,greedy,0,1
C1ship,8,80,86,sloppy,0,1
C1ship,8,80,87,greedy,0,1
C1ship,8,80,87,sloppy,0,1
C1ship,8,80,88,greedy,0,2
C1ship,8,80,88,sloppy,0,2
C1ship,8,80,89,greedy,0,2
C1ship,8,80,89,sloppy,0,3
C1ship,8,80,90,greedy,0,3
C1ship,8,80,90,sloppy,0,0
C1ship,8,80,91,greedy,0,2
C1ship,8,80,91,sloppy,0,3
C1ship,8,80,92,greedy,0,5
C1ship,8,80,92,sloppy,0,4
C1ship,8,80,93,greedy,0,1
C1ship,8,80,93,sloppy,0,1
C1ship,8,80,94,greedy,0,2
C1ship,8,80,94,sloppy,0,2
C1ship,8,80,95,greedy,0,2
C1ship,8,80,95,sloppy,0,1
C1ship,8,80,96,greedy,0,4
C1ship,8,80,96,sloppy,0,4
C1ship,8,80,97,greedy,0,3
C1ship,8,80,97,sloppy,0,4
C1ship,8,80,98,greedy,0,4
C1ship,8,80,98,sloppy,0,4
C1ship,8,80,99,greedy,0,4
C1ship,8,80,99,sloppy,1,6
